Kết quả kinh doanh,Năm,Giá trị
Doanh thu của các cơ sở lưu trú (Tỷ đồng),2000,3268.5
Doanh thu của các cơ sở lưu trú (Tỷ đồng),2001,3860.4
Doanh thu của các cơ sở lưu trú (Tỷ đồng),2002,5425.5
Doanh thu của các cơ sở lưu trú (Tỷ đồng),2003,6016.6
Doanh thu của các cơ sở lưu trú (Tỷ đồng),2004,7432.4
Doanh thu của các cơ sở lưu trú (Tỷ đồng),2005,9932.1
Doanh thu của các cơ sở lưu trú (Tỷ đồng),2006,11427.3
Doanh thu của các cơ sở lưu trú (Tỷ đồng),2007,14568.1
Doanh thu của các cơ sở lưu trú (Tỷ đồng),2008,18335.8
Doanh thu của các cơ sở lưu trú (Tỷ đồng),2009,23780.8
Doanh thu của các cơ sở lưu trú (Tỷ đồng),2010,28907.8
Doanh thu của các cơ sở lưu trú (Tỷ đồng),2011,34097.8
Doanh thu của các cơ sở lưu trú (Tỷ đồng),2012,37439.6
Doanh thu của các cơ sở lưu trú (Tỷ đồng),2013,34822.1
Doanh thu của các cơ sở lưu trú (Tỷ đồng),2014,39047.5
Doanh thu của các cơ sở lưu trú (Tỷ đồng),2015,44711.5
Doanh thu của các cơ sở lưu trú (Tỷ đồng),2016,48524.6
Doanh thu của các cơ sở lưu trú (Tỷ đồng),2017,54383.3
Doanh thu của các cơ sở lưu trú (Tỷ đồng),2018,59202.2
Doanh thu của các cơ sở lưu trú (Tỷ đồng),2019,67019.3
Doanh thu của các cơ sở lưu trú (Tỷ đồng),2020,38604.60773236613
Doanh thu của các cơ sở lưu trú (Tỷ đồng),2021,23690.43674506686
Doanh thu của các cơ sở lưu trú (Tỷ đồng),2022,57696.65566157679
Doanh thu của các cơ sở lưu trú (Tỷ đồng),2023,76921.5134122771
Doanh thu của các cơ sở lưu trú (Tỷ đồng),Sơ bộ 2024,94101.41366635587
Doanh thu của các cơ sở lữ hành (Tỷ đồng),2000,1190
Doanh thu của các cơ sở lữ hành (Tỷ đồng),2001,2009
Doanh thu của các cơ sở lữ hành (Tỷ đồng),2002,2430.4
Doanh thu của các cơ sở lữ hành (Tỷ đồng),2003,2633.2
Doanh thu của các cơ sở lữ hành (Tỷ đồng),2004,3302.1
Doanh thu của các cơ sở lữ hành (Tỷ đồng),2005,4761.2
Doanh thu của các cơ sở lữ hành (Tỷ đồng),2006,5304.7
Doanh thu của các cơ sở lữ hành (Tỷ đồng),2007,7712
Doanh thu của các cơ sở lữ hành (Tỷ đồng),2008,8409.6
Doanh thu của các cơ sở lữ hành (Tỷ đồng),2009,10278.4
Doanh thu của các cơ sở lữ hành (Tỷ đồng),2010,15539.3
Doanh thu của các cơ sở lữ hành (Tỷ đồng),2011,18091.6
Doanh thu của các cơ sở lữ hành (Tỷ đồng),2012,18852.9
Doanh thu của các cơ sở lữ hành (Tỷ đồng),2013,24820.6
Doanh thu của các cơ sở lữ hành (Tỷ đồng),2014,27799.4
Doanh thu của các cơ sở lữ hành (Tỷ đồng),2015,30444.1
Doanh thu của các cơ sở lữ hành (Tỷ đồng),2016,32530.3
Doanh thu của các cơ sở lữ hành (Tỷ đồng),2017,36111.8
Doanh thu của các cơ sở lữ hành (Tỷ đồng),2018,40371.2
Doanh thu của các cơ sở lữ hành (Tỷ đồng),2019,44669.90000000001
Doanh thu của các cơ sở lữ hành (Tỷ đồng),2020,16492.03117684911
Doanh thu của các cơ sở lữ hành (Tỷ đồng),2021,8998.841837037206
Doanh thu của các cơ sở lữ hành (Tỷ đồng),2022,43505.50996945329
Doanh thu của các cơ sở lữ hành (Tỷ đồng),2023,64035.79412091208
Doanh thu của các cơ sở lữ hành (Tỷ đồng),Sơ bộ 2024,78990.46791083239
Khách do các cơ sở lưu trú phục vụ (Nghìn lượt khách),2000,10330
Khách do các cơ sở lưu trú phục vụ (Nghìn lượt khách),2001,14092
Khách do các cơ sở lưu trú phục vụ (Nghìn lượt khách),2002,19610.6
Khách do các cơ sở lưu trú phục vụ (Nghìn lượt khách),2003,20684.2
Khách do các cơ sở lưu trú phục vụ (Nghìn lượt khách),2004,24102.2
Khách do các cơ sở lưu trú phục vụ (Nghìn lượt khách),2005,26905.1
Khách do các cơ sở lưu trú phục vụ (Nghìn lượt khách),2006,28107.3
Khách do các cơ sở lưu trú phục vụ (Nghìn lượt khách),2007,35058.9
Khách do các cơ sở lưu trú phục vụ (Nghìn lượt khách),2008,40351.9
Khách do các cơ sở lưu trú phục vụ (Nghìn lượt khách),2009,54323.4
Khách do các cơ sở lưu trú phục vụ (Nghìn lượt khách),2010,66535.2
Khách do các cơ sở lưu trú phục vụ (Nghìn lượt khách),2011,71216.3
Khách do các cơ sở lưu trú phục vụ (Nghìn lượt khách),2012,79680
Khách do các cơ sở lưu trú phục vụ (Nghìn lượt khách),2013,87432.9
Khách do các cơ sở lưu trú phục vụ (Nghìn lượt khách),2014,100441.5
Khách do các cơ sở lưu trú phục vụ (Nghìn lượt khách),2015,114011
Khách do các cơ sở lưu trú phục vụ (Nghìn lượt khách),2016,129735.2
Khách do các cơ sở lưu trú phục vụ (Nghìn lượt khách),2017,146585.2
Khách do các cơ sở lưu trú phục vụ (Nghìn lượt khách),2018,159640.6
Khách do các cơ sở lưu trú phục vụ (Nghìn lượt khách),2019,179365.489945
Khách do các cơ sở lưu trú phục vụ (Nghìn lượt khách),2020,85297.749
Khách do các cơ sở lưu trú phục vụ (Nghìn lượt khách),2021,63602.70715923285
Khách do các cơ sở lưu trú phục vụ (Nghìn lượt khách),2022,157160.6393167194
Khách do các cơ sở lưu trú phục vụ (Nghìn lượt khách),2023,214767.007300296
Khách do các cơ sở lưu trú phục vụ (Nghìn lượt khách),Sơ bộ 2024,251896.8174292539
     Khách du lịch nghỉ qua đêm (Nghìn lượt khách),2000,
     Khách du lịch nghỉ qua đêm (Nghìn lượt khách),2001,
     Khách du lịch nghỉ qua đêm (Nghìn lượt khách),2002,
     Khách du lịch nghỉ qua đêm (Nghìn lượt khách),2003,
     Khách du lịch nghỉ qua đêm (Nghìn lượt khách),2004,
     Khách du lịch nghỉ qua đêm (Nghìn lượt khách),2005,
     Khách du lịch nghỉ qua đêm (Nghìn lượt khách),2006,
     Khách du lịch nghỉ qua đêm (Nghìn lượt khách),2007,
     Khách du lịch nghỉ qua đêm (Nghìn lượt khách),2008,
     Khách du lịch nghỉ qua đêm (Nghìn lượt khách),2009,
     Khách du lịch nghỉ qua đêm (Nghìn lượt khách),2010,
     Khách du lịch nghỉ qua đêm (Nghìn lượt khách),2011,
     Khách du lịch nghỉ qua đêm (Nghìn lượt khách),2012,
     Khách du lịch nghỉ qua đêm (Nghìn lượt khách),2013,
     Khách du lịch nghỉ qua đêm (Nghìn lượt khách),2014,
     Khách du lịch nghỉ qua đêm (Nghìn lượt khách),2015,
     Khách du lịch nghỉ qua đêm (Nghìn lượt khách),2016,
     Khách du lịch nghỉ qua đêm (Nghìn lượt khách),2017,
     Khách du lịch nghỉ qua đêm (Nghìn lượt khách),2018,
     Khách du lịch nghỉ qua đêm (Nghìn lượt khách),2019,
     Khách du lịch nghỉ qua đêm (Nghìn lượt khách),2020,
     Khách du lịch nghỉ qua đêm (Nghìn lượt khách),2021,43831.5130431563
     Khách du lịch nghỉ qua đêm (Nghìn lượt khách),2022,119626.0873477717
     Khách du lịch nghỉ qua đêm (Nghìn lượt khách),2023,167719.9871170186
     Khách du lịch nghỉ qua đêm (Nghìn lượt khách),Sơ bộ 2024,197159.0422452349
     Khách trong ngày (Nghìn lượt khách),2000,
     Khách trong ngày (Nghìn lượt khách),2001,
     Khách trong ngày (Nghìn lượt khách),2002,
     Khách trong ngày (Nghìn lượt khách),2003,
     Khách trong ngày (Nghìn lượt khách),2004,
     Khách trong ngày (Nghìn lượt khách),2005,
     Khách trong ngày (Nghìn lượt khách),2006,
     Khách trong ngày (Nghìn lượt khách),2007,
     Khách trong ngày (Nghìn lượt khách),2008,
     Khách trong ngày (Nghìn lượt khách),2009,
     Khách trong ngày (Nghìn lượt khách),2010,
     Khách trong ngày (Nghìn lượt khách),2011,
     Khách trong ngày (Nghìn lượt khách),2012,
     Khách trong ngày (Nghìn lượt khách),2013,
     Khách trong ngày (Nghìn lượt khách),2014,
     Khách trong ngày (Nghìn lượt khách),2015,
     Khách trong ngày (Nghìn lượt khách),2016,
     Khách trong ngày (Nghìn lượt khách),2017,
     Khách trong ngày (Nghìn lượt khách),2018,
     Khách trong ngày (Nghìn lượt khách),2019,
     Khách trong ngày (Nghìn lượt khách),2020,
     Khách trong ngày (Nghìn lượt khách),2021,19771.19411607655
     Khách trong ngày (Nghìn lượt khách),2022,37534.55196894775
     Khách trong ngày (Nghìn lượt khách),2023,47047.02018327739
     Khách trong ngày (Nghìn lượt khách),Sơ bộ 2024,54737.77518401897
     Khách trong nước (Nghìn lượt khách),2000,7674
     Khách trong nước (Nghìn lượt khách),2001,9982
     Khách trong nước (Nghìn lượt khách),2002,14676.4
     Khách trong nước (Nghìn lượt khách),2003,16497
     Khách trong nước (Nghìn lượt khách),2004,18426
     Khách trong nước (Nghìn lượt khách),2005,21578.5
     Khách trong nước (Nghìn lượt khách),2006,22263.2
     Khách trong nước (Nghìn lượt khách),2007,27023.1
     Khách trong nước (Nghìn lượt khách),2008,33618.6
     Khách trong nước (Nghìn lượt khách),2009,46728.1
     Khách trong nước (Nghìn lượt khách),2010,57897.3
     Khách trong nước (Nghìn lượt khách),2011,61405.4
     Khách trong nước (Nghìn lượt khách),2012,70085.4
     Khách trong nước (Nghìn lượt khách),2013,77863.8
     Khách trong nước (Nghìn lượt khách),2014,90571.6
     Khách trong nước (Nghìn lượt khách),2015,102200
     Khách trong nước (Nghìn lượt khách),2016,117037.8
     Khách trong nước (Nghìn lượt khách),2017,132837.9
     Khách trong nước (Nghìn lượt khách),2018,144683.1
     Khách trong nước (Nghìn lượt khách),2019,162046.620875
     Khách trong nước (Nghìn lượt khách),2020,78083.8
     Khách trong nước (Nghìn lượt khách),2021,60453.23507094073
     Khách trong nước (Nghìn lượt khách),2022,143096.6529214771
     Khách trong nước (Nghìn lượt khách),2023,174356.9025676808
     Khách trong nước (Nghìn lượt khách),Sơ bộ 2024,192273
     Khách quốc tế (Nghìn lượt khách),2000,2656
     Khách quốc tế (Nghìn lượt khách),2001,4110
     Khách quốc tế (Nghìn lượt khách),2002,4934.2
     Khách quốc tế (Nghìn lượt khách),2003,4187.2
     Khách quốc tế (Nghìn lượt khách),2004,5676.2
     Khách quốc tế (Nghìn lượt khách),2005,5326.6
     Khách quốc tế (Nghìn lượt khách),2006,5844.1
     Khách quốc tế (Nghìn lượt khách),2007,8035.8
     Khách quốc tế (Nghìn lượt khách),2008,6733.3
     Khách quốc tế (Nghìn lượt khách),2009,7595.3
     Khách quốc tế (Nghìn lượt khách),2010,8637.9
     Khách quốc tế (Nghìn lượt khách),2011,9810.9
     Khách quốc tế (Nghìn lượt khách),2012,9594.6
     Khách quốc tế (Nghìn lượt khách),2013,9569.1
     Khách quốc tế (Nghìn lượt khách),2014,9869.9
     Khách quốc tế (Nghìn lượt khách),2015,11811
     Khách quốc tế (Nghìn lượt khách),2016,12697.4
     Khách quốc tế (Nghìn lượt khách),2017,13747.3
     Khách quốc tế (Nghìn lượt khách),2018,14957.5
     Khách quốc tế (Nghìn lượt khách),2019,17318.86907
     Khách quốc tế (Nghìn lượt khách),2020,7213.89
     Khách quốc tế (Nghìn lượt khách),2021,3149.472088292127
     Khách quốc tế (Nghìn lượt khách),2022,14063.98639524233
     Khách quốc tế (Nghìn lượt khách),2023,40410.10473261526
     Khách quốc tế (Nghìn lượt khách),Sơ bộ 2024,59623.76044717599
Khách do các cơ sở lữ hành phục vụ (Nghìn lượt khách),2000,2397.8
Khách do các cơ sở lữ hành phục vụ (Nghìn lượt khách),2001,3113.4
Khách do các cơ sở lữ hành phục vụ (Nghìn lượt khách),2002,4669.9
Khách do các cơ sở lữ hành phục vụ (Nghìn lượt khách),2003,3976.2
Khách do các cơ sở lữ hành phục vụ (Nghìn lượt khách),2004,5155.2
Khách do các cơ sở lữ hành phục vụ (Nghìn lượt khách),2005,5433.9
Khách do các cơ sở lữ hành phục vụ (Nghìn lượt khách),2006,4897
Khách do các cơ sở lữ hành phục vụ (Nghìn lượt khách),2007,4804.3
Khách do các cơ sở lữ hành phục vụ (Nghìn lượt khách),2008,4997.3
Khách do các cơ sở lữ hành phục vụ (Nghìn lượt khách),2009,8074.2
Khách do các cơ sở lữ hành phục vụ (Nghìn lượt khách),2010,8234.2
Khách do các cơ sở lữ hành phục vụ (Nghìn lượt khách),2011,8967.2
Khách do các cơ sở lữ hành phục vụ (Nghìn lượt khách),2012,8998.3
Khách do các cơ sở lữ hành phục vụ (Nghìn lượt khách),2013,9645.9
Khách do các cơ sở lữ hành phục vụ (Nghìn lượt khách),2014,11305.9
Khách do các cơ sở lữ hành phục vụ (Nghìn lượt khách),2015,12601.7
Khách do các cơ sở lữ hành phục vụ (Nghìn lượt khách),2016,13651
Khách do các cơ sở lữ hành phục vụ (Nghìn lượt khách),2017,15173
Khách do các cơ sở lữ hành phục vụ (Nghìn lượt khách),2018,16966
Khách do các cơ sở lữ hành phục vụ (Nghìn lượt khách),2019,18366.285815
Khách do các cơ sở lữ hành phục vụ (Nghìn lượt khách),2020,8397.835000000001
Khách do các cơ sở lữ hành phục vụ (Nghìn lượt khách),2021,3565.27962132629
Khách do các cơ sở lữ hành phục vụ (Nghìn lượt khách),2022,15147.07764849368
Khách do các cơ sở lữ hành phục vụ (Nghìn lượt khách),2023,28401.82080312366
Khách do các cơ sở lữ hành phục vụ (Nghìn lượt khách),Sơ bộ 2024,34371.21782681172
     Khách trong nước  (Nghìn lượt khách),2000,939.5
     Khách trong nước  (Nghìn lượt khách),2001,1577.3
     Khách trong nước  (Nghìn lượt khách),2002,2624.5
     Khách trong nước  (Nghìn lượt khách),2003,2400.5
     Khách trong nước  (Nghìn lượt khách),2004,2914.7
     Khách trong nước  (Nghìn lượt khách),2005,3287
     Khách trong nước  (Nghìn lượt khách),2006,2591.7
     Khách trong nước  (Nghìn lượt khách),2007,2559.8
     Khách trong nước  (Nghìn lượt khách),2008,2589
     Khách trong nước  (Nghìn lượt khách),2009,5274.2
     Khách trong nước  (Nghìn lượt khách),2010,5415
     Khách trong nước  (Nghìn lượt khách),2011,5986.2
     Khách trong nước  (Nghìn lượt khách),2012,6608.4
     Khách trong nước  (Nghìn lượt khách),2013,7218.2
     Khách trong nước  (Nghìn lượt khách),2014,8552.8
     Khách trong nước  (Nghìn lượt khách),2015,9288.7
     Khách trong nước  (Nghìn lượt khách),2016,9477.6
     Khách trong nước  (Nghìn lượt khách),2017,9918.4
     Khách trong nước  (Nghìn lượt khách),2018,11062.2
     Khách trong nước  (Nghìn lượt khách),2019,11791.155494
     Khách trong nước  (Nghìn lượt khách),2020,5789.424
     Khách trong nước  (Nghìn lượt khách),2021,3316.95
     Khách trong nước  (Nghìn lượt khách),2022,13197.44519686016
     Khách trong nước  (Nghìn lượt khách),2023,19976.81345790573
     Khách trong nước  (Nghìn lượt khách),Sơ bộ 2024,22968.48099490158
     Khách quốc tế  (Nghìn lượt khách),2000,1359.3
     Khách quốc tế  (Nghìn lượt khách),2001,1439.1
     Khách quốc tế  (Nghìn lượt khách),2002,1947.6
     Khách quốc tế  (Nghìn lượt khách),2003,1425
     Khách quốc tế  (Nghìn lượt khách),2004,1644.5
     Khách quốc tế  (Nghìn lượt khách),2005,1776.3
     Khách quốc tế  (Nghìn lượt khách),2006,1902.3
     Khách quốc tế  (Nghìn lượt khách),2007,1883.7
     Khách quốc tế  (Nghìn lượt khách),2008,2032.2
     Khách quốc tế  (Nghìn lượt khách),2009,2344.3
     Khách quốc tế  (Nghìn lượt khách),2010,2385.8
     Khách quốc tế  (Nghìn lượt khách),2011,2520
     Khách quốc tế  (Nghìn lượt khách),2012,1985.4
     Khách quốc tế  (Nghìn lượt khách),2013,2037
     Khách quốc tế  (Nghìn lượt khách),2014,2323.5
     Khách quốc tế  (Nghìn lượt khách),2015,2820
     Khách quốc tế  (Nghìn lượt khách),2016,3584.5
     Khách quốc tế  (Nghìn lượt khách),2017,4556.4
     Khách quốc tế  (Nghìn lượt khách),2018,5125.9
     Khách quốc tế  (Nghìn lượt khách),2019,5730.281174
     Khách quốc tế  (Nghìn lượt khách),2020,2520.426
     Khách quốc tế  (Nghìn lượt khách),2021,246.0109539414607
     Khách quốc tế  (Nghìn lượt khách),2022,1750.456286938568
     Khách quốc tế  (Nghìn lượt khách),2023,7935.644291157049
     Khách quốc tế  (Nghìn lượt khách),Sơ bộ 2024,10656.5300796376
     Khách Việt Nam đi du lịch nước ngoài (Nghìn lượt khách),2000,99
     Khách Việt Nam đi du lịch nước ngoài (Nghìn lượt khách),2001,97
     Khách Việt Nam đi du lịch nước ngoài (Nghìn lượt khách),2002,97.8
     Khách Việt Nam đi du lịch nước ngoài (Nghìn lượt khách),2003,150.7
     Khách Việt Nam đi du lịch nước ngoài (Nghìn lượt khách),2004,596
     Khách Việt Nam đi du lịch nước ngoài (Nghìn lượt khách),2005,370.6
     Khách Việt Nam đi du lịch nước ngoài (Nghìn lượt khách),2006,403
     Khách Việt Nam đi du lịch nước ngoài (Nghìn lượt khách),2007,360.8
     Khách Việt Nam đi du lịch nước ngoài (Nghìn lượt khách),2008,376.1
     Khách Việt Nam đi du lịch nước ngoài (Nghìn lượt khách),2009,455.7
     Khách Việt Nam đi du lịch nước ngoài (Nghìn lượt khách),2010,433.4
     Khách Việt Nam đi du lịch nước ngoài (Nghìn lượt khách),2011,461
     Khách Việt Nam đi du lịch nước ngoài (Nghìn lượt khách),2012,404.5
     Khách Việt Nam đi du lịch nước ngoài (Nghìn lượt khách),2013,390.7
     Khách Việt Nam đi du lịch nước ngoài (Nghìn lượt khách),2014,429.6
     Khách Việt Nam đi du lịch nước ngoài (Nghìn lượt khách),2015,493
     Khách Việt Nam đi du lịch nước ngoài (Nghìn lượt khách),2016,588.8
     Khách Việt Nam đi du lịch nước ngoài (Nghìn lượt khách),2017,698.3
     Khách Việt Nam đi du lịch nước ngoài (Nghìn lượt khách),2018,777.9
     Khách Việt Nam đi du lịch nước ngoài (Nghìn lượt khách),2019,844.849147
     Khách Việt Nam đi du lịch nước ngoài (Nghìn lượt khách),2020,87.985
     Khách Việt Nam đi du lịch nước ngoài (Nghìn lượt khách),2021,2.32469612219935
     Khách Việt Nam đi du lịch nước ngoài (Nghìn lượt khách),2022,199.1761646949445
     Khách Việt Nam đi du lịch nước ngoài (Nghìn lượt khách),2023,489.363054060877
     Khách Việt Nam đi du lịch nước ngoài (Nghìn lượt khách),Sơ bộ 2024,746.2067522725417
