Sản phẩm,Năm,Giá trị
Hàng thủy sản (Triệu đô la Mỹ),1995,621.4
Hàng thủy sản (Triệu đô la Mỹ),1996,696.5
Hàng thủy sản (Triệu đô la Mỹ),1997,782
Hàng thủy sản (Triệu đô la Mỹ),1998,858
Hàng thủy sản (Triệu đô la Mỹ),1999,973.6
Hàng thủy sản (Triệu đô la Mỹ),2000,1478.5
Hàng thủy sản (Triệu đô la Mỹ),2001,1816.4
Hàng thủy sản (Triệu đô la Mỹ),2002,2021.7
Hàng thủy sản (Triệu đô la Mỹ),2003,2199.6
Hàng thủy sản (Triệu đô la Mỹ),2004,2408.1
Hàng thủy sản (Triệu đô la Mỹ),2005,2732.5
Hàng thủy sản (Triệu đô la Mỹ),2006,3358
Hàng thủy sản (Triệu đô la Mỹ),2007,3763.4
Hàng thủy sản (Triệu đô la Mỹ),2008,4510.1
Hàng thủy sản (Triệu đô la Mỹ),2009,4255.3
Hàng thủy sản (Triệu đô la Mỹ),2010,5016.9
Hàng thủy sản (Triệu đô la Mỹ),2011,6112.4
Hàng thủy sản (Triệu đô la Mỹ),2012,6088.50725871
Hàng thủy sản (Triệu đô la Mỹ),2013,6692.6
Hàng thủy sản (Triệu đô la Mỹ),2014,7825.3
Hàng thủy sản (Triệu đô la Mỹ),2015,6568.8
Hàng thủy sản (Triệu đô la Mỹ),2016,7036.021
Hàng thủy sản (Triệu đô la Mỹ),2017,8349.159
Hàng thủy sản (Triệu đô la Mỹ),2018,8770.9971664
Hàng thủy sản (Triệu đô la Mỹ),2019,8514.02088762
Hàng thủy sản (Triệu đô la Mỹ),2020,8388.95389303
Hàng thủy sản (Triệu đô la Mỹ),2021,8853.33736303
Hàng thủy sản (Triệu đô la Mỹ),2022,10895.34583022
Hàng thủy sản (Triệu đô la Mỹ),2023,8934.5422041
Hàng thủy sản (Triệu đô la Mỹ),Sơ bộ 2024,10039.624976
"Hàng rau, hoa, quả (Triệu đô la Mỹ)",1995,56.1
"Hàng rau, hoa, quả (Triệu đô la Mỹ)",1996,90.2
"Hàng rau, hoa, quả (Triệu đô la Mỹ)",1997,71.2
"Hàng rau, hoa, quả (Triệu đô la Mỹ)",1998,52.6
"Hàng rau, hoa, quả (Triệu đô la Mỹ)",1999,106.6
"Hàng rau, hoa, quả (Triệu đô la Mỹ)",2000,213.1
"Hàng rau, hoa, quả (Triệu đô la Mỹ)",2001,344.3
"Hàng rau, hoa, quả (Triệu đô la Mỹ)",2002,221.2
"Hàng rau, hoa, quả (Triệu đô la Mỹ)",2003,151.5
"Hàng rau, hoa, quả (Triệu đô la Mỹ)",2004,177.7
"Hàng rau, hoa, quả (Triệu đô la Mỹ)",2005,235.5
"Hàng rau, hoa, quả (Triệu đô la Mỹ)",2006,259.1
"Hàng rau, hoa, quả (Triệu đô la Mỹ)",2007,305.6
"Hàng rau, hoa, quả (Triệu đô la Mỹ)",2008,406.5
"Hàng rau, hoa, quả (Triệu đô la Mỹ)",2009,438.9
"Hàng rau, hoa, quả (Triệu đô la Mỹ)",2010,460.3
"Hàng rau, hoa, quả (Triệu đô la Mỹ)",2011,622.6
"Hàng rau, hoa, quả (Triệu đô la Mỹ)",2012,827.04327292
"Hàng rau, hoa, quả (Triệu đô la Mỹ)",2013,1073.226
"Hàng rau, hoa, quả (Triệu đô la Mỹ)",2014,1488.995
"Hàng rau, hoa, quả (Triệu đô la Mỹ)",2015,1839.3
"Hàng rau, hoa, quả (Triệu đô la Mỹ)",2016,2460.93364209
"Hàng rau, hoa, quả (Triệu đô la Mỹ)",2017,3507.547
"Hàng rau, hoa, quả (Triệu đô la Mỹ)",2018,3814.5879587
"Hàng rau, hoa, quả (Triệu đô la Mỹ)",2019,3704.10748225
"Hàng rau, hoa, quả (Triệu đô la Mỹ)",2020,3271.62957956
"Hàng rau, hoa, quả (Triệu đô la Mỹ)",2021,3545.25199526
"Hàng rau, hoa, quả (Triệu đô la Mỹ)",2022,3316.71169331
"Hàng rau, hoa, quả (Triệu đô la Mỹ)",2023,5614.02475357
"Hàng rau, hoa, quả (Triệu đô la Mỹ)",Sơ bộ 2024,7145.55216
Hạt điều nhân (Triệu đô la Mỹ),1995,
Hạt điều nhân (Triệu đô la Mỹ),1996,
Hạt điều nhân (Triệu đô la Mỹ),1997,
Hạt điều nhân (Triệu đô la Mỹ),1998,
Hạt điều nhân (Triệu đô la Mỹ),1999,
Hạt điều nhân (Triệu đô la Mỹ),2000,
Hạt điều nhân (Triệu đô la Mỹ),2001,
Hạt điều nhân (Triệu đô la Mỹ),2002,
Hạt điều nhân (Triệu đô la Mỹ),2003,
Hạt điều nhân (Triệu đô la Mỹ),2004,
Hạt điều nhân (Triệu đô la Mỹ),2005,
Hạt điều nhân (Triệu đô la Mỹ),2006,
Hạt điều nhân (Triệu đô la Mỹ),2007,
Hạt điều nhân (Triệu đô la Mỹ),2008,
Hạt điều nhân (Triệu đô la Mỹ),2009,
Hạt điều nhân (Triệu đô la Mỹ),2010,1136.9
Hạt điều nhân (Triệu đô la Mỹ),2011,1473.2
Hạt điều nhân (Triệu đô la Mỹ),2012,1470.115
Hạt điều nhân (Triệu đô la Mỹ),2013,1646.126
Hạt điều nhân (Triệu đô la Mỹ),2014,1993.558
Hạt điều nhân (Triệu đô la Mỹ),2015,2397.6
Hạt điều nhân (Triệu đô la Mỹ),2016,2841.454
Hạt điều nhân (Triệu đô la Mỹ),2017,3515.308
Hạt điều nhân (Triệu đô la Mỹ),2018,3368.1660955
Hạt điều nhân (Triệu đô la Mỹ),2019,3335.88132987
Hạt điều nhân (Triệu đô la Mỹ),2020,3213.87974462
Hạt điều nhân (Triệu đô la Mỹ),2021,3645.02429422
Hạt điều nhân (Triệu đô la Mỹ),2022,3087.36381187
Hạt điều nhân (Triệu đô la Mỹ),2023,3632.92725802
Hạt điều nhân (Triệu đô la Mỹ),Sơ bộ 2024,4342.823561
Cà phê (Triệu đô la Mỹ),1995,
Cà phê (Triệu đô la Mỹ),1996,
Cà phê (Triệu đô la Mỹ),1997,
Cà phê (Triệu đô la Mỹ),1998,
Cà phê (Triệu đô la Mỹ),1999,
Cà phê (Triệu đô la Mỹ),2000,
Cà phê (Triệu đô la Mỹ),2001,
Cà phê (Triệu đô la Mỹ),2002,
Cà phê (Triệu đô la Mỹ),2003,
Cà phê (Triệu đô la Mỹ),2004,
Cà phê (Triệu đô la Mỹ),2005,
Cà phê (Triệu đô la Mỹ),2006,
Cà phê (Triệu đô la Mỹ),2007,
Cà phê (Triệu đô la Mỹ),2008,
Cà phê (Triệu đô la Mỹ),2009,
Cà phê (Triệu đô la Mỹ),2010,1851.4
Cà phê (Triệu đô la Mỹ),2011,2760.2
Cà phê (Triệu đô la Mỹ),2012,3674.40167601
Cà phê (Triệu đô la Mỹ),2013,2717.268
Cà phê (Triệu đô la Mỹ),2014,3557.364
Cà phê (Triệu đô la Mỹ),2015,2671
Cà phê (Triệu đô la Mỹ),2016,3336.61788625
Cà phê (Triệu đô la Mỹ),2017,3500.588
Cà phê (Triệu đô la Mỹ),2018,3536.402485
Cà phê (Triệu đô la Mỹ),2019,2863.79618711
Cà phê (Triệu đô la Mỹ),2020,2741.96390062
Cà phê (Triệu đô la Mỹ),2021,3072.71122248
Cà phê (Triệu đô la Mỹ),2022,4056.39947237
Cà phê (Triệu đô la Mỹ),2023,4226.60078532
Cà phê (Triệu đô la Mỹ),Sơ bộ 2024,5620.42612
Chè (Triệu đô la Mỹ),1995,
Chè (Triệu đô la Mỹ),1996,
Chè (Triệu đô la Mỹ),1997,
Chè (Triệu đô la Mỹ),1998,
Chè (Triệu đô la Mỹ),1999,
Chè (Triệu đô la Mỹ),2000,
Chè (Triệu đô la Mỹ),2001,
Chè (Triệu đô la Mỹ),2002,
Chè (Triệu đô la Mỹ),2003,
Chè (Triệu đô la Mỹ),2004,
Chè (Triệu đô la Mỹ),2005,
Chè (Triệu đô la Mỹ),2006,
Chè (Triệu đô la Mỹ),2007,
Chè (Triệu đô la Mỹ),2008,
Chè (Triệu đô la Mỹ),2009,
Chè (Triệu đô la Mỹ),2010,200.5
Chè (Triệu đô la Mỹ),2011,205.5
Chè (Triệu đô la Mỹ),2012,224.84707133
Chè (Triệu đô la Mỹ),2013,229.406
Chè (Triệu đô la Mỹ),2014,228.12
Chè (Triệu đô la Mỹ),2015,217.2
Chè (Triệu đô la Mỹ),2016,227.99279638
Chè (Triệu đô la Mỹ),2017,232.862
Chè (Triệu đô la Mỹ),2018,227.2311405
Chè (Triệu đô la Mỹ),2019,242.24353178
Chè (Triệu đô la Mỹ),2020,219.34979087
Chè (Triệu đô la Mỹ),2021,216.20178499
Chè (Triệu đô la Mỹ),2022,238.89725106
Chè (Triệu đô la Mỹ),2023,211.64538362
Chè (Triệu đô la Mỹ),Sơ bộ 2024,256.370704
Hạt tiêu (Triệu đô la Mỹ),1995,
Hạt tiêu (Triệu đô la Mỹ),1996,
Hạt tiêu (Triệu đô la Mỹ),1997,
Hạt tiêu (Triệu đô la Mỹ),1998,
Hạt tiêu (Triệu đô la Mỹ),1999,
Hạt tiêu (Triệu đô la Mỹ),2000,
Hạt tiêu (Triệu đô la Mỹ),2001,
Hạt tiêu (Triệu đô la Mỹ),2002,
Hạt tiêu (Triệu đô la Mỹ),2003,
Hạt tiêu (Triệu đô la Mỹ),2004,
Hạt tiêu (Triệu đô la Mỹ),2005,
Hạt tiêu (Triệu đô la Mỹ),2006,
Hạt tiêu (Triệu đô la Mỹ),2007,
Hạt tiêu (Triệu đô la Mỹ),2008,
Hạt tiêu (Triệu đô la Mỹ),2009,
Hạt tiêu (Triệu đô la Mỹ),2010,421.5
Hạt tiêu (Triệu đô la Mỹ),2011,732.5
Hạt tiêu (Triệu đô la Mỹ),2012,793.65020952
Hạt tiêu (Triệu đô la Mỹ),2013,889.817
Hạt tiêu (Triệu đô la Mỹ),2014,1201.87
Hạt tiêu (Triệu đô la Mỹ),2015,1259.9
Hạt tiêu (Triệu đô la Mỹ),2016,1429.21142985
Hạt tiêu (Triệu đô la Mỹ),2017,1117.98
Hạt tiêu (Triệu đô la Mỹ),2018,758.9660488
Hạt tiêu (Triệu đô la Mỹ),2019,714.44636298
Hạt tiêu (Triệu đô la Mỹ),2020,660.63867013
Hạt tiêu (Triệu đô la Mỹ),2021,937.46078972
Hạt tiêu (Triệu đô la Mỹ),2022,970.65220333
Hạt tiêu (Triệu đô la Mỹ),2023,910.38315066
Hạt tiêu (Triệu đô la Mỹ),Sơ bộ 2024,1314.595317
Gạo (Triệu đô la Mỹ),1995,
Gạo (Triệu đô la Mỹ),1996,
Gạo (Triệu đô la Mỹ),1997,
Gạo (Triệu đô la Mỹ),1998,
Gạo (Triệu đô la Mỹ),1999,
Gạo (Triệu đô la Mỹ),2000,
Gạo (Triệu đô la Mỹ),2001,
Gạo (Triệu đô la Mỹ),2002,
Gạo (Triệu đô la Mỹ),2003,
Gạo (Triệu đô la Mỹ),2004,
Gạo (Triệu đô la Mỹ),2005,
Gạo (Triệu đô la Mỹ),2006,
Gạo (Triệu đô la Mỹ),2007,
Gạo (Triệu đô la Mỹ),2008,
Gạo (Triệu đô la Mỹ),2009,
Gạo (Triệu đô la Mỹ),2010,3249.5
Gạo (Triệu đô la Mỹ),2011,3659
Gạo (Triệu đô la Mỹ),2012,3673.65359507
Gạo (Triệu đô la Mỹ),2013,2922.705
Gạo (Triệu đô la Mỹ),2014,2935.176
Gạo (Triệu đô la Mỹ),2015,2796.3
Gạo (Triệu đô la Mỹ),2016,2158.98140697
Gạo (Triệu đô la Mỹ),2017,2633.472
Gạo (Triệu đô la Mỹ),2018,3060.1663919
Gạo (Triệu đô la Mỹ),2019,2806.35631997
Gạo (Triệu đô la Mỹ),2020,3119.96694629
Gạo (Triệu đô la Mỹ),2021,3287.62275814
Gạo (Triệu đô la Mỹ),2022,3454.54428611
Gạo (Triệu đô la Mỹ),2023,4675.76640288
Gạo (Triệu đô la Mỹ),Sơ bộ 2024,5665.72542
Sắn và các sản phẩm của sắn (Triệu đô la Mỹ),1995,
Sắn và các sản phẩm của sắn (Triệu đô la Mỹ),1996,
Sắn và các sản phẩm của sắn (Triệu đô la Mỹ),1997,
Sắn và các sản phẩm của sắn (Triệu đô la Mỹ),1998,
Sắn và các sản phẩm của sắn (Triệu đô la Mỹ),1999,
Sắn và các sản phẩm của sắn (Triệu đô la Mỹ),2000,
Sắn và các sản phẩm của sắn (Triệu đô la Mỹ),2001,
Sắn và các sản phẩm của sắn (Triệu đô la Mỹ),2002,
Sắn và các sản phẩm của sắn (Triệu đô la Mỹ),2003,
Sắn và các sản phẩm của sắn (Triệu đô la Mỹ),2004,
Sắn và các sản phẩm của sắn (Triệu đô la Mỹ),2005,
Sắn và các sản phẩm của sắn (Triệu đô la Mỹ),2006,
Sắn và các sản phẩm của sắn (Triệu đô la Mỹ),2007,
Sắn và các sản phẩm của sắn (Triệu đô la Mỹ),2008,
Sắn và các sản phẩm của sắn (Triệu đô la Mỹ),2009,
Sắn và các sản phẩm của sắn (Triệu đô la Mỹ),2010,567.2
Sắn và các sản phẩm của sắn (Triệu đô la Mỹ),2011,960.2
Sắn và các sản phẩm của sắn (Triệu đô la Mỹ),2012,1351.448
Sắn và các sản phẩm của sắn (Triệu đô la Mỹ),2013,1101.757
Sắn và các sản phẩm của sắn (Triệu đô la Mỹ),2014,1138.491
Sắn và các sản phẩm của sắn (Triệu đô la Mỹ),2015,1320.3
Sắn và các sản phẩm của sắn (Triệu đô la Mỹ),2016,1001.55990784
Sắn và các sản phẩm của sắn (Triệu đô la Mỹ),2017,1036.769
Sắn và các sản phẩm của sắn (Triệu đô la Mỹ),2018,961.2972462
Sắn và các sản phẩm của sắn (Triệu đô la Mỹ),2019,970.32723835
Sắn và các sản phẩm của sắn (Triệu đô la Mỹ),2020,1017.90412481
Sắn và các sản phẩm của sắn (Triệu đô la Mỹ),2021,1176.65502929
Sắn và các sản phẩm của sắn (Triệu đô la Mỹ),2022,1407.629552
Sắn và các sản phẩm của sắn (Triệu đô la Mỹ),2023,1306.04852213
Sắn và các sản phẩm của sắn (Triệu đô la Mỹ),Sơ bộ 2024,1155.626419
Clanhke và xi măng (Triệu đô la Mỹ),1995,
Clanhke và xi măng (Triệu đô la Mỹ),1996,
Clanhke và xi măng (Triệu đô la Mỹ),1997,
Clanhke và xi măng (Triệu đô la Mỹ),1998,
Clanhke và xi măng (Triệu đô la Mỹ),1999,
Clanhke và xi măng (Triệu đô la Mỹ),2000,
Clanhke và xi măng (Triệu đô la Mỹ),2001,
Clanhke và xi măng (Triệu đô la Mỹ),2002,
Clanhke và xi măng (Triệu đô la Mỹ),2003,
Clanhke và xi măng (Triệu đô la Mỹ),2004,
Clanhke và xi măng (Triệu đô la Mỹ),2005,
Clanhke và xi măng (Triệu đô la Mỹ),2006,
Clanhke và xi măng (Triệu đô la Mỹ),2007,
Clanhke và xi măng (Triệu đô la Mỹ),2008,
Clanhke và xi măng (Triệu đô la Mỹ),2009,
Clanhke và xi măng (Triệu đô la Mỹ),2010,
Clanhke và xi măng (Triệu đô la Mỹ),2011,
Clanhke và xi măng (Triệu đô la Mỹ),2012,
Clanhke và xi măng (Triệu đô la Mỹ),2013,
Clanhke và xi măng (Triệu đô la Mỹ),2014,
Clanhke và xi măng (Triệu đô la Mỹ),2015,667.328
Clanhke và xi măng (Triệu đô la Mỹ),2016,560.173
Clanhke và xi măng (Triệu đô la Mỹ),2017,706.665
Clanhke và xi măng (Triệu đô la Mỹ),2018,1240.595
Clanhke và xi măng (Triệu đô la Mỹ),2019,1391.498
Clanhke và xi măng (Triệu đô la Mỹ),2020,1435.85510403
Clanhke và xi măng (Triệu đô la Mỹ),2021,1758.04132652
Clanhke và xi măng (Triệu đô la Mỹ),2022,1383.38269342
Clanhke và xi măng (Triệu đô la Mỹ),2023,1324.9074382
Clanhke và xi măng (Triệu đô la Mỹ),Sơ bộ 2024,1137.441904
Than đá (Triệu đô la Mỹ),1995,
Than đá (Triệu đô la Mỹ),1996,
Than đá (Triệu đô la Mỹ),1997,
Than đá (Triệu đô la Mỹ),1998,
Than đá (Triệu đô la Mỹ),1999,
Than đá (Triệu đô la Mỹ),2000,
Than đá (Triệu đô la Mỹ),2001,
Than đá (Triệu đô la Mỹ),2002,
Than đá (Triệu đô la Mỹ),2003,
Than đá (Triệu đô la Mỹ),2004,
Than đá (Triệu đô la Mỹ),2005,
Than đá (Triệu đô la Mỹ),2006,
Than đá (Triệu đô la Mỹ),2007,
Than đá (Triệu đô la Mỹ),2008,
Than đá (Triệu đô la Mỹ),2009,
Than đá (Triệu đô la Mỹ),2010,1614.6
Than đá (Triệu đô la Mỹ),2011,1632.2
Than đá (Triệu đô la Mỹ),2012,1239.81987737
Than đá (Triệu đô la Mỹ),2013,914.121
Than đá (Triệu đô la Mỹ),2014,554.526
Than đá (Triệu đô la Mỹ),2015,185.1
Than đá (Triệu đô la Mỹ),2016,138.73321048
Than đá (Triệu đô la Mỹ),2017,287.12
Than đá (Triệu đô la Mỹ),2018,321.4534553
Than đá (Triệu đô la Mỹ),2019,168.81516411
Than đá (Triệu đô la Mỹ),2020,119.62185567
Than đá (Triệu đô la Mỹ),2021,246.09731387
Than đá (Triệu đô la Mỹ),2022,411.02065724
Than đá (Triệu đô la Mỹ),2023,249.14058934
Than đá (Triệu đô la Mỹ),Sơ bộ 2024,161.165785
Dầu thô (Triệu đô la Mỹ),1995,
Dầu thô (Triệu đô la Mỹ),1996,
Dầu thô (Triệu đô la Mỹ),1997,
Dầu thô (Triệu đô la Mỹ),1998,
Dầu thô (Triệu đô la Mỹ),1999,
Dầu thô (Triệu đô la Mỹ),2000,
Dầu thô (Triệu đô la Mỹ),2001,
Dầu thô (Triệu đô la Mỹ),2002,
Dầu thô (Triệu đô la Mỹ),2003,
Dầu thô (Triệu đô la Mỹ),2004,
Dầu thô (Triệu đô la Mỹ),2005,
Dầu thô (Triệu đô la Mỹ),2006,
Dầu thô (Triệu đô la Mỹ),2007,
Dầu thô (Triệu đô la Mỹ),2008,
Dầu thô (Triệu đô la Mỹ),2009,
Dầu thô (Triệu đô la Mỹ),2010,5023.5
Dầu thô (Triệu đô la Mỹ),2011,7241.5
Dầu thô (Triệu đô la Mỹ),2012,8211.85188644
Dầu thô (Triệu đô la Mỹ),2013,7226.402
Dầu thô (Triệu đô la Mỹ),2014,7224.2
Dầu thô (Triệu đô la Mỹ),2015,3823.78
Dầu thô (Triệu đô la Mỹ),2016,2361.146
Dầu thô (Triệu đô la Mỹ),2017,2885.592
Dầu thô (Triệu đô la Mỹ),2018,2196.7540645
Dầu thô (Triệu đô la Mỹ),2019,2045.7797364
Dầu thô (Triệu đô la Mỹ),2020,1572.80124073
Dầu thô (Triệu đô la Mỹ),2021,1745.87034478
Dầu thô (Triệu đô la Mỹ),2022,2209.06901985
Dầu thô (Triệu đô la Mỹ),2023,1892.45216919
Dầu thô (Triệu đô la Mỹ),Sơ bộ 2024,1727.708351
"Xăng, dầu (Triệu đô la Mỹ)",1995,
"Xăng, dầu (Triệu đô la Mỹ)",1996,
"Xăng, dầu (Triệu đô la Mỹ)",1997,
"Xăng, dầu (Triệu đô la Mỹ)",1998,
"Xăng, dầu (Triệu đô la Mỹ)",1999,
"Xăng, dầu (Triệu đô la Mỹ)",2000,
"Xăng, dầu (Triệu đô la Mỹ)",2001,
"Xăng, dầu (Triệu đô la Mỹ)",2002,
"Xăng, dầu (Triệu đô la Mỹ)",2003,
"Xăng, dầu (Triệu đô la Mỹ)",2004,
"Xăng, dầu (Triệu đô la Mỹ)",2005,
"Xăng, dầu (Triệu đô la Mỹ)",2006,
"Xăng, dầu (Triệu đô la Mỹ)",2007,
"Xăng, dầu (Triệu đô la Mỹ)",2008,
"Xăng, dầu (Triệu đô la Mỹ)",2009,
"Xăng, dầu (Triệu đô la Mỹ)",2010,
"Xăng, dầu (Triệu đô la Mỹ)",2011,
"Xăng, dầu (Triệu đô la Mỹ)",2012,
"Xăng, dầu (Triệu đô la Mỹ)",2013,1307.7
"Xăng, dầu (Triệu đô la Mỹ)",2014,1101.818
"Xăng, dầu (Triệu đô la Mỹ)",2015,734.723
"Xăng, dầu (Triệu đô la Mỹ)",2016,865.378
"Xăng, dầu (Triệu đô la Mỹ)",2017,1483.352
"Xăng, dầu (Triệu đô la Mỹ)",2018,2065.472
"Xăng, dầu (Triệu đô la Mỹ)",2019,2096.887
"Xăng, dầu (Triệu đô la Mỹ)",2020,957.34306704
"Xăng, dầu (Triệu đô la Mỹ)",2021,1438.04184095
"Xăng, dầu (Triệu đô la Mỹ)",2022,2055.08578464
"Xăng, dầu (Triệu đô la Mỹ)",2023,2028.41450327
"Xăng, dầu (Triệu đô la Mỹ)",Sơ bộ 2024,1913.759594
Hóa chất (Triệu đô la Mỹ),1995,
Hóa chất (Triệu đô la Mỹ),1996,
Hóa chất (Triệu đô la Mỹ),1997,
Hóa chất (Triệu đô la Mỹ),1998,
Hóa chất (Triệu đô la Mỹ),1999,
Hóa chất (Triệu đô la Mỹ),2000,
Hóa chất (Triệu đô la Mỹ),2001,
Hóa chất (Triệu đô la Mỹ),2002,
Hóa chất (Triệu đô la Mỹ),2003,
Hóa chất (Triệu đô la Mỹ),2004,
Hóa chất (Triệu đô la Mỹ),2005,
Hóa chất (Triệu đô la Mỹ),2006,
Hóa chất (Triệu đô la Mỹ),2007,
Hóa chất (Triệu đô la Mỹ),2008,
Hóa chất (Triệu đô la Mỹ),2009,
Hóa chất (Triệu đô la Mỹ),2010,
Hóa chất (Triệu đô la Mỹ),2011,
Hóa chất (Triệu đô la Mỹ),2012,
Hóa chất (Triệu đô la Mỹ),2013,604.1
Hóa chất (Triệu đô la Mỹ),2014,933.896
Hóa chất (Triệu đô la Mỹ),2015,918.905
Hóa chất (Triệu đô la Mỹ),2016,944.276
Hóa chất (Triệu đô la Mỹ),2017,1270.613
Hóa chất (Triệu đô la Mỹ),2018,1905.64
Hóa chất (Triệu đô la Mỹ),2019,1856.323
Hóa chất (Triệu đô la Mỹ),2020,1748.59805776
Hóa chất (Triệu đô la Mỹ),2021,2503.5067123
Hóa chất (Triệu đô la Mỹ),2022,3087.65878985
Hóa chất (Triệu đô la Mỹ),2023,2404.9944092
Hóa chất (Triệu đô la Mỹ),Sơ bộ 2024,2760.550993
Sản phẩm hóa chất (Triệu đô la Mỹ),1995,
Sản phẩm hóa chất (Triệu đô la Mỹ),1996,
Sản phẩm hóa chất (Triệu đô la Mỹ),1997,
Sản phẩm hóa chất (Triệu đô la Mỹ),1998,
Sản phẩm hóa chất (Triệu đô la Mỹ),1999,
Sản phẩm hóa chất (Triệu đô la Mỹ),2000,
Sản phẩm hóa chất (Triệu đô la Mỹ),2001,
Sản phẩm hóa chất (Triệu đô la Mỹ),2002,
Sản phẩm hóa chất (Triệu đô la Mỹ),2003,
Sản phẩm hóa chất (Triệu đô la Mỹ),2004,
Sản phẩm hóa chất (Triệu đô la Mỹ),2005,
Sản phẩm hóa chất (Triệu đô la Mỹ),2006,
Sản phẩm hóa chất (Triệu đô la Mỹ),2007,
Sản phẩm hóa chất (Triệu đô la Mỹ),2008,
Sản phẩm hóa chất (Triệu đô la Mỹ),2009,
Sản phẩm hóa chất (Triệu đô la Mỹ),2010,
Sản phẩm hóa chất (Triệu đô la Mỹ),2011,
Sản phẩm hóa chất (Triệu đô la Mỹ),2012,
Sản phẩm hóa chất (Triệu đô la Mỹ),2013,683.464
Sản phẩm hóa chất (Triệu đô la Mỹ),2014,791.21
Sản phẩm hóa chất (Triệu đô la Mỹ),2015,744.03
Sản phẩm hóa chất (Triệu đô la Mỹ),2016,769.229
Sản phẩm hóa chất (Triệu đô la Mỹ),2017,886.627
Sản phẩm hóa chất (Triệu đô la Mỹ),2018,1088.783
Sản phẩm hóa chất (Triệu đô la Mỹ),2019,1354.734
Sản phẩm hóa chất (Triệu đô la Mỹ),2020,1485.39844803
Sản phẩm hóa chất (Triệu đô la Mỹ),2021,1992.34971645
Sản phẩm hóa chất (Triệu đô la Mỹ),2022,2509.00901175
Sản phẩm hóa chất (Triệu đô la Mỹ),2023,2410.7348842
Sản phẩm hóa chất (Triệu đô la Mỹ),Sơ bộ 2024,2708.820201
Chất dẻo nguyên liệu (Triệu đô la Mỹ),1995,
Chất dẻo nguyên liệu (Triệu đô la Mỹ),1996,
Chất dẻo nguyên liệu (Triệu đô la Mỹ),1997,
Chất dẻo nguyên liệu (Triệu đô la Mỹ),1998,
Chất dẻo nguyên liệu (Triệu đô la Mỹ),1999,
Chất dẻo nguyên liệu (Triệu đô la Mỹ),2000,
Chất dẻo nguyên liệu (Triệu đô la Mỹ),2001,
Chất dẻo nguyên liệu (Triệu đô la Mỹ),2002,
Chất dẻo nguyên liệu (Triệu đô la Mỹ),2003,
Chất dẻo nguyên liệu (Triệu đô la Mỹ),2004,
Chất dẻo nguyên liệu (Triệu đô la Mỹ),2005,
Chất dẻo nguyên liệu (Triệu đô la Mỹ),2006,
Chất dẻo nguyên liệu (Triệu đô la Mỹ),2007,
Chất dẻo nguyên liệu (Triệu đô la Mỹ),2008,
Chất dẻo nguyên liệu (Triệu đô la Mỹ),2009,
Chất dẻo nguyên liệu (Triệu đô la Mỹ),2010,
Chất dẻo nguyên liệu (Triệu đô la Mỹ),2011,
Chất dẻo nguyên liệu (Triệu đô la Mỹ),2012,
Chất dẻo nguyên liệu (Triệu đô la Mỹ),2013,
Chất dẻo nguyên liệu (Triệu đô la Mỹ),2014,
Chất dẻo nguyên liệu (Triệu đô la Mỹ),2015,398.131
Chất dẻo nguyên liệu (Triệu đô la Mỹ),2016,357.097
Chất dẻo nguyên liệu (Triệu đô la Mỹ),2017,515.188
Chất dẻo nguyên liệu (Triệu đô la Mỹ),2018,969.095
Chất dẻo nguyên liệu (Triệu đô la Mỹ),2019,1266.05
Chất dẻo nguyên liệu (Triệu đô la Mỹ),2020,1347.92514167
Chất dẻo nguyên liệu (Triệu đô la Mỹ),2021,2264.04923373
Chất dẻo nguyên liệu (Triệu đô la Mỹ),2022,2310.3037127
Chất dẻo nguyên liệu (Triệu đô la Mỹ),2023,2168.75995807
Chất dẻo nguyên liệu (Triệu đô la Mỹ),Sơ bộ 2024,2630.839482
Sản phẩm từ chất dẻo (Triệu đô la Mỹ),1995,
Sản phẩm từ chất dẻo (Triệu đô la Mỹ),1996,
Sản phẩm từ chất dẻo (Triệu đô la Mỹ),1997,
Sản phẩm từ chất dẻo (Triệu đô la Mỹ),1998,
Sản phẩm từ chất dẻo (Triệu đô la Mỹ),1999,
Sản phẩm từ chất dẻo (Triệu đô la Mỹ),2000,95.5
Sản phẩm từ chất dẻo (Triệu đô la Mỹ),2001,119.6
Sản phẩm từ chất dẻo (Triệu đô la Mỹ),2002,143.4
Sản phẩm từ chất dẻo (Triệu đô la Mỹ),2003,170.2
Sản phẩm từ chất dẻo (Triệu đô la Mỹ),2004,239.2
Sản phẩm từ chất dẻo (Triệu đô la Mỹ),2005,357.7
Sản phẩm từ chất dẻo (Triệu đô la Mỹ),2006,452.3
Sản phẩm từ chất dẻo (Triệu đô la Mỹ),2007,709.5
Sản phẩm từ chất dẻo (Triệu đô la Mỹ),2008,933.7
Sản phẩm từ chất dẻo (Triệu đô la Mỹ),2009,867.4
Sản phẩm từ chất dẻo (Triệu đô la Mỹ),2010,1130.2
Sản phẩm từ chất dẻo (Triệu đô la Mỹ),2011,1373.7
Sản phẩm từ chất dẻo (Triệu đô la Mỹ),2012,1595.501
Sản phẩm từ chất dẻo (Triệu đô la Mỹ),2013,1817.826
Sản phẩm từ chất dẻo (Triệu đô la Mỹ),2014,2041.336
Sản phẩm từ chất dẻo (Triệu đô la Mỹ),2015,2060.3
Sản phẩm từ chất dẻo (Triệu đô la Mỹ),2016,2211.55203161
Sản phẩm từ chất dẻo (Triệu đô la Mỹ),2017,2548.9434639
Sản phẩm từ chất dẻo (Triệu đô la Mỹ),2018,3045.214107
Sản phẩm từ chất dẻo (Triệu đô la Mỹ),2019,3436.06232
Sản phẩm từ chất dẻo (Triệu đô la Mỹ),2020,3652.62930929
Sản phẩm từ chất dẻo (Triệu đô la Mỹ),2021,4928.50579288
Sản phẩm từ chất dẻo (Triệu đô la Mỹ),2022,5492.5836964
Sản phẩm từ chất dẻo (Triệu đô la Mỹ),2023,5149.87210528
Sản phẩm từ chất dẻo (Triệu đô la Mỹ),Sơ bộ 2024,6725.727932
Cao su (Triệu đô la Mỹ),1995,
Cao su (Triệu đô la Mỹ),1996,
Cao su (Triệu đô la Mỹ),1997,
Cao su (Triệu đô la Mỹ),1998,
Cao su (Triệu đô la Mỹ),1999,
Cao su (Triệu đô la Mỹ),2000,
Cao su (Triệu đô la Mỹ),2001,
Cao su (Triệu đô la Mỹ),2002,
Cao su (Triệu đô la Mỹ),2003,
Cao su (Triệu đô la Mỹ),2004,
Cao su (Triệu đô la Mỹ),2005,
Cao su (Triệu đô la Mỹ),2006,
Cao su (Triệu đô la Mỹ),2007,
Cao su (Triệu đô la Mỹ),2008,
Cao su (Triệu đô la Mỹ),2009,
Cao su (Triệu đô la Mỹ),2010,2386.161
Cao su (Triệu đô la Mỹ),2011,3234.4
Cao su (Triệu đô la Mỹ),2012,2860.156
Cao su (Triệu đô la Mỹ),2013,2486.937
Cao su (Triệu đô la Mỹ),2014,1780.773
Cao su (Triệu đô la Mỹ),2015,1531.508
Cao su (Triệu đô la Mỹ),2016,1669.698
Cao su (Triệu đô la Mỹ),2017,2249.783
Cao su (Triệu đô la Mỹ),2018,2091.134
Cao su (Triệu đô la Mỹ),2019,2300.721
Cao su (Triệu đô la Mỹ),2020,2384.39078115
Cao su (Triệu đô la Mỹ),2021,3278.55067227
Cao su (Triệu đô la Mỹ),2022,3316.06125387
Cao su (Triệu đô la Mỹ),2023,2892.59949378
Cao su (Triệu đô la Mỹ),Sơ bộ 2024,3418.504141
"Ba lô, túi, cặp, ví, mũ ô, dù (*) (Triệu đô la Mỹ)",1995,
"Ba lô, túi, cặp, ví, mũ ô, dù (*) (Triệu đô la Mỹ)",1996,
"Ba lô, túi, cặp, ví, mũ ô, dù (*) (Triệu đô la Mỹ)",1997,
"Ba lô, túi, cặp, ví, mũ ô, dù (*) (Triệu đô la Mỹ)",1998,
"Ba lô, túi, cặp, ví, mũ ô, dù (*) (Triệu đô la Mỹ)",1999,
"Ba lô, túi, cặp, ví, mũ ô, dù (*) (Triệu đô la Mỹ)",2000,
"Ba lô, túi, cặp, ví, mũ ô, dù (*) (Triệu đô la Mỹ)",2001,183.3
"Ba lô, túi, cặp, ví, mũ ô, dù (*) (Triệu đô la Mỹ)",2002,237.2
"Ba lô, túi, cặp, ví, mũ ô, dù (*) (Triệu đô la Mỹ)",2003,243.3
"Ba lô, túi, cặp, ví, mũ ô, dù (*) (Triệu đô la Mỹ)",2004,382.1
"Ba lô, túi, cặp, ví, mũ ô, dù (*) (Triệu đô la Mỹ)",2005,470.9
"Ba lô, túi, cặp, ví, mũ ô, dù (*) (Triệu đô la Mỹ)",2006,502.1
"Ba lô, túi, cặp, ví, mũ ô, dù (*) (Triệu đô la Mỹ)",2007,627.1
"Ba lô, túi, cặp, ví, mũ ô, dù (*) (Triệu đô la Mỹ)",2008,773.1
"Ba lô, túi, cặp, ví, mũ ô, dù (*) (Triệu đô la Mỹ)",2009,824.1
"Ba lô, túi, cặp, ví, mũ ô, dù (*) (Triệu đô la Mỹ)",2010,985.5
"Ba lô, túi, cặp, ví, mũ ô, dù (*) (Triệu đô la Mỹ)",2011,1285.4
"Ba lô, túi, cặp, ví, mũ ô, dù (*) (Triệu đô la Mỹ)",2012,1522.51865465
"Ba lô, túi, cặp, ví, mũ ô, dù (*) (Triệu đô la Mỹ)",2013,1933.103
"Ba lô, túi, cặp, ví, mũ ô, dù (*) (Triệu đô la Mỹ)",2014,2533.47
"Ba lô, túi, cặp, ví, mũ ô, dù (*) (Triệu đô la Mỹ)",2015,2874.7
"Ba lô, túi, cặp, ví, mũ ô, dù (*) (Triệu đô la Mỹ)",2016,3172.06381834
"Ba lô, túi, cặp, ví, mũ ô, dù (*) (Triệu đô la Mỹ)",2017,3284.295
"Ba lô, túi, cặp, ví, mũ ô, dù (*) (Triệu đô la Mỹ)",2018,3392.355
"Ba lô, túi, cặp, ví, mũ ô, dù (*) (Triệu đô la Mỹ)",2019,3392.356
"Ba lô, túi, cặp, ví, mũ ô, dù (*) (Triệu đô la Mỹ)",2020,3145.81579101
"Ba lô, túi, cặp, ví, mũ ô, dù (*) (Triệu đô la Mỹ)",2021,3031.15681351
"Ba lô, túi, cặp, ví, mũ ô, dù (*) (Triệu đô la Mỹ)",2022,4098.20728222
"Ba lô, túi, cặp, ví, mũ ô, dù (*) (Triệu đô la Mỹ)",2023,3779.02391323
"Ba lô, túi, cặp, ví, mũ ô, dù (*) (Triệu đô la Mỹ)",Sơ bộ 2024,4251.714784
Gỗ và sản phẩm gỗ (Triệu đô la Mỹ),1995,
Gỗ và sản phẩm gỗ (Triệu đô la Mỹ),1996,
Gỗ và sản phẩm gỗ (Triệu đô la Mỹ),1997,
Gỗ và sản phẩm gỗ (Triệu đô la Mỹ),1998,
Gỗ và sản phẩm gỗ (Triệu đô la Mỹ),1999,
Gỗ và sản phẩm gỗ (Triệu đô la Mỹ),2000,311.4
Gỗ và sản phẩm gỗ (Triệu đô la Mỹ),2001,343.6
Gỗ và sản phẩm gỗ (Triệu đô la Mỹ),2002,460.2
Gỗ và sản phẩm gỗ (Triệu đô la Mỹ),2003,608.9
Gỗ và sản phẩm gỗ (Triệu đô la Mỹ),2004,1101.7
Gỗ và sản phẩm gỗ (Triệu đô la Mỹ),2005,1561.4
Gỗ và sản phẩm gỗ (Triệu đô la Mỹ),2006,1943.1
Gỗ và sản phẩm gỗ (Triệu đô la Mỹ),2007,2384.6
Gỗ và sản phẩm gỗ (Triệu đô la Mỹ),2008,2767.2
Gỗ và sản phẩm gỗ (Triệu đô la Mỹ),2009,2989.27
Gỗ và sản phẩm gỗ (Triệu đô la Mỹ),2010,3444.5
Gỗ và sản phẩm gỗ (Triệu đô la Mỹ),2011,3960.5
Gỗ và sản phẩm gỗ (Triệu đô la Mỹ),2012,4665.534
Gỗ và sản phẩm gỗ (Triệu đô la Mỹ),2013,5591.755
Gỗ và sản phẩm gỗ (Triệu đô la Mỹ),2014,6145.274
Gỗ và sản phẩm gỗ (Triệu đô la Mỹ),2015,6797.524
Gỗ và sản phẩm gỗ (Triệu đô la Mỹ),2016,6964.527
Gỗ và sản phẩm gỗ (Triệu đô la Mỹ),2017,7702.438
Gỗ và sản phẩm gỗ (Triệu đô la Mỹ),2018,8907.683
Gỗ và sản phẩm gỗ (Triệu đô la Mỹ),2019,10651.558313
Gỗ và sản phẩm gỗ (Triệu đô la Mỹ),2020,12133.94734472
Gỗ và sản phẩm gỗ (Triệu đô la Mỹ),2021,14808.95791895
Gỗ và sản phẩm gỗ (Triệu đô la Mỹ),2022,16023.29194914
Gỗ và sản phẩm gỗ (Triệu đô la Mỹ),2023,13379.73528384
Gỗ và sản phẩm gỗ (Triệu đô la Mỹ),Sơ bộ 2024,16279.918957
Giấy và các sản phẩm từ giấy (Triệu đô la Mỹ),1995,
Giấy và các sản phẩm từ giấy (Triệu đô la Mỹ),1996,
Giấy và các sản phẩm từ giấy (Triệu đô la Mỹ),1997,
Giấy và các sản phẩm từ giấy (Triệu đô la Mỹ),1998,
Giấy và các sản phẩm từ giấy (Triệu đô la Mỹ),1999,
Giấy và các sản phẩm từ giấy (Triệu đô la Mỹ),2000,
Giấy và các sản phẩm từ giấy (Triệu đô la Mỹ),2001,
Giấy và các sản phẩm từ giấy (Triệu đô la Mỹ),2002,
Giấy và các sản phẩm từ giấy (Triệu đô la Mỹ),2003,
Giấy và các sản phẩm từ giấy (Triệu đô la Mỹ),2004,
Giấy và các sản phẩm từ giấy (Triệu đô la Mỹ),2005,
Giấy và các sản phẩm từ giấy (Triệu đô la Mỹ),2006,
Giấy và các sản phẩm từ giấy (Triệu đô la Mỹ),2007,
Giấy và các sản phẩm từ giấy (Triệu đô la Mỹ),2008,
Giấy và các sản phẩm từ giấy (Triệu đô la Mỹ),2009,
Giấy và các sản phẩm từ giấy (Triệu đô la Mỹ),2010,
Giấy và các sản phẩm từ giấy (Triệu đô la Mỹ),2011,
Giấy và các sản phẩm từ giấy (Triệu đô la Mỹ),2012,
Giấy và các sản phẩm từ giấy (Triệu đô la Mỹ),2013,
Giấy và các sản phẩm từ giấy (Triệu đô la Mỹ),2014,
Giấy và các sản phẩm từ giấy (Triệu đô la Mỹ),2015,445.98
Giấy và các sản phẩm từ giấy (Triệu đô la Mỹ),2016,505.139
Giấy và các sản phẩm từ giấy (Triệu đô la Mỹ),2017,740.97
Giấy và các sản phẩm từ giấy (Triệu đô la Mỹ),2018,908.758
Giấy và các sản phẩm từ giấy (Triệu đô la Mỹ),2019,1133.474
Giấy và các sản phẩm từ giấy (Triệu đô la Mỹ),2020,1393.53599676
Giấy và các sản phẩm từ giấy (Triệu đô la Mỹ),2021,1689.47297199
Giấy và các sản phẩm từ giấy (Triệu đô la Mỹ),2022,1907.59618679
Giấy và các sản phẩm từ giấy (Triệu đô la Mỹ),2023,2088.46553006
Giấy và các sản phẩm từ giấy (Triệu đô la Mỹ),Sơ bộ 2024,2098.408047
"Xơ, sợi dệt các loại (Triệu đô la Mỹ)",1995,
"Xơ, sợi dệt các loại (Triệu đô la Mỹ)",1996,
"Xơ, sợi dệt các loại (Triệu đô la Mỹ)",1997,
"Xơ, sợi dệt các loại (Triệu đô la Mỹ)",1998,
"Xơ, sợi dệt các loại (Triệu đô la Mỹ)",1999,
"Xơ, sợi dệt các loại (Triệu đô la Mỹ)",2000,
"Xơ, sợi dệt các loại (Triệu đô la Mỹ)",2001,
"Xơ, sợi dệt các loại (Triệu đô la Mỹ)",2002,
"Xơ, sợi dệt các loại (Triệu đô la Mỹ)",2003,
"Xơ, sợi dệt các loại (Triệu đô la Mỹ)",2004,
"Xơ, sợi dệt các loại (Triệu đô la Mỹ)",2005,
"Xơ, sợi dệt các loại (Triệu đô la Mỹ)",2006,
"Xơ, sợi dệt các loại (Triệu đô la Mỹ)",2007,
"Xơ, sợi dệt các loại (Triệu đô la Mỹ)",2008,
"Xơ, sợi dệt các loại (Triệu đô la Mỹ)",2009,
"Xơ, sợi dệt các loại (Triệu đô la Mỹ)",2010,1377.6
"Xơ, sợi dệt các loại (Triệu đô la Mỹ)",2011,1790.3
"Xơ, sợi dệt các loại (Triệu đô la Mỹ)",2012,1843.72490519
"Xơ, sợi dệt các loại (Triệu đô la Mỹ)",2013,2150.199
"Xơ, sợi dệt các loại (Triệu đô la Mỹ)",2014,2548.719
"Xơ, sợi dệt các loại (Triệu đô la Mỹ)",2015,2549.8
"Xơ, sợi dệt các loại (Triệu đô la Mỹ)",2016,2938.27532917
"Xơ, sợi dệt các loại (Triệu đô la Mỹ)",2017,3594.193
"Xơ, sợi dệt các loại (Triệu đô la Mỹ)",2018,4024.881431
"Xơ, sợi dệt các loại (Triệu đô la Mỹ)",2019,4177.29899949
"Xơ, sợi dệt các loại (Triệu đô la Mỹ)",2020,3737.58421611
"Xơ, sợi dệt các loại (Triệu đô la Mỹ)",2021,5609.21827301
"Xơ, sợi dệt các loại (Triệu đô la Mỹ)",2022,4713.73472904
"Xơ, sợi dệt các loại (Triệu đô la Mỹ)",2023,4355.73159355
"Xơ, sợi dệt các loại (Triệu đô la Mỹ)",Sơ bộ 2024,4407.938872
"Hàng dệt, may (Triệu đô la Mỹ)",1995,765.5
"Hàng dệt, may (Triệu đô la Mỹ)",1996,993.1
"Hàng dệt, may (Triệu đô la Mỹ)",1997,1502.6
"Hàng dệt, may (Triệu đô la Mỹ)",1998,1450
"Hàng dệt, may (Triệu đô la Mỹ)",1999,1746.2
"Hàng dệt, may (Triệu đô la Mỹ)",2000,1891.9
"Hàng dệt, may (Triệu đô la Mỹ)",2001,1975.4
"Hàng dệt, may (Triệu đô la Mỹ)",2002,2732
"Hàng dệt, may (Triệu đô la Mỹ)",2003,3609.1
"Hàng dệt, may (Triệu đô la Mỹ)",2004,4429.8
"Hàng dệt, may (Triệu đô la Mỹ)",2005,4772.4
"Hàng dệt, may (Triệu đô la Mỹ)",2006,5854.8
"Hàng dệt, may (Triệu đô la Mỹ)",2007,7732
"Hàng dệt, may (Triệu đô la Mỹ)",2008,9120.5
"Hàng dệt, may (Triệu đô la Mỹ)",2009,9065.6
"Hàng dệt, may (Triệu đô la Mỹ)",2010,11209.8
"Hàng dệt, may (Triệu đô la Mỹ)",2011,13211.7
"Hàng dệt, may (Triệu đô la Mỹ)",2012,14416.16041717
"Hàng dệt, may (Triệu đô la Mỹ)",2013,17933.353
"Hàng dệt, may (Triệu đô la Mỹ)",2014,20101.24
"Hàng dệt, may (Triệu đô la Mỹ)",2015,22808.7
"Hàng dệt, may (Triệu đô la Mỹ)",2016,23824.879
"Hàng dệt, may (Triệu đô la Mỹ)",2017,26119.794
"Hàng dệt, may (Triệu đô la Mỹ)",2018,30481.38954
"Hàng dệt, may (Triệu đô la Mỹ)",2019,32832.407558
"Hàng dệt, may (Triệu đô la Mỹ)",2020,29812.39334055
"Hàng dệt, may (Triệu đô la Mỹ)",2021,32773.83764389
"Hàng dệt, may (Triệu đô la Mỹ)",2022,37634.05081948
"Hàng dệt, may (Triệu đô la Mỹ)",2023,33341.70341754
"Hàng dệt, may (Triệu đô la Mỹ)",Sơ bộ 2024,37039.853983
"Giày, dép (Triệu đô la Mỹ)",1995,296.4
"Giày, dép (Triệu đô la Mỹ)",1996,530
"Giày, dép (Triệu đô la Mỹ)",1997,978.4
"Giày, dép (Triệu đô la Mỹ)",1998,1031
"Giày, dép (Triệu đô la Mỹ)",1999,1387.1
"Giày, dép (Triệu đô la Mỹ)",2000,1471.7
"Giày, dép (Triệu đô la Mỹ)",2001,1587.4
"Giày, dép (Triệu đô la Mỹ)",2002,1875.2
"Giày, dép (Triệu đô la Mỹ)",2003,2260.5
"Giày, dép (Triệu đô la Mỹ)",2004,2691.1
"Giày, dép (Triệu đô la Mỹ)",2005,3038.8
"Giày, dép (Triệu đô la Mỹ)",2006,3595.9
"Giày, dép (Triệu đô la Mỹ)",2007,3999.5
"Giày, dép (Triệu đô la Mỹ)",2008,4769.9
"Giày, dép (Triệu đô la Mỹ)",2009,4071.3
"Giày, dép (Triệu đô la Mỹ)",2010,5123.3
"Giày, dép (Triệu đô la Mỹ)",2011,6549.4
"Giày, dép (Triệu đô la Mỹ)",2012,7263.92842425
"Giày, dép (Triệu đô la Mỹ)",2013,8400.624
"Giày, dép (Triệu đô la Mỹ)",2014,10317.803
"Giày, dép (Triệu đô la Mỹ)",2015,12012.6
"Giày, dép (Triệu đô la Mỹ)",2016,12998.123
"Giày, dép (Triệu đô la Mỹ)",2017,14678.373
"Giày, dép (Triệu đô la Mỹ)",2018,16235.548525
"Giày, dép (Triệu đô la Mỹ)",2019,18317.99556273
"Giày, dép (Triệu đô la Mỹ)",2020,16791.04188315
"Giày, dép (Triệu đô la Mỹ)",2021,17750.15831023
"Giày, dép (Triệu đô la Mỹ)",2022,23894.59360545
"Giày, dép (Triệu đô la Mỹ)",2023,20235.82947613
"Giày, dép (Triệu đô la Mỹ)",Sơ bộ 2024,22875.075238
"Nguyên phụ liệu dệt, may, da, giày (Triệu đô la Mỹ)",1995,
"Nguyên phụ liệu dệt, may, da, giày (Triệu đô la Mỹ)",1996,
"Nguyên phụ liệu dệt, may, da, giày (Triệu đô la Mỹ)",1997,
"Nguyên phụ liệu dệt, may, da, giày (Triệu đô la Mỹ)",1998,
"Nguyên phụ liệu dệt, may, da, giày (Triệu đô la Mỹ)",1999,
"Nguyên phụ liệu dệt, may, da, giày (Triệu đô la Mỹ)",2000,
"Nguyên phụ liệu dệt, may, da, giày (Triệu đô la Mỹ)",2001,
"Nguyên phụ liệu dệt, may, da, giày (Triệu đô la Mỹ)",2002,
"Nguyên phụ liệu dệt, may, da, giày (Triệu đô la Mỹ)",2003,
"Nguyên phụ liệu dệt, may, da, giày (Triệu đô la Mỹ)",2004,
"Nguyên phụ liệu dệt, may, da, giày (Triệu đô la Mỹ)",2005,
"Nguyên phụ liệu dệt, may, da, giày (Triệu đô la Mỹ)",2006,
"Nguyên phụ liệu dệt, may, da, giày (Triệu đô la Mỹ)",2007,
"Nguyên phụ liệu dệt, may, da, giày (Triệu đô la Mỹ)",2008,
"Nguyên phụ liệu dệt, may, da, giày (Triệu đô la Mỹ)",2009,
"Nguyên phụ liệu dệt, may, da, giày (Triệu đô la Mỹ)",2010,
"Nguyên phụ liệu dệt, may, da, giày (Triệu đô la Mỹ)",2011,
"Nguyên phụ liệu dệt, may, da, giày (Triệu đô la Mỹ)",2012,
"Nguyên phụ liệu dệt, may, da, giày (Triệu đô la Mỹ)",2013,921.6
"Nguyên phụ liệu dệt, may, da, giày (Triệu đô la Mỹ)",2014,1109.7
"Nguyên phụ liệu dệt, may, da, giày (Triệu đô la Mỹ)",2015,1472.657
"Nguyên phụ liệu dệt, may, da, giày (Triệu đô la Mỹ)",2016,1552.876
"Nguyên phụ liệu dệt, may, da, giày (Triệu đô la Mỹ)",2017,1785.159
"Nguyên phụ liệu dệt, may, da, giày (Triệu đô la Mỹ)",2018,1963.637
"Nguyên phụ liệu dệt, may, da, giày (Triệu đô la Mỹ)",2019,2014.613
"Nguyên phụ liệu dệt, may, da, giày (Triệu đô la Mỹ)",2020,1666.47264196
"Nguyên phụ liệu dệt, may, da, giày (Triệu đô la Mỹ)",2021,1966.84261739
"Nguyên phụ liệu dệt, may, da, giày (Triệu đô la Mỹ)",2022,2214.52307786
"Nguyên phụ liệu dệt, may, da, giày (Triệu đô la Mỹ)",2023,1933.60280708
"Nguyên phụ liệu dệt, may, da, giày (Triệu đô la Mỹ)",Sơ bộ 2024,2229.236738
"Đá quý, kim loại quý và sản phẩm (Triệu đô la Mỹ)",1995,
"Đá quý, kim loại quý và sản phẩm (Triệu đô la Mỹ)",1996,
"Đá quý, kim loại quý và sản phẩm (Triệu đô la Mỹ)",1997,
"Đá quý, kim loại quý và sản phẩm (Triệu đô la Mỹ)",1998,
"Đá quý, kim loại quý và sản phẩm (Triệu đô la Mỹ)",1999,
"Đá quý, kim loại quý và sản phẩm (Triệu đô la Mỹ)",2000,
"Đá quý, kim loại quý và sản phẩm (Triệu đô la Mỹ)",2001,
"Đá quý, kim loại quý và sản phẩm (Triệu đô la Mỹ)",2002,
"Đá quý, kim loại quý và sản phẩm (Triệu đô la Mỹ)",2003,
"Đá quý, kim loại quý và sản phẩm (Triệu đô la Mỹ)",2004,
"Đá quý, kim loại quý và sản phẩm (Triệu đô la Mỹ)",2005,
"Đá quý, kim loại quý và sản phẩm (Triệu đô la Mỹ)",2006,
"Đá quý, kim loại quý và sản phẩm (Triệu đô la Mỹ)",2007,
"Đá quý, kim loại quý và sản phẩm (Triệu đô la Mỹ)",2008,
"Đá quý, kim loại quý và sản phẩm (Triệu đô la Mỹ)",2009,
"Đá quý, kim loại quý và sản phẩm (Triệu đô la Mỹ)",2010,
"Đá quý, kim loại quý và sản phẩm (Triệu đô la Mỹ)",2011,
"Đá quý, kim loại quý và sản phẩm (Triệu đô la Mỹ)",2012,545.8
"Đá quý, kim loại quý và sản phẩm (Triệu đô la Mỹ)",2013,579.628
"Đá quý, kim loại quý và sản phẩm (Triệu đô la Mỹ)",2014,670.375
"Đá quý, kim loại quý và sản phẩm (Triệu đô la Mỹ)",2015,600.865
"Đá quý, kim loại quý và sản phẩm (Triệu đô la Mỹ)",2016,868.025
"Đá quý, kim loại quý và sản phẩm (Triệu đô la Mỹ)",2017,559.596
"Đá quý, kim loại quý và sản phẩm (Triệu đô la Mỹ)",2018,627.381
"Đá quý, kim loại quý và sản phẩm (Triệu đô la Mỹ)",2019,2077.966
"Đá quý, kim loại quý và sản phẩm (Triệu đô la Mỹ)",2020,2673.36174323
"Đá quý, kim loại quý và sản phẩm (Triệu đô la Mỹ)",2021,836.23416313
"Đá quý, kim loại quý và sản phẩm (Triệu đô la Mỹ)",2022,1081.06190803
"Đá quý, kim loại quý và sản phẩm (Triệu đô la Mỹ)",2023,961.06262194
"Đá quý, kim loại quý và sản phẩm (Triệu đô la Mỹ)",Sơ bộ 2024,636.87359
Sắt thép (Triệu đô la Mỹ),1995,
Sắt thép (Triệu đô la Mỹ),1996,
Sắt thép (Triệu đô la Mỹ),1997,
Sắt thép (Triệu đô la Mỹ),1998,
Sắt thép (Triệu đô la Mỹ),1999,
Sắt thép (Triệu đô la Mỹ),2000,
Sắt thép (Triệu đô la Mỹ),2001,
Sắt thép (Triệu đô la Mỹ),2002,
Sắt thép (Triệu đô la Mỹ),2003,
Sắt thép (Triệu đô la Mỹ),2004,
Sắt thép (Triệu đô la Mỹ),2005,
Sắt thép (Triệu đô la Mỹ),2006,
Sắt thép (Triệu đô la Mỹ),2007,
Sắt thép (Triệu đô la Mỹ),2008,
Sắt thép (Triệu đô la Mỹ),2009,
Sắt thép (Triệu đô la Mỹ),2010,
Sắt thép (Triệu đô la Mỹ),2011,
Sắt thép (Triệu đô la Mỹ),2012,
Sắt thép (Triệu đô la Mỹ),2013,1791.194
Sắt thép (Triệu đô la Mỹ),2014,2008.449
Sắt thép (Triệu đô la Mỹ),2015,1692.154
Sắt thép (Triệu đô la Mỹ),2016,2036.589
Sắt thép (Triệu đô la Mỹ),2017,3149.386
Sắt thép (Triệu đô la Mỹ),2018,4547.206
Sắt thép (Triệu đô la Mỹ),2019,4204.911
Sắt thép (Triệu đô la Mỹ),2020,5258.90727826
Sắt thép (Triệu đô la Mỹ),2021,11790.52529388
Sắt thép (Triệu đô la Mỹ),2022,7989.27777401
Sắt thép (Triệu đô la Mỹ),2023,8347.05637577
Sắt thép (Triệu đô la Mỹ),Sơ bộ 2024,9077.610406
Sản phẩm từ sắt thép (Triệu đô la Mỹ),1995,
Sản phẩm từ sắt thép (Triệu đô la Mỹ),1996,
Sản phẩm từ sắt thép (Triệu đô la Mỹ),1997,
Sản phẩm từ sắt thép (Triệu đô la Mỹ),1998,
Sản phẩm từ sắt thép (Triệu đô la Mỹ),1999,
Sản phẩm từ sắt thép (Triệu đô la Mỹ),2000,
Sản phẩm từ sắt thép (Triệu đô la Mỹ),2001,
Sản phẩm từ sắt thép (Triệu đô la Mỹ),2002,
Sản phẩm từ sắt thép (Triệu đô la Mỹ),2003,
Sản phẩm từ sắt thép (Triệu đô la Mỹ),2004,
Sản phẩm từ sắt thép (Triệu đô la Mỹ),2005,
Sản phẩm từ sắt thép (Triệu đô la Mỹ),2006,
Sản phẩm từ sắt thép (Triệu đô la Mỹ),2007,
Sản phẩm từ sắt thép (Triệu đô la Mỹ),2008,
Sản phẩm từ sắt thép (Triệu đô la Mỹ),2009,
Sản phẩm từ sắt thép (Triệu đô la Mỹ),2010,
Sản phẩm từ sắt thép (Triệu đô la Mỹ),2011,
Sản phẩm từ sắt thép (Triệu đô la Mỹ),2012,
Sản phẩm từ sắt thép (Triệu đô la Mỹ),2013,
Sản phẩm từ sắt thép (Triệu đô la Mỹ),2014,
Sản phẩm từ sắt thép (Triệu đô la Mỹ),2015,1772.926
Sản phẩm từ sắt thép (Triệu đô la Mỹ),2016,1995.848
Sản phẩm từ sắt thép (Triệu đô la Mỹ),2017,2299.06
Sản phẩm từ sắt thép (Triệu đô la Mỹ),2018,3035.278
Sản phẩm từ sắt thép (Triệu đô la Mỹ),2019,3338.021
Sản phẩm từ sắt thép (Triệu đô la Mỹ),2020,3077.24022097
Sản phẩm từ sắt thép (Triệu đô la Mỹ),2021,3978.64131151
Sản phẩm từ sắt thép (Triệu đô la Mỹ),2022,4673.98079413
Sản phẩm từ sắt thép (Triệu đô la Mỹ),2023,3988.18813474
Sản phẩm từ sắt thép (Triệu đô la Mỹ),Sơ bộ 2024,4593.709832
Kim loại thường khác và sản phẩm (Triệu đô la Mỹ),1995,
Kim loại thường khác và sản phẩm (Triệu đô la Mỹ),1996,
Kim loại thường khác và sản phẩm (Triệu đô la Mỹ),1997,
Kim loại thường khác và sản phẩm (Triệu đô la Mỹ),1998,
Kim loại thường khác và sản phẩm (Triệu đô la Mỹ),1999,
Kim loại thường khác và sản phẩm (Triệu đô la Mỹ),2000,
Kim loại thường khác và sản phẩm (Triệu đô la Mỹ),2001,
Kim loại thường khác và sản phẩm (Triệu đô la Mỹ),2002,
Kim loại thường khác và sản phẩm (Triệu đô la Mỹ),2003,
Kim loại thường khác và sản phẩm (Triệu đô la Mỹ),2004,
Kim loại thường khác và sản phẩm (Triệu đô la Mỹ),2005,
Kim loại thường khác và sản phẩm (Triệu đô la Mỹ),2006,
Kim loại thường khác và sản phẩm (Triệu đô la Mỹ),2007,
Kim loại thường khác và sản phẩm (Triệu đô la Mỹ),2008,
Kim loại thường khác và sản phẩm (Triệu đô la Mỹ),2009,
Kim loại thường khác và sản phẩm (Triệu đô la Mỹ),2010,
Kim loại thường khác và sản phẩm (Triệu đô la Mỹ),2011,
Kim loại thường khác và sản phẩm (Triệu đô la Mỹ),2012,
Kim loại thường khác và sản phẩm (Triệu đô la Mỹ),2013,624.993
Kim loại thường khác và sản phẩm (Triệu đô la Mỹ),2014,788.782
Kim loại thường khác và sản phẩm (Triệu đô la Mỹ),2015,959.75
Kim loại thường khác và sản phẩm (Triệu đô la Mỹ),2016,1253.49
Kim loại thường khác và sản phẩm (Triệu đô la Mỹ),2017,1780.036
Kim loại thường khác và sản phẩm (Triệu đô la Mỹ),2018,2320.999
Kim loại thường khác và sản phẩm (Triệu đô la Mỹ),2019,2572.81
Kim loại thường khác và sản phẩm (Triệu đô la Mỹ),2020,2719.60385939
Kim loại thường khác và sản phẩm (Triệu đô la Mỹ),2021,3754.0027012
Kim loại thường khác và sản phẩm (Triệu đô la Mỹ),2022,4530.87249769
Kim loại thường khác và sản phẩm (Triệu đô la Mỹ),2023,4016.33455216
Kim loại thường khác và sản phẩm (Triệu đô la Mỹ),Sơ bộ 2024,4194.253953
"Hàng điện tử, máy tính và linh kiện (Triệu đô la Mỹ)",1995,
"Hàng điện tử, máy tính và linh kiện (Triệu đô la Mỹ)",1996,
"Hàng điện tử, máy tính và linh kiện (Triệu đô la Mỹ)",1997,
"Hàng điện tử, máy tính và linh kiện (Triệu đô la Mỹ)",1998,
"Hàng điện tử, máy tính và linh kiện (Triệu đô la Mỹ)",1999,
"Hàng điện tử, máy tính và linh kiện (Triệu đô la Mỹ)",2000,788.6
"Hàng điện tử, máy tính và linh kiện (Triệu đô la Mỹ)",2001,709.5
"Hàng điện tử, máy tính và linh kiện (Triệu đô la Mỹ)",2002,605.4
"Hàng điện tử, máy tính và linh kiện (Triệu đô la Mỹ)",2003,854.7
"Hàng điện tử, máy tính và linh kiện (Triệu đô la Mỹ)",2004,1062.4
"Hàng điện tử, máy tính và linh kiện (Triệu đô la Mỹ)",2005,1427.4
"Hàng điện tử, máy tính và linh kiện (Triệu đô la Mỹ)",2006,1807.8
"Hàng điện tử, máy tính và linh kiện (Triệu đô la Mỹ)",2007,2165.2
"Hàng điện tử, máy tính và linh kiện (Triệu đô la Mỹ)",2008,2640.3
"Hàng điện tử, máy tính và linh kiện (Triệu đô la Mỹ)",2009,2763
"Hàng điện tử, máy tính và linh kiện (Triệu đô la Mỹ)",2010,3590.1
"Hàng điện tử, máy tính và linh kiện (Triệu đô la Mỹ)",2011,4662.2
"Hàng điện tử, máy tính và linh kiện (Triệu đô la Mỹ)",2012,7848.82036353
"Hàng điện tử, máy tính và linh kiện (Triệu đô la Mỹ)",2013,10635.974
"Hàng điện tử, máy tính và linh kiện (Triệu đô la Mỹ)",2014,11434.4
"Hàng điện tử, máy tính và linh kiện (Triệu đô la Mỹ)",2015,15607.6
"Hàng điện tử, máy tính và linh kiện (Triệu đô la Mỹ)",2016,18956.938
"Hàng điện tử, máy tính và linh kiện (Triệu đô la Mỹ)",2017,26281.898
"Hàng điện tử, máy tính và linh kiện (Triệu đô la Mỹ)",2018,29562.041689
"Hàng điện tử, máy tính và linh kiện (Triệu đô la Mỹ)",2019,36311.28435503
"Hàng điện tử, máy tính và linh kiện (Triệu đô la Mỹ)",2020,44581.13399721
"Hàng điện tử, máy tính và linh kiện (Triệu đô la Mỹ)",2021,50612.79844619
"Hàng điện tử, máy tính và linh kiện (Triệu đô la Mỹ)",2022,55526.01610287
"Hàng điện tử, máy tính và linh kiện (Triệu đô la Mỹ)",2023,57311.3899069
"Hàng điện tử, máy tính và linh kiện (Triệu đô la Mỹ)",Sơ bộ 2024,72594.8702
Điện thoại các loại và linh kiện (Triệu đô la Mỹ),1995,
Điện thoại các loại và linh kiện (Triệu đô la Mỹ),1996,
Điện thoại các loại và linh kiện (Triệu đô la Mỹ),1997,
Điện thoại các loại và linh kiện (Triệu đô la Mỹ),1998,
Điện thoại các loại và linh kiện (Triệu đô la Mỹ),1999,
Điện thoại các loại và linh kiện (Triệu đô la Mỹ),2000,
Điện thoại các loại và linh kiện (Triệu đô la Mỹ),2001,
Điện thoại các loại và linh kiện (Triệu đô la Mỹ),2002,
Điện thoại các loại và linh kiện (Triệu đô la Mỹ),2003,
Điện thoại các loại và linh kiện (Triệu đô la Mỹ),2004,
Điện thoại các loại và linh kiện (Triệu đô la Mỹ),2005,10.4
Điện thoại các loại và linh kiện (Triệu đô la Mỹ),2006,
Điện thoại các loại và linh kiện (Triệu đô la Mỹ),2007,
Điện thoại các loại và linh kiện (Triệu đô la Mỹ),2008,
Điện thoại các loại và linh kiện (Triệu đô la Mỹ),2009,593.3
Điện thoại các loại và linh kiện (Triệu đô la Mỹ),2010,2307.3
Điện thoại các loại và linh kiện (Triệu đô la Mỹ),2011,6396.7
Điện thoại các loại và linh kiện (Triệu đô la Mỹ),2012,12746.55767323
Điện thoại các loại và linh kiện (Triệu đô la Mỹ),2013,21253.267
Điện thoại các loại và linh kiện (Triệu đô la Mỹ),2014,23572.659
Điện thoại các loại và linh kiện (Triệu đô la Mỹ),2015,30239.6
Điện thoại các loại và linh kiện (Triệu đô la Mỹ),2016,34493.71441424
Điện thoại các loại và linh kiện (Triệu đô la Mỹ),2017,45609.858
Điện thoại các loại và linh kiện (Triệu đô la Mỹ),2018,49531.2812218
Điện thoại các loại và linh kiện (Triệu đô la Mỹ),2019,51970.20298523
Điện thoại các loại và linh kiện (Triệu đô la Mỹ),2020,51183.91459082
Điện thoại các loại và linh kiện (Triệu đô la Mỹ),2021,57530.68295831
Điện thoại các loại và linh kiện (Triệu đô la Mỹ),2022,58006.8780188
Điện thoại các loại và linh kiện (Triệu đô la Mỹ),2023,52363.98710808
Điện thoại các loại và linh kiện (Triệu đô la Mỹ),Sơ bộ 2024,53890.828638
"Máy ảnh, máy quay phim và linh kiện (Triệu đô la Mỹ)",1995,
"Máy ảnh, máy quay phim và linh kiện (Triệu đô la Mỹ)",1996,
"Máy ảnh, máy quay phim và linh kiện (Triệu đô la Mỹ)",1997,
"Máy ảnh, máy quay phim và linh kiện (Triệu đô la Mỹ)",1998,
"Máy ảnh, máy quay phim và linh kiện (Triệu đô la Mỹ)",1999,
"Máy ảnh, máy quay phim và linh kiện (Triệu đô la Mỹ)",2000,
"Máy ảnh, máy quay phim và linh kiện (Triệu đô la Mỹ)",2001,
"Máy ảnh, máy quay phim và linh kiện (Triệu đô la Mỹ)",2002,
"Máy ảnh, máy quay phim và linh kiện (Triệu đô la Mỹ)",2003,
"Máy ảnh, máy quay phim và linh kiện (Triệu đô la Mỹ)",2004,
"Máy ảnh, máy quay phim và linh kiện (Triệu đô la Mỹ)",2005,
"Máy ảnh, máy quay phim và linh kiện (Triệu đô la Mỹ)",2006,
"Máy ảnh, máy quay phim và linh kiện (Triệu đô la Mỹ)",2007,
"Máy ảnh, máy quay phim và linh kiện (Triệu đô la Mỹ)",2008,
"Máy ảnh, máy quay phim và linh kiện (Triệu đô la Mỹ)",2009,
"Máy ảnh, máy quay phim và linh kiện (Triệu đô la Mỹ)",2010,
"Máy ảnh, máy quay phim và linh kiện (Triệu đô la Mỹ)",2011,
"Máy ảnh, máy quay phim và linh kiện (Triệu đô la Mỹ)",2012,
"Máy ảnh, máy quay phim và linh kiện (Triệu đô la Mỹ)",2013,1622.371
"Máy ảnh, máy quay phim và linh kiện (Triệu đô la Mỹ)",2014,2217.875
"Máy ảnh, máy quay phim và linh kiện (Triệu đô la Mỹ)",2015,3025.255
"Máy ảnh, máy quay phim và linh kiện (Triệu đô la Mỹ)",2016,2958.102
"Máy ảnh, máy quay phim và linh kiện (Triệu đô la Mỹ)",2017,3853.825
"Máy ảnh, máy quay phim và linh kiện (Triệu đô la Mỹ)",2018,5239.038
"Máy ảnh, máy quay phim và linh kiện (Triệu đô la Mỹ)",2019,3683.765
"Máy ảnh, máy quay phim và linh kiện (Triệu đô la Mỹ)",2020,3268.55615775
"Máy ảnh, máy quay phim và linh kiện (Triệu đô la Mỹ)",2021,5286.31942652
"Máy ảnh, máy quay phim và linh kiện (Triệu đô la Mỹ)",2022,6392.84042436
"Máy ảnh, máy quay phim và linh kiện (Triệu đô la Mỹ)",2023,7620.74136689
"Máy ảnh, máy quay phim và linh kiện (Triệu đô la Mỹ)",Sơ bộ 2024,8022.479616
"Máy móc thiết bị, dụng cụ phụ tùng khác (Triệu đô la Mỹ)",1995,
"Máy móc thiết bị, dụng cụ phụ tùng khác (Triệu đô la Mỹ)",1996,
"Máy móc thiết bị, dụng cụ phụ tùng khác (Triệu đô la Mỹ)",1997,
"Máy móc thiết bị, dụng cụ phụ tùng khác (Triệu đô la Mỹ)",1998,
"Máy móc thiết bị, dụng cụ phụ tùng khác (Triệu đô la Mỹ)",1999,
"Máy móc thiết bị, dụng cụ phụ tùng khác (Triệu đô la Mỹ)",2000,
"Máy móc thiết bị, dụng cụ phụ tùng khác (Triệu đô la Mỹ)",2001,
"Máy móc thiết bị, dụng cụ phụ tùng khác (Triệu đô la Mỹ)",2002,
"Máy móc thiết bị, dụng cụ phụ tùng khác (Triệu đô la Mỹ)",2003,
"Máy móc thiết bị, dụng cụ phụ tùng khác (Triệu đô la Mỹ)",2004,
"Máy móc thiết bị, dụng cụ phụ tùng khác (Triệu đô la Mỹ)",2005,
"Máy móc thiết bị, dụng cụ phụ tùng khác (Triệu đô la Mỹ)",2006,
"Máy móc thiết bị, dụng cụ phụ tùng khác (Triệu đô la Mỹ)",2007,
"Máy móc thiết bị, dụng cụ phụ tùng khác (Triệu đô la Mỹ)",2008,
"Máy móc thiết bị, dụng cụ phụ tùng khác (Triệu đô la Mỹ)",2009,
"Máy móc thiết bị, dụng cụ phụ tùng khác (Triệu đô la Mỹ)",2010,
"Máy móc thiết bị, dụng cụ phụ tùng khác (Triệu đô la Mỹ)",2011,
"Máy móc thiết bị, dụng cụ phụ tùng khác (Triệu đô la Mỹ)",2012,
"Máy móc thiết bị, dụng cụ phụ tùng khác (Triệu đô la Mỹ)",2013,6024.2
"Máy móc thiết bị, dụng cụ phụ tùng khác (Triệu đô la Mỹ)",2014,7315.189
"Máy móc thiết bị, dụng cụ phụ tùng khác (Triệu đô la Mỹ)",2015,8159.578
"Máy móc thiết bị, dụng cụ phụ tùng khác (Triệu đô la Mỹ)",2016,10484.12
"Máy móc thiết bị, dụng cụ phụ tùng khác (Triệu đô la Mỹ)",2017,12913.026
"Máy móc thiết bị, dụng cụ phụ tùng khác (Triệu đô la Mỹ)",2018,16358.776
"Máy móc thiết bị, dụng cụ phụ tùng khác (Triệu đô la Mỹ)",2019,18301.924
"Máy móc thiết bị, dụng cụ phụ tùng khác (Triệu đô la Mỹ)",2020,27201.76174904
"Máy móc thiết bị, dụng cụ phụ tùng khác (Triệu đô la Mỹ)",2021,38342.49240701
"Máy móc thiết bị, dụng cụ phụ tùng khác (Triệu đô la Mỹ)",2022,45678.14875689
"Máy móc thiết bị, dụng cụ phụ tùng khác (Triệu đô la Mỹ)",2023,43177.1542847
"Máy móc thiết bị, dụng cụ phụ tùng khác (Triệu đô la Mỹ)",Sơ bộ 2024,52171.500928
Dây điện và cáp điện (Triệu đô la Mỹ),1995,
Dây điện và cáp điện (Triệu đô la Mỹ),1996,
Dây điện và cáp điện (Triệu đô la Mỹ),1997,
Dây điện và cáp điện (Triệu đô la Mỹ),1998,
Dây điện và cáp điện (Triệu đô la Mỹ),1999,
Dây điện và cáp điện (Triệu đô la Mỹ),2000,129.5
Dây điện và cáp điện (Triệu đô la Mỹ),2001,181
Dây điện và cáp điện (Triệu đô la Mỹ),2002,187.7
Dây điện và cáp điện (Triệu đô la Mỹ),2003,291.7
Dây điện và cáp điện (Triệu đô la Mỹ),2004,389.7
Dây điện và cáp điện (Triệu đô la Mỹ),2005,518.2
Dây điện và cáp điện (Triệu đô la Mỹ),2006,705.7
Dây điện và cáp điện (Triệu đô la Mỹ),2007,882.3
Dây điện và cáp điện (Triệu đô la Mỹ),2008,1009
Dây điện và cáp điện (Triệu đô la Mỹ),2009,891.8
Dây điện và cáp điện (Triệu đô la Mỹ),2010,1316
Dây điện và cáp điện (Triệu đô la Mỹ),2011,443.6
Dây điện và cáp điện (Triệu đô la Mỹ),2012,618.787
Dây điện và cáp điện (Triệu đô la Mỹ),2013,678.462
Dây điện và cáp điện (Triệu đô la Mỹ),2014,756.718
Dây điện và cáp điện (Triệu đô la Mỹ),2015,896.6
Dây điện và cáp điện (Triệu đô la Mỹ),2016,1070.7
Dây điện và cáp điện (Triệu đô la Mỹ),2017,1406.872
Dây điện và cáp điện (Triệu đô la Mỹ),2018,1701.696337
Dây điện và cáp điện (Triệu đô la Mỹ),2019,1985.124495
Dây điện và cáp điện (Triệu đô la Mỹ),2020,2442.9157904
Dây điện và cáp điện (Triệu đô la Mỹ),2021,3109.50510731
Dây điện và cáp điện (Triệu đô la Mỹ),2022,3406.21333085
Dây điện và cáp điện (Triệu đô la Mỹ),2023,3333.65396167
Dây điện và cáp điện (Triệu đô la Mỹ),Sơ bộ 2024,3500.806954
Phương tiện vận tải và phụ tùng (Triệu đô la Mỹ),1995,
Phương tiện vận tải và phụ tùng (Triệu đô la Mỹ),1996,
Phương tiện vận tải và phụ tùng (Triệu đô la Mỹ),1997,
Phương tiện vận tải và phụ tùng (Triệu đô la Mỹ),1998,
Phương tiện vận tải và phụ tùng (Triệu đô la Mỹ),1999,
Phương tiện vận tải và phụ tùng (Triệu đô la Mỹ),2000,
Phương tiện vận tải và phụ tùng (Triệu đô la Mỹ),2001,
Phương tiện vận tải và phụ tùng (Triệu đô la Mỹ),2002,
Phương tiện vận tải và phụ tùng (Triệu đô la Mỹ),2003,
Phương tiện vận tải và phụ tùng (Triệu đô la Mỹ),2004,
Phương tiện vận tải và phụ tùng (Triệu đô la Mỹ),2005,
Phương tiện vận tải và phụ tùng (Triệu đô la Mỹ),2006,
Phương tiện vận tải và phụ tùng (Triệu đô la Mỹ),2007,
Phương tiện vận tải và phụ tùng (Triệu đô la Mỹ),2008,
Phương tiện vận tải và phụ tùng (Triệu đô la Mỹ),2009,
Phương tiện vận tải và phụ tùng (Triệu đô la Mỹ),2010,
Phương tiện vận tải và phụ tùng (Triệu đô la Mỹ),2011,
Phương tiện vận tải và phụ tùng (Triệu đô la Mỹ),2012,
Phương tiện vận tải và phụ tùng (Triệu đô la Mỹ),2013,4961.163
Phương tiện vận tải và phụ tùng (Triệu đô la Mỹ),2014,5678.35
Phương tiện vận tải và phụ tùng (Triệu đô la Mỹ),2015,6531.373
Phương tiện vận tải và phụ tùng (Triệu đô la Mỹ),2016,6058.95
Phương tiện vận tải và phụ tùng (Triệu đô la Mỹ),2017,6843.267
Phương tiện vận tải và phụ tùng (Triệu đô la Mỹ),2018,8017.769
Phương tiện vận tải và phụ tùng (Triệu đô la Mỹ),2019,8741.161
Phương tiện vận tải và phụ tùng (Triệu đô la Mỹ),2020,9182.37617288
Phương tiện vận tải và phụ tùng (Triệu đô la Mỹ),2021,10612.06680965
Phương tiện vận tải và phụ tùng (Triệu đô la Mỹ),2022,12071.91871145
Phương tiện vận tải và phụ tùng (Triệu đô la Mỹ),2023,14145.67698194
Phương tiện vận tải và phụ tùng (Triệu đô la Mỹ),Sơ bộ 2024,15243.421759
Sản phẩm nội thất từ chất liệu khác gỗ (Triệu đô la Mỹ),1995,
Sản phẩm nội thất từ chất liệu khác gỗ (Triệu đô la Mỹ),1996,
Sản phẩm nội thất từ chất liệu khác gỗ (Triệu đô la Mỹ),1997,
Sản phẩm nội thất từ chất liệu khác gỗ (Triệu đô la Mỹ),1998,
Sản phẩm nội thất từ chất liệu khác gỗ (Triệu đô la Mỹ),1999,
Sản phẩm nội thất từ chất liệu khác gỗ (Triệu đô la Mỹ),2000,
Sản phẩm nội thất từ chất liệu khác gỗ (Triệu đô la Mỹ),2001,
Sản phẩm nội thất từ chất liệu khác gỗ (Triệu đô la Mỹ),2002,
Sản phẩm nội thất từ chất liệu khác gỗ (Triệu đô la Mỹ),2003,
Sản phẩm nội thất từ chất liệu khác gỗ (Triệu đô la Mỹ),2004,
Sản phẩm nội thất từ chất liệu khác gỗ (Triệu đô la Mỹ),2005,
Sản phẩm nội thất từ chất liệu khác gỗ (Triệu đô la Mỹ),2006,
Sản phẩm nội thất từ chất liệu khác gỗ (Triệu đô la Mỹ),2007,
Sản phẩm nội thất từ chất liệu khác gỗ (Triệu đô la Mỹ),2008,
Sản phẩm nội thất từ chất liệu khác gỗ (Triệu đô la Mỹ),2009,
Sản phẩm nội thất từ chất liệu khác gỗ (Triệu đô la Mỹ),2010,
Sản phẩm nội thất từ chất liệu khác gỗ (Triệu đô la Mỹ),2011,
Sản phẩm nội thất từ chất liệu khác gỗ (Triệu đô la Mỹ),2012,
Sản phẩm nội thất từ chất liệu khác gỗ (Triệu đô la Mỹ),2013,
Sản phẩm nội thất từ chất liệu khác gỗ (Triệu đô la Mỹ),2014,
Sản phẩm nội thất từ chất liệu khác gỗ (Triệu đô la Mỹ),2015,766.058
Sản phẩm nội thất từ chất liệu khác gỗ (Triệu đô la Mỹ),2016,863.553
Sản phẩm nội thất từ chất liệu khác gỗ (Triệu đô la Mỹ),2017,1086.398
Sản phẩm nội thất từ chất liệu khác gỗ (Triệu đô la Mỹ),2018,1271.037
Sản phẩm nội thất từ chất liệu khác gỗ (Triệu đô la Mỹ),2019,1686.296
Sản phẩm nội thất từ chất liệu khác gỗ (Triệu đô la Mỹ),2020,2494.6471981
Sản phẩm nội thất từ chất liệu khác gỗ (Triệu đô la Mỹ),2021,2838.56364108
Sản phẩm nội thất từ chất liệu khác gỗ (Triệu đô la Mỹ),2022,2783.36622855
Sản phẩm nội thất từ chất liệu khác gỗ (Triệu đô la Mỹ),2023,2465.74660242
Sản phẩm nội thất từ chất liệu khác gỗ (Triệu đô la Mỹ),Sơ bộ 2024,3410.302755
"Đồ chơi, dụng cụ thể thao và bộ phận (Triệu đô la Mỹ)",1995,
"Đồ chơi, dụng cụ thể thao và bộ phận (Triệu đô la Mỹ)",1996,
"Đồ chơi, dụng cụ thể thao và bộ phận (Triệu đô la Mỹ)",1997,
"Đồ chơi, dụng cụ thể thao và bộ phận (Triệu đô la Mỹ)",1998,
"Đồ chơi, dụng cụ thể thao và bộ phận (Triệu đô la Mỹ)",1999,
"Đồ chơi, dụng cụ thể thao và bộ phận (Triệu đô la Mỹ)",2000,
"Đồ chơi, dụng cụ thể thao và bộ phận (Triệu đô la Mỹ)",2001,
"Đồ chơi, dụng cụ thể thao và bộ phận (Triệu đô la Mỹ)",2002,
"Đồ chơi, dụng cụ thể thao và bộ phận (Triệu đô la Mỹ)",2003,
"Đồ chơi, dụng cụ thể thao và bộ phận (Triệu đô la Mỹ)",2004,
"Đồ chơi, dụng cụ thể thao và bộ phận (Triệu đô la Mỹ)",2005,
"Đồ chơi, dụng cụ thể thao và bộ phận (Triệu đô la Mỹ)",2006,
"Đồ chơi, dụng cụ thể thao và bộ phận (Triệu đô la Mỹ)",2007,
"Đồ chơi, dụng cụ thể thao và bộ phận (Triệu đô la Mỹ)",2008,
"Đồ chơi, dụng cụ thể thao và bộ phận (Triệu đô la Mỹ)",2009,
"Đồ chơi, dụng cụ thể thao và bộ phận (Triệu đô la Mỹ)",2010,
"Đồ chơi, dụng cụ thể thao và bộ phận (Triệu đô la Mỹ)",2011,
"Đồ chơi, dụng cụ thể thao và bộ phận (Triệu đô la Mỹ)",2012,
"Đồ chơi, dụng cụ thể thao và bộ phận (Triệu đô la Mỹ)",2013,
"Đồ chơi, dụng cụ thể thao và bộ phận (Triệu đô la Mỹ)",2014,
"Đồ chơi, dụng cụ thể thao và bộ phận (Triệu đô la Mỹ)",2015,447.721
"Đồ chơi, dụng cụ thể thao và bộ phận (Triệu đô la Mỹ)",2016,600.325
"Đồ chơi, dụng cụ thể thao và bộ phận (Triệu đô la Mỹ)",2017,803.578
"Đồ chơi, dụng cụ thể thao và bộ phận (Triệu đô la Mỹ)",2018,1395.573
"Đồ chơi, dụng cụ thể thao và bộ phận (Triệu đô la Mỹ)",2019,1945.556
"Đồ chơi, dụng cụ thể thao và bộ phận (Triệu đô la Mỹ)",2020,2893.96339644
"Đồ chơi, dụng cụ thể thao và bộ phận (Triệu đô la Mỹ)",2021,2925.93176361
"Đồ chơi, dụng cụ thể thao và bộ phận (Triệu đô la Mỹ)",2022,4239.8399806
"Đồ chơi, dụng cụ thể thao và bộ phận (Triệu đô la Mỹ)",2023,3671.20925836
"Đồ chơi, dụng cụ thể thao và bộ phận (Triệu đô la Mỹ)",Sơ bộ 2024,3756.903261
Gạo (Nghìn tấn),1995,1988
Gạo (Nghìn tấn),1996,3003
Gạo (Nghìn tấn),1997,3575
Gạo (Nghìn tấn),1998,3730
Gạo (Nghìn tấn),1999,4508.3
Gạo (Nghìn tấn),2000,3476.7
Gạo (Nghìn tấn),2001,3720.7
Gạo (Nghìn tấn),2002,3236.2
Gạo (Nghìn tấn),2003,3810
Gạo (Nghìn tấn),2004,4063.1
Gạo (Nghìn tấn),2005,5254.8
Gạo (Nghìn tấn),2006,4642
Gạo (Nghìn tấn),2007,4580
Gạo (Nghìn tấn),2008,4744.9
Gạo (Nghìn tấn),2009,5969
Gạo (Nghìn tấn),2010,6893
Gạo (Nghìn tấn),2011,7116.3
Gạo (Nghìn tấn),2012,8017.1
Gạo (Nghìn tấn),2013,6587.1
Gạo (Nghìn tấn),2014,6331.4
Gạo (Nghìn tấn),2015,6582.165787
Gạo (Nghìn tấn),2016,6582.2
Gạo (Nghìn tấn),2017,5818.5
Gạo (Nghìn tấn),2018,6107.1
Gạo (Nghìn tấn),2019,6370.6
Gạo (Nghìn tấn),2020,6249.03224
Gạo (Nghìn tấn),2021,6242.22003
Gạo (Nghìn tấn),2022,7105.23202
Gạo (Nghìn tấn),2023,8131.62984
Gạo (Nghìn tấn),Sơ bộ 2024,9037.583
Dầu thô (Nghìn tấn),1995,7652
Dầu thô (Nghìn tấn),1996,8705
Dầu thô (Nghìn tấn),1997,9638
Dầu thô (Nghìn tấn),1998,12145
Dầu thô (Nghìn tấn),1999,14881.9
Dầu thô (Nghìn tấn),2000,15423.5
Dầu thô (Nghìn tấn),2001,16731.6
Dầu thô (Nghìn tấn),2002,16876
Dầu thô (Nghìn tấn),2003,17142.5
Dầu thô (Nghìn tấn),2004,19500.6
Dầu thô (Nghìn tấn),2005,17966.6
Dầu thô (Nghìn tấn),2006,16442
Dầu thô (Nghìn tấn),2007,15062
Dầu thô (Nghìn tấn),2008,13752.3
Dầu thô (Nghìn tấn),2009,13373
Dầu thô (Nghìn tấn),2010,8072
Dầu thô (Nghìn tấn),2011,8240.4
Dầu thô (Nghìn tấn),2012,9251.4
Dầu thô (Nghìn tấn),2013,8398.5
Dầu thô (Nghìn tấn),2014,9306.2
Dầu thô (Nghìn tấn),2015,9486.4
Dầu thô (Nghìn tấn),2016,9486.4
Dầu thô (Nghìn tấn),2017,6805.9
Dầu thô (Nghìn tấn),2018,3961
Dầu thô (Nghìn tấn),2019,3976.2
Dầu thô (Nghìn tấn),2020,4656.84181
Dầu thô (Nghìn tấn),2021,3125.3419
Dầu thô (Nghìn tấn),2022,2701.6462
Dầu thô (Nghìn tấn),2023,2768.33084
Dầu thô (Nghìn tấn),Sơ bộ 2024,2598.752
Cao su (Nghìn tấn),1995,138.1
Cao su (Nghìn tấn),1996,194.5
Cao su (Nghìn tấn),1997,194.2
Cao su (Nghìn tấn),1998,191
Cao su (Nghìn tấn),1999,263
Cao su (Nghìn tấn),2000,273.4
Cao su (Nghìn tấn),2001,308.1
Cao su (Nghìn tấn),2002,454.8
Cao su (Nghìn tấn),2003,432.3
Cao su (Nghìn tấn),2004,513.4
Cao su (Nghìn tấn),2005,554.1
Cao su (Nghìn tấn),2006,703.6
Cao su (Nghìn tấn),2007,715.6
Cao su (Nghìn tấn),2008,658.7
Cao su (Nghìn tấn),2009,731
Cao su (Nghìn tấn),2010,779
Cao su (Nghìn tấn),2011,817.5
Cao su (Nghìn tấn),2012,1023.5
Cao su (Nghìn tấn),2013,1074.6
Cao su (Nghìn tấn),2014,1071.7
Cao su (Nghìn tấn),2015,1137.6
Cao su (Nghìn tấn),2016,1137.6
Cao su (Nghìn tấn),2017,1381.1
Cao su (Nghìn tấn),2018,1563.4
Cao su (Nghìn tấn),2019,1700.8
Cao su (Nghìn tấn),2020,1749.92178
Cao su (Nghìn tấn),2021,1955.57397
Cao su (Nghìn tấn),2022,2144.95449
Cao su (Nghìn tấn),2023,2142.96384
Cao su (Nghìn tấn),Sơ bộ 2024,2010.401
Than đá (Nghìn tấn),1995,2821
Than đá (Nghìn tấn),1996,3647
Than đá (Nghìn tấn),1997,3454
Than đá (Nghìn tấn),1998,3162
Than đá (Nghìn tấn),1999,3259
Than đá (Nghìn tấn),2000,3251.2
Than đá (Nghìn tấn),2001,4291.6
Than đá (Nghìn tấn),2002,6047.3
Than đá (Nghìn tấn),2003,7261.9
Than đá (Nghìn tấn),2004,11636.1
Than đá (Nghìn tấn),2005,17987.8
Than đá (Nghìn tấn),2006,29308
Than đá (Nghìn tấn),2007,32072
Than đá (Nghìn tấn),2008,19357.6
Than đá (Nghìn tấn),2009,24992
Than đá (Nghìn tấn),2010,19876
Than đá (Nghìn tấn),2011,17162.7
Than đá (Nghìn tấn),2012,15219
Than đá (Nghìn tấn),2013,12802.8
Than đá (Nghìn tấn),2014,7266.1
Than đá (Nghìn tấn),2015,1747.7
Than đá (Nghìn tấn),2016,1747.7
Than đá (Nghìn tấn),2017,2228.6
Than đá (Nghìn tấn),2018,2387.5
Than đá (Nghìn tấn),2019,1143.5
Than đá (Nghìn tấn),2020,909.62972
Than đá (Nghìn tấn),2021,1812.38396
Than đá (Nghìn tấn),2022,1777.38787
Than đá (Nghìn tấn),2023,1621.00583
Than đá (Nghìn tấn),Sơ bộ 2024,1345.853
Cà phê (Nghìn tấn),1995,248.1
Cà phê (Nghìn tấn),1996,283.7
Cà phê (Nghìn tấn),1997,391.6
Cà phê (Nghìn tấn),1998,382
Cà phê (Nghìn tấn),1999,482
Cà phê (Nghìn tấn),2000,733.9
Cà phê (Nghìn tấn),2001,931.1
Cà phê (Nghìn tấn),2002,722.2
Cà phê (Nghìn tấn),2003,749.4
Cà phê (Nghìn tấn),2004,976.2
Cà phê (Nghìn tấn),2005,912.7
Cà phê (Nghìn tấn),2006,980.9
Cà phê (Nghìn tấn),2007,1232.1
Cà phê (Nghìn tấn),2008,1060.9
Cà phê (Nghìn tấn),2009,1183
Cà phê (Nghìn tấn),2010,1218
Cà phê (Nghìn tấn),2011,1260
Cà phê (Nghìn tấn),2012,1735.5
Cà phê (Nghìn tấn),2013,1301.2
Cà phê (Nghìn tấn),2014,1691.1
Cà phê (Nghìn tấn),2015,1341.2
Cà phê (Nghìn tấn),2016,1341.2
Cà phê (Nghìn tấn),2017,1566.3
Cà phê (Nghìn tấn),2018,1877
Cà phê (Nghìn tấn),2019,1658
Cà phê (Nghìn tấn),2020,1565.41334
Cà phê (Nghìn tấn),2021,1562.09239
Cà phê (Nghìn tấn),2022,1198.70675
Cà phê (Nghìn tấn),2023,807.35975
Cà phê (Nghìn tấn),Sơ bộ 2024,673.775
Hạt điều nhân (Nghìn tấn),1995,19.8
Hạt điều nhân (Nghìn tấn),1996,16.5
Hạt điều nhân (Nghìn tấn),1997,33.3
Hạt điều nhân (Nghìn tấn),1998,25.7
Hạt điều nhân (Nghìn tấn),1999,18.4
Hạt điều nhân (Nghìn tấn),2000,34.2
Hạt điều nhân (Nghìn tấn),2001,43.6
Hạt điều nhân (Nghìn tấn),2002,61.9
Hạt điều nhân (Nghìn tấn),2003,82.2
Hạt điều nhân (Nghìn tấn),2004,104.6
Hạt điều nhân (Nghìn tấn),2005,109
Hạt điều nhân (Nghìn tấn),2006,127.7
Hạt điều nhân (Nghìn tấn),2007,154.7
Hạt điều nhân (Nghìn tấn),2008,160.8
Hạt điều nhân (Nghìn tấn),2009,176
Hạt điều nhân (Nghìn tấn),2010,190
Hạt điều nhân (Nghìn tấn),2011,178
Hạt điều nhân (Nghìn tấn),2012,221.8
Hạt điều nhân (Nghìn tấn),2013,262.1
Hạt điều nhân (Nghìn tấn),2014,302.6
Hạt điều nhân (Nghìn tấn),2015,6582.2
Hạt điều nhân (Nghìn tấn),2016,328.3
Hạt điều nhân (Nghìn tấn),2017,352.8
Hạt điều nhân (Nghìn tấn),2018,373.5
Hạt điều nhân (Nghìn tấn),2019,460.5
Hạt điều nhân (Nghìn tấn),2020,514.95865
Hạt điều nhân (Nghìn tấn),2021,579.93313
Hạt điều nhân (Nghìn tấn),2022,519.75397
Hạt điều nhân (Nghìn tấn),2023,642.52445
Hạt điều nhân (Nghìn tấn),Sơ bộ 2024,725.329
Hạt tiêu (Nghìn tấn),1995,18
Hạt tiêu (Nghìn tấn),1996,25.3
Hạt tiêu (Nghìn tấn),1997,24.7
Hạt tiêu (Nghìn tấn),1998,15.1
Hạt tiêu (Nghìn tấn),1999,34.8
Hạt tiêu (Nghìn tấn),2000,36.4
Hạt tiêu (Nghìn tấn),2001,57
Hạt tiêu (Nghìn tấn),2002,78.4
Hạt tiêu (Nghìn tấn),2003,73.9
Hạt tiêu (Nghìn tấn),2004,110.5
Hạt tiêu (Nghìn tấn),2005,109.9
Hạt tiêu (Nghìn tấn),2006,114.8
Hạt tiêu (Nghìn tấn),2007,83
Hạt tiêu (Nghìn tấn),2008,90.3
Hạt tiêu (Nghìn tấn),2009,134
Hạt tiêu (Nghìn tấn),2010,117
Hạt tiêu (Nghìn tấn),2011,124
Hạt tiêu (Nghìn tấn),2012,116.8
Hạt tiêu (Nghìn tấn),2013,132.8
Hạt tiêu (Nghìn tấn),2014,155
Hạt tiêu (Nghìn tấn),2015,131.5
Hạt tiêu (Nghìn tấn),2016,131.5
Hạt tiêu (Nghìn tấn),2017,215
Hạt tiêu (Nghìn tấn),2018,232.9
Hạt tiêu (Nghìn tấn),2019,284.4
Hạt tiêu (Nghìn tấn),2020,285.32948
Hạt tiêu (Nghìn tấn),2021,260.71939
Hạt tiêu (Nghìn tấn),2022,228.70146
Hạt tiêu (Nghìn tấn),2023,265.90317
Hạt tiêu (Nghìn tấn),Sơ bộ 2024,249.816
Chè (Nghìn tấn),1995,18.8
Chè (Nghìn tấn),1996,20.8
Chè (Nghìn tấn),1997,32.9
Chè (Nghìn tấn),1998,33
Chè (Nghìn tấn),1999,36
Chè (Nghìn tấn),2000,55.7
Chè (Nghìn tấn),2001,67.9
Chè (Nghìn tấn),2002,77
Chè (Nghìn tấn),2003,58.6
Chè (Nghìn tấn),2004,104.3
Chè (Nghìn tấn),2005,91.7
Chè (Nghìn tấn),2006,105.4
Chè (Nghìn tấn),2007,115.7
Chè (Nghìn tấn),2008,104.7
Chè (Nghìn tấn),2009,135
Chè (Nghìn tấn),2010,137
Chè (Nghìn tấn),2011,135
Chè (Nghìn tấn),2012,146.9
Chè (Nghìn tấn),2013,141.2
Chè (Nghìn tấn),2014,132.4
Chè (Nghìn tấn),2015,328.3
Chè (Nghìn tấn),2016,126.9
Chè (Nghìn tấn),2017,149.1
Chè (Nghìn tấn),2018,131.7
Chè (Nghìn tấn),2019,147.7
Chè (Nghìn tấn),2020,135.97093
Chè (Nghìn tấn),2021,127.25146
Chè (Nghìn tấn),2022,147.23513
Chè (Nghìn tấn),2023,122.71813
Chè (Nghìn tấn),Sơ bộ 2024,147.373
