"Khối nước, nước và vùng lãnh thổ",Năm,Giá trị
TỔNG SỐ,1995,5448.9
TỔNG SỐ,1996,7255.9
TỔNG SỐ,1997,9185
TỔNG SỐ,1998,9360.3
TỔNG SỐ,1999,11541.4
TỔNG SỐ,2000,14482.7
TỔNG SỐ,2001,15029.2
TỔNG SỐ,2002,16706.1
TỔNG SỐ,2003,20149.3
TỔNG SỐ,2004,26485
TỔNG SỐ,2005,32447.1
TỔNG SỐ,2006,39826.2
TỔNG SỐ,2007,48561.4
TỔNG SỐ,2008,62685.1
TỔNG SỐ,2009,57096.3
TỔNG SỐ,2010,72236.7
TỔNG SỐ,2011,96905.7
TỔNG SỐ,2012,114529.2
TỔNG SỐ,2013,132032.9
TỔNG SỐ,2014,150217.1
TỔNG SỐ,2015,162016.7
TỔNG SỐ,2016,176580.8
TỔNG SỐ,2017,215118.6
TỔNG SỐ,2018,243696.8
TỔNG SỐ,2019,264267.211
TỔNG SỐ,2020,282628.93845938
TỔNG SỐ,2021,336166.83951
TỔNG SỐ,2022,371715.372736
TỔNG SỐ,2023,354721
TỔNG SỐ,Sơ bộ 2024,405935.4
ASEAN,1995,996.9
ASEAN,1996,1652.825
ASEAN,1997,1913.548
ASEAN,1998,1944.982
ASEAN,1999,2516.3
ASEAN,2000,2619
ASEAN,2001,2553.6
ASEAN,2002,2434.9
ASEAN,2003,2953.3
ASEAN,2004,4056.1
ASEAN,2005,5743.5
ASEAN,2006,6632.6
ASEAN,2007,8110.3
ASEAN,2008,10337.7
ASEAN,2009,8761.3
ASEAN,2010,10364.7
ASEAN,2011,13656
ASEAN,2012,17426.5
ASEAN,2013,18584.4
ASEAN,2014,19106.8
ASEAN,2015,18195.1
ASEAN,2016,17449.2
ASEAN,2017,21680.2
ASEAN,2018,24854.2
ASEAN,2019,25266.48483673
ASEAN,2020,23411.26458482
ASEAN,2021,28866.35447609
ASEAN,2022,34762.59657457
ASEAN,2023,32345.53652952
ASEAN,Sơ bộ 2024,36990.278142
APEC,1995,3998.2
APEC,1996,5262.207
APEC,1997,6322.589
APEC,1998,6129.098
APEC,1999,7486.2
APEC,2000,10097.6
APEC,2001,10084
APEC,2002,11966.9
APEC,2003,14832
APEC,2004,19502.3
APEC,2005,24169.7
APEC,2006,29337.9
APEC,2007,35048.8
APEC,2008,44213.1
APEC,2009,38802.1
APEC,2010,49354.6
APEC,2011,65182.4
APEC,2012,78028.3
APEC,2013,87072.5
APEC,2014,98499.2
APEC,2015,106607.5
APEC,2016,119741.9
APEC,2017,148891.3
APEC,2018,170305.8
APEC,2019,188872.30824271
APEC,2020,213283.6888321
APEC,2021,254532.34811527
APEC,2022,280485.46419456
APEC,2023,264954.15675827
APEC,Sơ bộ 2024,
EU,1995,664.2
EU,1996,848.517
EU,1997,1607.844
EU,1998,2079.041
EU,1999,2515.3
EU,2000,2845.1
EU,2001,3002.9
EU,2002,3162.5
EU,2003,3852.6
EU,2004,4968.4
EU,2005,5517
EU,2006,7094
EU,2007,9096.4
EU,2008,10895.8
EU,2009,9402.3
EU,2010,11385.5
EU,2011,16541.3
EU,2012,20302
EU,2013,24324.1
EU,2014,27895.5
EU,2015,30928.3
EU,2016,34002.2
EU,2017,38286.4
EU,2018,41986
EU,2019,35779.93720568
EU,2020,35146.3632348
EU,2021,40122.92335312
EU,2022,46753.81219282
EU,2023,43644.50701078
EU,Sơ bộ 2024,51777.148563
OPEC,1995,131.7
OPEC,1996,212.404
OPEC,1997,199.306
OPEC,1998,554.75
OPEC,1999,713.4
OPEC,2000,643.2
OPEC,2001,757.7
OPEC,2002,861.5
OPEC,2003,759.3
OPEC,2004,813.5
OPEC,2005,877.5
OPEC,2006,1415.9
OPEC,2007,1687.3
OPEC,2008,1866.1
OPEC,2009,956.3
OPEC,2010,1316.7
OPEC,2011,1709.9
OPEC,2012,3249.9
OPEC,2013,5245.5
OPEC,2014,5973.8
OPEC,2015,6892
OPEC,2016,6049.5
OPEC,2017,6128.4
OPEC,2018,6231.3
OPEC,2019,5832.7554726
OPEC,2020,5254.08923042
OPEC,2021,5731.84768066
OPEC,2022,5291.15644416
OPEC,2023,5717.28186536
OPEC,Sơ bộ 2024,
Bru-nây,1995,
Bru-nây,1996,
Bru-nây,1997,
Bru-nây,1998,
Bru-nây,1999,
Bru-nây,2000,
Bru-nây,2001,
Bru-nây,2002,
Bru-nây,2003,
Bru-nây,2004,
Bru-nây,2005,0.6
Bru-nây,2006,
Bru-nây,2007,
Bru-nây,2008,
Bru-nây,2009,7.7
Bru-nây,2010,14.2
Bru-nây,2011,15.4
Bru-nây,2012,16.9
Bru-nây,2013,17.5
Bru-nây,2014,49.6
Bru-nây,2015,25.5
Bru-nây,2016,20.1
Bru-nây,2017,21.5
Bru-nây,2018,18.5
Bru-nây,2019,66.65989371
Bru-nây,2020,16.63397942
Bru-nây,2021,34.96587043
Bru-nây,2022,92.26698985
Bru-nây,2023,78.10713004
Bru-nây,Sơ bộ 2024,142.557737
Cam-pu-chia,1995,94.6
Cam-pu-chia,1996,99
Cam-pu-chia,1997,108.9
Cam-pu-chia,1998,75.2
Cam-pu-chia,1999,90.2
Cam-pu-chia,2000,141.6
Cam-pu-chia,2001,146.002
Cam-pu-chia,2002,178.4
Cam-pu-chia,2003,267.3
Cam-pu-chia,2004,384
Cam-pu-chia,2005,555.6
Cam-pu-chia,2006,780.6
Cam-pu-chia,2007,1041.1
Cam-pu-chia,2008,1531.6
Cam-pu-chia,2009,1166.5
Cam-pu-chia,2010,1563.8
Cam-pu-chia,2011,2519
Cam-pu-chia,2012,2929.9
Cam-pu-chia,2013,2934
Cam-pu-chia,2014,2685.4
Cam-pu-chia,2015,2395.2
Cam-pu-chia,2016,2199.4
Cam-pu-chia,2017,2762.3
Cam-pu-chia,2018,3791.9
Cam-pu-chia,2019,4382.53134875
Cam-pu-chia,2020,4148.96476108
Cam-pu-chia,2021,4829.77606919
Cam-pu-chia,2022,5734.31440417
Cam-pu-chia,2023,4740.67405223
Cam-pu-chia,Sơ bộ 2024,5361.444894
In-đô-nê-xi-a,1995,53.8
In-đô-nê-xi-a,1996,45.7
In-đô-nê-xi-a,1997,47.6
In-đô-nê-xi-a,1998,317.2
In-đô-nê-xi-a,1999,420
In-đô-nê-xi-a,2000,248.6
In-đô-nê-xi-a,2001,264.327
In-đô-nê-xi-a,2002,332
In-đô-nê-xi-a,2003,467.2
In-đô-nê-xi-a,2004,452.9
In-đô-nê-xi-a,2005,468.8
In-đô-nê-xi-a,2006,957.9
In-đô-nê-xi-a,2007,1153.2
In-đô-nê-xi-a,2008,751.2
In-đô-nê-xi-a,2009,754.1
In-đô-nê-xi-a,2010,1433.4
In-đô-nê-xi-a,2011,2358.9
In-đô-nê-xi-a,2012,2357.7
In-đô-nê-xi-a,2013,2502.2
In-đô-nê-xi-a,2014,2890.4
In-đô-nê-xi-a,2015,2847.6
In-đô-nê-xi-a,2016,2617.9
In-đô-nê-xi-a,2017,2858.9
In-đô-nê-xi-a,2018,3533.7
In-đô-nê-xi-a,2019,3369.19329063
In-đô-nê-xi-a,2020,2826.06354845
In-đô-nê-xi-a,2021,3914.1529081
In-đô-nê-xi-a,2022,4522.41901906
In-đô-nê-xi-a,2023,5069.12921017
In-đô-nê-xi-a,Sơ bộ 2024,6194.435293
Lào,1995,20.6
Lào,1996,24.9
Lào,1997,30.4
Lào,1998,73.4
Lào,1999,165.3
Lào,2000,70.7
Lào,2001,64.3
Lào,2002,64.7
Lào,2003,51.8
Lào,2004,68.4
Lào,2005,69.2
Lào,2006,95
Lào,2007,109.7
Lào,2008,160.3
Lào,2009,172.2
Lào,2010,200
Lào,2011,286.6
Lào,2012,432.6
Lào,2013,423.2
Lào,2014,484
Lào,2015,523.3
Lào,2016,477.8
Lào,2017,518.3
Lào,2018,595.2
Lào,2019,702.23082903
Lào,2020,571.76356291
Lào,2021,594.70080256
Lào,2022,602.66170968
Lào,2023,533.0533272
Lào,Sơ bộ 2024,754.935549
Ma-lai-xi-a,1995,110.6
Ma-lai-xi-a,1996,77.7
Ma-lai-xi-a,1997,141.6
Ma-lai-xi-a,1998,115.2
Ma-lai-xi-a,1999,256.5
Ma-lai-xi-a,2000,413.9
Ma-lai-xi-a,2001,337.224
Ma-lai-xi-a,2002,347.8
Ma-lai-xi-a,2003,453.8
Ma-lai-xi-a,2004,624.3
Ma-lai-xi-a,2005,1028.3
Ma-lai-xi-a,2006,1254
Ma-lai-xi-a,2007,1555
Ma-lai-xi-a,2008,2030.4
Ma-lai-xi-a,2009,1775.2
Ma-lai-xi-a,2010,2093.1
Ma-lai-xi-a,2011,2770.8
Ma-lai-xi-a,2012,4500.3
Ma-lai-xi-a,2013,4984.5
Ma-lai-xi-a,2014,3926.4
Ma-lai-xi-a,2015,3577.1
Ma-lai-xi-a,2016,3342
Ma-lai-xi-a,2017,4204.3
Ma-lai-xi-a,2018,4064.6
Ma-lai-xi-a,2019,3788.2344475
Ma-lai-xi-a,2020,3419.38184187
Ma-lai-xi-a,2021,4414.84937607
Ma-lai-xi-a,2022,5817.89066357
Ma-lai-xi-a,2023,4862.03038743
Ma-lai-xi-a,Sơ bộ 2024,5065.975304
My-an-ma,1995,
My-an-ma,1996,
My-an-ma,1997,
My-an-ma,1998,
My-an-ma,1999,
My-an-ma,2000,5.7
My-an-ma,2001,5.4
My-an-ma,2002,7.1
My-an-ma,2003,12.5
My-an-ma,2004,14
My-an-ma,2005,12
My-an-ma,2006,16.5
My-an-ma,2007,21.8
My-an-ma,2008,32.6
My-an-ma,2009,33.9
My-an-ma,2010,49.5
My-an-ma,2011,82.5
My-an-ma,2012,117.8
My-an-ma,2013,229.7
My-an-ma,2014,345
My-an-ma,2015,375.7
My-an-ma,2016,461.6
My-an-ma,2017,701.4
My-an-ma,2018,702.1
My-an-ma,2019,721.29801523
My-an-ma,2020,633.2699298
My-an-ma,2021,408.52145979
My-an-ma,2022,531.2463114
My-an-ma,2023,437.94631686
My-an-ma,Sơ bộ 2024,282.108425
Phi-li-pin,1995,41.5
Phi-li-pin,1996,132
Phi-li-pin,1997,240.6
Phi-li-pin,1998,401.1
Phi-li-pin,1999,393.2
Phi-li-pin,2000,478.4
Phi-li-pin,2001,368.398
Phi-li-pin,2002,315.2
Phi-li-pin,2003,340
Phi-li-pin,2004,498.6
Phi-li-pin,2005,829
Phi-li-pin,2006,782.8
Phi-li-pin,2007,965.1
Phi-li-pin,2008,1824.7
Phi-li-pin,2009,1461.9
Phi-li-pin,2010,1706.4
Phi-li-pin,2011,1535.3
Phi-li-pin,2012,1871.5
Phi-li-pin,2013,1732.3
Phi-li-pin,2014,2310.3
Phi-li-pin,2015,2016.4
Phi-li-pin,2016,2219.9
Phi-li-pin,2017,2833.4
Phi-li-pin,2018,3464.9
Phi-li-pin,2019,3727.43596885
Phi-li-pin,2020,3549.56504897
Phi-li-pin,2021,4571.29251619
Phi-li-pin,2022,5090.04015718
Phi-li-pin,2023,5147.37645774
Phi-li-pin,Sơ bộ 2024,6189.682783
Xin-ga-po,1995,689.8
Xin-ga-po,1996,1290
Xin-ga-po,1997,1215.9
Xin-ga-po,1998,740.9
Xin-ga-po,1999,876.4
Xin-ga-po,2000,885.9
Xin-ga-po,2001,1043.734
Xin-ga-po,2002,961.1
Xin-ga-po,2003,1024.7
Xin-ga-po,2004,1485.3
Xin-ga-po,2005,1917
Xin-ga-po,2006,1811.7
Xin-ga-po,2007,2234.4
Xin-ga-po,2008,2713.8
Xin-ga-po,2009,2075.6
Xin-ga-po,2010,2121.3
Xin-ga-po,2011,2149.3
Xin-ga-po,2012,2367.7
Xin-ga-po,2013,2691.5
Xin-ga-po,2014,2942
Xin-ga-po,2015,3256.6
Xin-ga-po,2016,2419.9
Xin-ga-po,2017,2979.2
Xin-ga-po,2018,3195.9
Xin-ga-po,2019,3205.81610271
Xin-ga-po,2020,3022.80715311
Xin-ga-po,2021,3943.19167023
Xin-ga-po,2022,4215.50325341
Xin-ga-po,2023,4291.28141711
Xin-ga-po,Sơ bộ 2024,5190.676226
Thái Lan,1995,101.3
Thái Lan,1996,107.4
Thái Lan,1997,235.3
Thái Lan,1998,295.4
Thái Lan,1999,312.7
Thái Lan,2000,372.3
Thái Lan,2001,322.772
Thái Lan,2002,227.3
Thái Lan,2003,335.4
Thái Lan,2004,518.1
Thái Lan,2005,863
Thái Lan,2006,930.2
Thái Lan,2007,1030
Thái Lan,2008,1288.5
Thái Lan,2009,1314.2
Thái Lan,2010,1182.8
Thái Lan,2011,1938.3
Thái Lan,2012,2832.2
Thái Lan,2013,3069.6
Thái Lan,2014,3473.5
Thái Lan,2015,3177.7
Thái Lan,2016,3690.7
Thái Lan,2017,4800.9
Thái Lan,2018,5487.4
Thái Lan,2019,5303.08494032
Thái Lan,2020,4916.94089216
Thái Lan,2021,6154.90380353
Thái Lan,2022,7344.00631819
Thái Lan,2023,7185.93823074
Thái Lan,Sơ bộ 2024,7808.461931
Đài Loan,1995,439.4
Đài Loan,1996,539.9
Đài Loan,1997,814.5
Đài Loan,1998,670.2
Đài Loan,1999,682.4
Đài Loan,2000,756.6
Đài Loan,2001,806
Đài Loan,2002,817.7
Đài Loan,2003,749.2
Đài Loan,2004,890.6
Đài Loan,2005,935
Đài Loan,2006,968.7
Đài Loan,2007,1139.4
Đài Loan,2008,1401.4
Đài Loan,2009,1120.6
Đài Loan,2010,1442.8
Đài Loan,2011,1843.3
Đài Loan,2012,2081.5
Đài Loan,2013,2223.6
Đài Loan,2014,2306.5
Đài Loan,2015,2076.4
Đài Loan,2016,2272
Đài Loan,2017,2568.3
Đài Loan,2018,3151.4
Đài Loan,2019,4391.43996244
Đài Loan,2020,4321.92037511
Đài Loan,2021,4587.18801618
Đài Loan,2022,5115.95344523
Đài Loan,2023,4711.16705593
Đài Loan,Sơ bộ 2024,5622.197403
Hàn Quốc,1995,235.3
Hàn Quốc,1996,558.3
Hàn Quốc,1997,417
Hàn Quốc,1998,229.1
Hàn Quốc,1999,319.9
Hàn Quốc,2000,352.6
Hàn Quốc,2001,406.082
Hàn Quốc,2002,468.7
Hàn Quốc,2003,492.1
Hàn Quốc,2004,608.1
Hàn Quốc,2005,663.6
Hàn Quốc,2006,842.9
Hàn Quốc,2007,1243.4
Hàn Quốc,2008,1793.5
Hàn Quốc,2009,2077.8
Hàn Quốc,2010,3092.2
Hàn Quốc,2011,4866.7
Hàn Quốc,2012,5580.9
Hàn Quốc,2013,6682.9
Hàn Quốc,2014,7167.5
Hàn Quốc,2015,8915.4
Hàn Quốc,2016,11406.1
Hàn Quốc,2017,14807.2
Hàn Quốc,2018,18240.6
Hàn Quốc,2019,19734.90832283
Hàn Quốc,2020,19107.2612572
Hàn Quốc,2021,21946.33118625
Hàn Quốc,2022,24295.15616774
Hàn Quốc,2023,23446.34299154
Hàn Quốc,Sơ bộ 2024,25676.879624
ĐKHC Hồng Công (TQ),1995,256.7
ĐKHC Hồng Công (TQ),1996,311.2
ĐKHC Hồng Công (TQ),1997,430.7
ĐKHC Hồng Công (TQ),1998,318.1
ĐKHC Hồng Công (TQ),1999,235.7
ĐKHC Hồng Công (TQ),2000,315.9
ĐKHC Hồng Công (TQ),2001,317.238
ĐKHC Hồng Công (TQ),2002,340.2
ĐKHC Hồng Công (TQ),2003,368.7
ĐKHC Hồng Công (TQ),2004,380.1
ĐKHC Hồng Công (TQ),2005,353.1
ĐKHC Hồng Công (TQ),2006,453
ĐKHC Hồng Công (TQ),2007,582.5
ĐKHC Hồng Công (TQ),2008,877.2
ĐKHC Hồng Công (TQ),2009,1034.1
ĐKHC Hồng Công (TQ),2010,1464.2
ĐKHC Hồng Công (TQ),2011,2205.7
ĐKHC Hồng Công (TQ),2012,3705.4
ĐKHC Hồng Công (TQ),2013,4113.5
ĐKHC Hồng Công (TQ),2014,5264.7
ĐKHC Hồng Công (TQ),2015,6959.3
ĐKHC Hồng Công (TQ),2016,6088.1
ĐKHC Hồng Công (TQ),2017,7574.3
ĐKHC Hồng Công (TQ),2018,7957.6
ĐKHC Hồng Công (TQ),2019,7153.80545813
ĐKHC Hồng Công (TQ),2020,10436.73727215
ĐKHC Hồng Công (TQ),2021,11994.91214034
ĐKHC Hồng Công (TQ),2022,10934.54756557
ĐKHC Hồng Công (TQ),2023,9601.32736324
ĐKHC Hồng Công (TQ),Sơ bộ 2024,12423.97228
Nhật Bản,1995,1461
Nhật Bản,1996,1546.4
Nhật Bản,1997,1675.4
Nhật Bản,1998,1514.5
Nhật Bản,1999,1786.2
Nhật Bản,2000,2575.2
Nhật Bản,2001,2509.801
Nhật Bản,2002,2437
Nhật Bản,2003,2908.6
Nhật Bản,2004,3542.1
Nhật Bản,2005,4340.3
Nhật Bản,2006,5240.1
Nhật Bản,2007,6090
Nhật Bản,2008,8467.8
Nhật Bản,2009,6335.6
Nhật Bản,2010,7727.7
Nhật Bản,2011,11091.7
Nhật Bản,2012,13064.5
Nhật Bản,2013,13544.2
Nhật Bản,2014,14674.9
Nhật Bản,2015,14100.3
Nhật Bản,2016,14671.5
Nhật Bản,2017,16792.1
Nhật Bản,2018,18833.7
Nhật Bản,2019,20333.6094118
Nhật Bản,2020,19283.96066298
Nhật Bản,2021,20125.41472718
Nhật Bản,2022,24232.46785539
Nhật Bản,2023,23314.17299489
Nhật Bản,Sơ bộ 2024,24608.370912
CHND Trung Hoa,1995,361.9
CHND Trung Hoa,1996,340.2
CHND Trung Hoa,1997,474.1
CHND Trung Hoa,1998,440.1
CHND Trung Hoa,1999,746.4
CHND Trung Hoa,2000,1536.4
CHND Trung Hoa,2001,1417.4
CHND Trung Hoa,2002,1518.3
CHND Trung Hoa,2003,1883.1
CHND Trung Hoa,2004,2899.1
CHND Trung Hoa,2005,3228.1
CHND Trung Hoa,2006,3242.8
CHND Trung Hoa,2007,3646.1
CHND Trung Hoa,2008,4850.1
CHND Trung Hoa,2009,5403
CHND Trung Hoa,2010,7742.9
CHND Trung Hoa,2011,11613.3
CHND Trung Hoa,2012,12836
CHND Trung Hoa,2013,13177.7
CHND Trung Hoa,2014,14928.3
CHND Trung Hoa,2015,16567.7
CHND Trung Hoa,2016,21950.4
CHND Trung Hoa,2017,35394.3
CHND Trung Hoa,2018,41365.8
CHND Trung Hoa,2019,41462.53699005
CHND Trung Hoa,2020,48906.06602888
CHND Trung Hoa,2021,55925.74872888
CHND Trung Hoa,2022,57669.40173143
CHND Trung Hoa,2023,60725.7697606
CHND Trung Hoa,Sơ bộ 2024,61371.310225
Ấn Độ,1995,10.4
Ấn Độ,1996,9.1
Ấn Độ,1997,13.2
Ấn Độ,1998,12.6
Ấn Độ,1999,17
Ấn Độ,2000,47.2
Ấn Độ,2001,45.4
Ấn Độ,2002,52
Ấn Độ,2003,32.3
Ấn Độ,2004,78.6
Ấn Độ,2005,97.8
Ấn Độ,2006,137.8
Ấn Độ,2007,179.7
Ấn Độ,2008,389
Ấn Độ,2009,419.6
Ấn Độ,2010,991.6
Ấn Độ,2011,1553.9
Ấn Độ,2012,1782.2
Ấn Độ,2013,2354.7
Ấn Độ,2014,2510.7
Ấn Độ,2015,2469.7
Ấn Độ,2016,2687.2
Ấn Độ,2017,3756.3
Ấn Độ,2018,6543.8
Ấn Độ,2019,6672.84231953
Ấn Độ,2020,5235.24482678
Ấn Độ,2021,6280.65739761
Ấn Độ,2022,7960.18400851
Ấn Độ,2023,8496.80019649
Ấn Độ,Sơ bộ 2024,9061.689729
Băng-la-đét,1995,
Băng-la-đét,1996,
Băng-la-đét,1997,
Băng-la-đét,1998,
Băng-la-đét,1999,
Băng-la-đét,2000,14.6
Băng-la-đét,2001,7.1
Băng-la-đét,2002,9.8
Băng-la-đét,2003,5.6
Băng-la-đét,2004,19.5
Băng-la-đét,2005,22.1
Băng-la-đét,2006,21.5
Băng-la-đét,2007,24.9
Băng-la-đét,2008,47.1
Băng-la-đét,2009,59.6
Băng-la-đét,2010,256.1
Băng-la-đét,2011,445.2
Băng-la-đét,2012,353
Băng-la-đét,2013,485.7
Băng-la-đét,2014,709.9
Băng-la-đét,2015,570
Băng-la-đét,2016,554.7
Băng-la-đét,2017,868.7
Băng-la-đét,2018,752.3
Băng-la-đét,2019,693.77551802
Băng-la-đét,2020,693.98473114
Băng-la-đét,2021,1273.09019721
Băng-la-đét,2022,1352.41799299
Băng-la-đét,2023,926.25944109
Băng-la-đét,Sơ bộ 2024,977.732377
Pa-ki-xtan,1995,
Pa-ki-xtan,1996,
Pa-ki-xtan,1997,
Pa-ki-xtan,1998,
Pa-ki-xtan,1999,
Pa-ki-xtan,2000,10
Pa-ki-xtan,2001,8.9
Pa-ki-xtan,2002,21.5
Pa-ki-xtan,2003,23.1
Pa-ki-xtan,2004,39.7
Pa-ki-xtan,2005,42.4
Pa-ki-xtan,2006,65.5
Pa-ki-xtan,2007,82.3
Pa-ki-xtan,2008,96
Pa-ki-xtan,2009,110.4
Pa-ki-xtan,2010,133.6
Pa-ki-xtan,2011,168.4
Pa-ki-xtan,2012,174.8
Pa-ki-xtan,2013,187.3
Pa-ki-xtan,2014,282.5
Pa-ki-xtan,2015,419.8
Pa-ki-xtan,2016,435.6
Pa-ki-xtan,2017,494.7
Pa-ki-xtan,2018,403.7
Pa-ki-xtan,2019,353.29067174
Pa-ki-xtan,2020,396.90917068
Pa-ki-xtan,2021,597.26759589
Pa-ki-xtan,2022,600.73505306
Pa-ki-xtan,2023,386.53967533
Pa-ki-xtan,Sơ bộ 2024,522.107494
Xri-lan-ka,1995,
Xri-lan-ka,1996,
Xri-lan-ka,1997,
Xri-lan-ka,1998,
Xri-lan-ka,1999,
Xri-lan-ka,2000,9.7
Xri-lan-ka,2001,9.8
Xri-lan-ka,2002,6.8
Xri-lan-ka,2003,5.8
Xri-lan-ka,2004,22.1
Xri-lan-ka,2005,20.1
Xri-lan-ka,2006,20.6
Xri-lan-ka,2007,38.2
Xri-lan-ka,2008,40
Xri-lan-ka,2009,26.4
Xri-lan-ka,2010,62
Xri-lan-ka,2011,83.6
Xri-lan-ka,2012,95.3
Xri-lan-ka,2013,130.4
Xri-lan-ka,2014,166.7
Xri-lan-ka,2015,192.4
Xri-lan-ka,2016,186.7
Xri-lan-ka,2017,224.8
Xri-lan-ka,2018,204.2
Xri-lan-ka,2019,248.81313675
Xri-lan-ka,2020,214.65175797
Xri-lan-ka,2021,350.62997364
Xri-lan-ka,2022,209.71866344
Xri-lan-ka,2023,190.84884849
Xri-lan-ka,Sơ bộ 2024,215.523637
A-rập Xê-út,1995,5.6
A-rập Xê-út,1996,5.054
A-rập Xê-út,1997,10.233
A-rập Xê-út,1998,15.949
A-rập Xê-út,1999,15.3
A-rập Xê-út,2000,14.7
A-rập Xê-út,2001,13.7
A-rập Xê-út,2002,18
A-rập Xê-út,2003,17
A-rập Xê-út,2004,21.9
A-rập Xê-út,2005,30.5
A-rập Xê-út,2006,49.3
A-rập Xê-út,2007,51.5
A-rập Xê-út,2008,118.3
A-rập Xê-út,2009,103.9
A-rập Xê-út,2010,144
A-rập Xê-út,2011,261.7
A-rập Xê-út,2012,599.1
A-rập Xê-út,2013,470.9
A-rập Xê-út,2014,534.2
A-rập Xê-út,2015,534
A-rập Xê-út,2016,394.1
A-rập Xê-út,2017,431.9
A-rập Xê-út,2018,332.5
A-rập Xê-út,2019,349.83796936
A-rập Xê-út,2020,437.88948907
A-rập Xê-út,2021,371.03428252
A-rập Xê-út,2022,718.14320052
A-rập Xê-út,2023,1130.58233241
A-rập Xê-út,Sơ bộ 2024,1610.651411
Các Tiểu vương quốc A-rập Thống nhất,1995,
Các Tiểu vương quốc A-rập Thống nhất,1996,
Các Tiểu vương quốc A-rập Thống nhất,1997,
Các Tiểu vương quốc A-rập Thống nhất,1998,
Các Tiểu vương quốc A-rập Thống nhất,1999,
Các Tiểu vương quốc A-rập Thống nhất,2000,23.8
Các Tiểu vương quốc A-rập Thống nhất,2001,33.1
Các Tiểu vương quốc A-rập Thống nhất,2002,41.2
Các Tiểu vương quốc A-rập Thống nhất,2003,66
Các Tiểu vương quốc A-rập Thống nhất,2004,93.6
Các Tiểu vương quốc A-rập Thống nhất,2005,121.6
Các Tiểu vương quốc A-rập Thống nhất,2006,140.6
Các Tiểu vương quốc A-rập Thống nhất,2007,234
Các Tiểu vương quốc A-rập Thống nhất,2008,357.6
Các Tiểu vương quốc A-rập Thống nhất,2009,360.1
Các Tiểu vương quốc A-rập Thống nhất,2010,508.3
Các Tiểu vương quốc A-rập Thống nhất,2011,922
Các Tiểu vương quốc A-rập Thống nhất,2012,2078.3
Các Tiểu vương quốc A-rập Thống nhất,2013,4138.4
Các Tiểu vương quốc A-rập Thống nhất,2014,4627
Các Tiểu vương quốc A-rập Thống nhất,2015,5690.9
Các Tiểu vương quốc A-rập Thống nhất,2016,4999.6
Các Tiểu vương quốc A-rập Thống nhất,2017,5026.9
Các Tiểu vương quốc A-rập Thống nhất,2018,5225.3
Các Tiểu vương quốc A-rập Thống nhất,2019,4784.69003947
Các Tiểu vương quốc A-rập Thống nhất,2020,3916.05323869
Các Tiểu vương quốc A-rập Thống nhất,2021,4688.33271404
Các Tiểu vương quốc A-rập Thống nhất,2022,3846.36585798
Các Tiểu vương quốc A-rập Thống nhất,2023,4010.98109769
Các Tiểu vương quốc A-rập Thống nhất,Sơ bộ 2024,5619.882633
Cô-Oét,1995,
Cô-Oét,1996,
Cô-Oét,1997,
Cô-Oét,1998,
Cô-Oét,1999,
Cô-Oét,2000,2.4
Cô-Oét,2001,2.7
Cô-Oét,2002,2.6
Cô-Oét,2003,6.9
Cô-Oét,2004,3.7
Cô-Oét,2005,11.8
Cô-Oét,2006,11.1
Cô-Oét,2007,19.3
Cô-Oét,2008,61.5
Cô-Oét,2009,40.9
Cô-Oét,2010,29.9
Cô-Oét,2011,28.9
Cô-Oét,2012,29.2
Cô-Oét,2013,35.3
Cô-Oét,2014,72.2
Cô-Oét,2015,88.2
Cô-Oét,2016,73.3
Cô-Oét,2017,62.4
Cô-Oét,2018,77.1
Cô-Oét,2019,61.65766096
Cô-Oét,2020,63.0129666
Cô-Oét,2021,60.18785665
Cô-Oét,2022,59.67845951
Cô-Oét,2023,69.56222437
Cô-Oét,Sơ bộ 2024,75.134946
I-xra-en,1995,
I-xra-en,1996,
I-xra-en,1997,
I-xra-en,1998,
I-xra-en,1999,
I-xra-en,2000,15.1
I-xra-en,2001,18.1
I-xra-en,2002,19.5
I-xra-en,2003,19.9
I-xra-en,2004,32.2
I-xra-en,2005,31.6
I-xra-en,2006,44.2
I-xra-en,2007,58.1
I-xra-en,2008,82.7
I-xra-en,2009,76.9
I-xra-en,2010,97.5
I-xra-en,2011,170.8
I-xra-en,2012,279.3
I-xra-en,2013,404.5
I-xra-en,2014,495.8
I-xra-en,2015,533.7
I-xra-en,2016,554.1
I-xra-en,2017,711.4
I-xra-en,2018,779.8
I-xra-en,2019,774.03470875
I-xra-en,2020,683.38432734
I-xra-en,2021,780.63280352
I-xra-en,2022,785.63868314
I-xra-en,2023,631.1963893
I-xra-en,Sơ bộ 2024,794.55511
Síp,1995,
Síp,1996,
Síp,1997,
Síp,1998,
Síp,1999,
Síp,2000,1.5
Síp,2001,2.5
Síp,2002,1.5
Síp,2003,2.1
Síp,2004,2.9
Síp,2005,4.8
Síp,2006,5.9
Síp,2007,7
Síp,2008,19.7
Síp,2009,12
Síp,2010,13.9
Síp,2011,19.3
Síp,2012,17.7
Síp,2013,16.6
Síp,2014,28.7
Síp,2015,33.4
Síp,2016,38.1
Síp,2017,39.3
Síp,2018,41.3
Síp,2019,36.86854974
Síp,2020,38.13177714
Síp,2021,38.36902543
Síp,2022,56.03385823
Síp,2023,55.40777217
Síp,Sơ bộ 2024,66.174317
Thổ Nhĩ Kỳ,1995,
Thổ Nhĩ Kỳ,1996,
Thổ Nhĩ Kỳ,1997,
Thổ Nhĩ Kỳ,1998,
Thổ Nhĩ Kỳ,1999,
Thổ Nhĩ Kỳ,2000,15.7
Thổ Nhĩ Kỳ,2001,11.7
Thổ Nhĩ Kỳ,2002,23.6
Thổ Nhĩ Kỳ,2003,31.3
Thổ Nhĩ Kỳ,2004,46.8
Thổ Nhĩ Kỳ,2005,60.2
Thổ Nhĩ Kỳ,2006,141.9
Thổ Nhĩ Kỳ,2007,201.8
Thổ Nhĩ Kỳ,2008,330.5
Thổ Nhĩ Kỳ,2009,284.3
Thổ Nhĩ Kỳ,2010,528.7
Thổ Nhĩ Kỳ,2011,771.7
Thổ Nhĩ Kỳ,2012,862.7
Thổ Nhĩ Kỳ,2013,1173.9
Thổ Nhĩ Kỳ,2014,1507.6
Thổ Nhĩ Kỳ,2015,1359.6
Thổ Nhĩ Kỳ,2016,1328.8
Thổ Nhĩ Kỳ,2017,1901.8
Thổ Nhĩ Kỳ,2018,1413.1
Thổ Nhĩ Kỳ,2019,1140.30323619
Thổ Nhĩ Kỳ,2020,980.65778955
Thổ Nhĩ Kỳ,2021,1227.97343703
Thổ Nhĩ Kỳ,2022,1577.16586568
Thổ Nhĩ Kỳ,2023,1768.7260187
Thổ Nhĩ Kỳ,Sơ bộ 2024,1930.227867
Ba Lan,1995,16.6
Ba Lan,1996,22.2
Ba Lan,1997,41
Ba Lan,1998,38.5
Ba Lan,1999,63.1
Ba Lan,2000,61.5
Ba Lan,2001,79.466
Ba Lan,2002,67.9
Ba Lan,2003,83.6
Ba Lan,2004,82.2
Ba Lan,2005,81.8
Ba Lan,2006,160.1
Ba Lan,2007,220.9
Ba Lan,2008,266.7
Ba Lan,2009,185.3
Ba Lan,2010,241.2
Ba Lan,2011,445.5
Ba Lan,2012,328.2
Ba Lan,2013,350.8
Ba Lan,2014,509.1
Ba Lan,2015,585.2
Ba Lan,2016,597.6
Ba Lan,2017,774.5
Ba Lan,2018,1335
Ba Lan,2019,1498.79323016
Ba Lan,2020,1781.40904139
Ba Lan,2021,2066.71537008
Ba Lan,2022,2291.34075638
Ba Lan,2023,2450.91722227
Ba Lan,Sơ bộ 2024,3048.969846
Bun-ga-ri,1995,2
Bun-ga-ri,1996,12
Bun-ga-ri,1997,14.2
Bun-ga-ri,1998,8.2
Bun-ga-ri,1999,13.6
Bun-ga-ri,2000,7.6
Bun-ga-ri,2001,14.2
Bun-ga-ri,2002,7.9
Bun-ga-ri,2003,6
Bun-ga-ri,2004,7.8
Bun-ga-ri,2005,11.2
Bun-ga-ri,2006,21.6
Bun-ga-ri,2007,35.9
Bun-ga-ri,2008,75.1
Bun-ga-ri,2009,41.3
Bun-ga-ri,2010,36.9
Bun-ga-ri,2011,26.9
Bun-ga-ri,2012,37
Bun-ga-ri,2013,41.2
Bun-ga-ri,2014,47.7
Bun-ga-ri,2015,40.8
Bun-ga-ri,2016,44.6
Bun-ga-ri,2017,38.3
Bun-ga-ri,2018,36.1
Bun-ga-ri,2019,58.3956668
Bun-ga-ri,2020,58.23944781
Bun-ga-ri,2021,107.68377964
Bun-ga-ri,2022,141.05034181
Bun-ga-ri,2023,140.39208093
Bun-ga-ri,Sơ bộ 2024,187.002214
Hung-ga-ri,1995,20.9
Hung-ga-ri,1996,21.9
Hung-ga-ri,1997,26.4
Hung-ga-ri,1998,15.4
Hung-ga-ri,1999,10.8
Hung-ga-ri,2000,15
Hung-ga-ri,2001,17.035
Hung-ga-ri,2002,21.2
Hung-ga-ri,2003,18.3
Hung-ga-ri,2004,21.6
Hung-ga-ri,2005,27
Hung-ga-ri,2006,33
Hung-ga-ri,2007,62.7
Hung-ga-ri,2008,70.4
Hung-ga-ri,2009,62.5
Hung-ga-ri,2010,38.4
Hung-ga-ri,2011,51.3
Hung-ga-ri,2012,57.6
Hung-ga-ri,2013,60.1
Hung-ga-ri,2014,55
Hung-ga-ri,2015,65.7
Hung-ga-ri,2016,93.3
Hung-ga-ri,2017,206.6
Hung-ga-ri,2018,401.2
Hung-ga-ri,2019,408.00493076
Hung-ga-ri,2020,925.09335778
Hung-ga-ri,2021,570.22679514
Hung-ga-ri,2022,577.58165393
Hung-ga-ri,2023,418.43544788
Hung-ga-ri,Sơ bộ 2024,705.240859
LB Nga,1995,80.8
LB Nga,1996,84.7
LB Nga,1997,124.6
LB Nga,1998,126.2
LB Nga,1999,114.9
LB Nga,2000,122.9
LB Nga,2001,194.488
LB Nga,2002,187.4
LB Nga,2003,159.6
LB Nga,2004,215.8
LB Nga,2005,251.9
LB Nga,2006,413.2
LB Nga,2007,458.5
LB Nga,2008,672
LB Nga,2009,414.9
LB Nga,2010,829.7
LB Nga,2011,1287.3
LB Nga,2012,1617.9
LB Nga,2013,1921.2
LB Nga,2014,1724.9
LB Nga,2015,1438.3
LB Nga,2016,1616.1
LB Nga,2017,2165.7
LB Nga,2018,2446.4
LB Nga,2019,2666.29914511
LB Nga,2020,2851.95953173
LB Nga,2021,3203.01942395
LB Nga,2022,1548.80772674
LB Nga,2023,1744.09081218
LB Nga,Sơ bộ 2024,2336.686781
Ru-ma-ni,1995,
Ru-ma-ni,1996,
Ru-ma-ni,1997,
Ru-ma-ni,1998,
Ru-ma-ni,1999,
Ru-ma-ni,2000,6.5
Ru-ma-ni,2001,7
Ru-ma-ni,2002,10.6
Ru-ma-ni,2003,11.8
Ru-ma-ni,2004,14.4
Ru-ma-ni,2005,15.5
Ru-ma-ni,2006,20.5
Ru-ma-ni,2007,32.3
Ru-ma-ni,2008,77.6
Ru-ma-ni,2009,76.6
Ru-ma-ni,2010,77.7
Ru-ma-ni,2011,74.4
Ru-ma-ni,2012,80.6
Ru-ma-ni,2013,71.5
Ru-ma-ni,2014,99.2
Ru-ma-ni,2015,102.2
Ru-ma-ni,2016,97.2
Ru-ma-ni,2017,119.6
Ru-ma-ni,2018,146.8
Ru-ma-ni,2019,193.85225447
Ru-ma-ni,2020,220.19840192
Ru-ma-ni,2021,211.3518529
Ru-ma-ni,2022,322.39868736
Ru-ma-ni,2023,281.22624521
Ru-ma-ni,Sơ bộ 2024,378.363797
CH Séc,1995,3.9
CH Séc,1996,13.2
CH Séc,1997,24.8
CH Séc,1998,24.5
CH Séc,1999,34
CH Séc,2000,35.3
CH Séc,2001,38.904
CH Séc,2002,39.6
CH Séc,2003,39
CH Séc,2004,42.6
CH Séc,2005,49
CH Séc,2006,70.1
CH Séc,2007,102
CH Séc,2008,133
CH Séc,2009,119.9
CH Séc,2010,134.9
CH Séc,2011,183.3
CH Séc,2012,180.1
CH Séc,2013,180.4
CH Séc,2014,218.6
CH Séc,2015,170.9
CH Séc,2016,146.2
CH Séc,2017,150.8
CH Séc,2018,156.5
CH Séc,2019,209.56531158
CH Séc,2020,424.46927432
CH Séc,2021,582.7629287
CH Séc,2022,666.78495938
CH Séc,2023,953.04051887
CH Séc,Sơ bộ 2024,1817.703578
Xlô-va-ki-a,1995,3.9
Xlô-va-ki-a,1996,2.1
Xlô-va-ki-a,1997,2.8
Xlô-va-ki-a,1998,2.3
Xlô-va-ki-a,1999,5.6
Xlô-va-ki-a,2000,5.2
Xlô-va-ki-a,2001,5.5
Xlô-va-ki-a,2002,7.3
Xlô-va-ki-a,2003,8.2
Xlô-va-ki-a,2004,8.6
Xlô-va-ki-a,2005,11.7
Xlô-va-ki-a,2006,23.1
Xlô-va-ki-a,2007,71.5
Xlô-va-ki-a,2008,109.8
Xlô-va-ki-a,2009,89.8
Xlô-va-ki-a,2010,111.4
Xlô-va-ki-a,2011,156.9
Xlô-va-ki-a,2012,290.9
Xlô-va-ki-a,2013,391.9
Xlô-va-ki-a,2014,370.5
Xlô-va-ki-a,2015,275.6
Xlô-va-ki-a,2016,416.7
Xlô-va-ki-a,2017,703.3
Xlô-va-ki-a,2018,1028.2
Xlô-va-ki-a,2019,912.8953129
Xlô-va-ki-a,2020,1165.70001284
Xlô-va-ki-a,2021,1239.64394122
Xlô-va-ki-a,2022,1037.28902478
Xlô-va-ki-a,2023,1037.53795494
Xlô-va-ki-a,Sơ bộ 2024,1674.5579
U-crai-na,1995,6.5
U-crai-na,1996,7.6
U-crai-na,1997,13.3
U-crai-na,1998,14.8
U-crai-na,1999,17.1
U-crai-na,2000,23.3
U-crai-na,2001,26.053
U-crai-na,2002,30.4
U-crai-na,2003,26.4
U-crai-na,2004,33.4
U-crai-na,2005,39.2
U-crai-na,2006,64.6
U-crai-na,2007,116.4
U-crai-na,2008,256.6
U-crai-na,2009,129.2
U-crai-na,2010,115.7
U-crai-na,2011,194.5
U-crai-na,2012,220.9
U-crai-na,2013,256.5
U-crai-na,2014,229.4
U-crai-na,2015,160
U-crai-na,2016,188.5
U-crai-na,2017,246.1
U-crai-na,2018,251.7
U-crai-na,2019,247.5437104
U-crai-na,2020,284.80352878
U-crai-na,2021,344.66955127
U-crai-na,2022,65.6406048
U-crai-na,2023,38.43846633
U-crai-na,Sơ bộ 2024,67.832616
Đan Mạch,1995,3.5
Đan Mạch,1996,18.483
Đan Mạch,1997,32.2
Đan Mạch,1998,43.333
Đan Mạch,1999,43.7
Đan Mạch,2000,58.4
Đan Mạch,2001,49.7
Đan Mạch,2002,63.3
Đan Mạch,2003,71.1
Đan Mạch,2004,80.2
Đan Mạch,2005,88.2
Đan Mạch,2006,109.5
Đan Mạch,2007,138
Đan Mạch,2008,171.7
Đan Mạch,2009,165.6
Đan Mạch,2010,195
Đan Mạch,2011,271.5
Đan Mạch,2012,276.1
Đan Mạch,2013,267.1
Đan Mạch,2014,315.6
Đan Mạch,2015,289.4
Đan Mạch,2016,283
Đan Mạch,2017,341.7
Đan Mạch,2018,373.5
Đan Mạch,2019,336.45180322
Đan Mạch,2020,295.01283474
Đan Mạch,2021,354.55033738
Đan Mạch,2022,494.62535917
Đan Mạch,2023,356.40355718
Đan Mạch,Sơ bộ 2024,444.44634
Ai-len,1995,
Ai-len,1996,
Ai-len,1997,
Ai-len,1998,
Ai-len,1999,
Ai-len,2000,12.1
Ai-len,2001,20.8
Ai-len,2002,19.2
Ai-len,2003,17.1
Ai-len,2004,28.3
Ai-len,2005,25.1
Ai-len,2006,38.1
Ai-len,2007,54.9
Ai-len,2008,54.3
Ai-len,2009,39.5
Ai-len,2010,46.1
Ai-len,2011,63.7
Ai-len,2012,81
Ai-len,2013,73.8
Ai-len,2014,102.2
Ai-len,2015,115
Ai-len,2016,112.3
Ai-len,2017,108
Ai-len,2018,147.2
Ai-len,2019,147.97868234
Ai-len,2020,172.58007513
Ai-len,2021,343.88075953
Ai-len,2022,501.52859253
Ai-len,2023,392.97371554
Ai-len,Sơ bộ 2024,1009.4283
Vương quốc Anh,1995,74.6
Vương quốc Anh,1996,125.1
Vương quốc Anh,1997,265.2
Vương quốc Anh,1998,335.8
Vương quốc Anh,1999,421.2
Vương quốc Anh,2000,479.4
Vương quốc Anh,2001,511.582
Vương quốc Anh,2002,571.6
Vương quốc Anh,2003,754.8
Vương quốc Anh,2004,1010.3
Vương quốc Anh,2005,1015.8
Vương quốc Anh,2006,1179.7
Vương quốc Anh,2007,1431.3
Vương quốc Anh,2008,1581
Vương quốc Anh,2009,1329.2
Vương quốc Anh,2010,1681.9
Vương quốc Anh,2011,2398.2
Vương quốc Anh,2012,3033.6
Vương quốc Anh,2013,3696.3
Vương quốc Anh,2014,3647.2
Vương quốc Anh,2015,4645.2
Vương quốc Anh,2016,4898.1
Vương quốc Anh,2017,5415.1
Vương quốc Anh,2018,5779.3
Vương quốc Anh,2019,5756.53434645
Vương quốc Anh,2020,4954.90057184
Vương quốc Anh,2021,5766.00373867
Vương quốc Anh,2022,6067.14156437
Vương quốc Anh,2023,6342.06042437
Vương quốc Anh,Sơ bộ 2024,7544.292114
Na Uy,1995,2.1
Na Uy,1996,4.7
Na Uy,1997,14.6
Na Uy,1998,17.6
Na Uy,1999,16.4
Na Uy,2000,16.6
Na Uy,2001,15.357
Na Uy,2002,16.8
Na Uy,2003,20.9
Na Uy,2004,23.5
Na Uy,2005,32.7
Na Uy,2006,38.1
Na Uy,2007,49.1
Na Uy,2008,93.8
Na Uy,2009,51.4
Na Uy,2010,74.1
Na Uy,2011,89.8
Na Uy,2012,125.8
Na Uy,2013,109.1
Na Uy,2014,117.2
Na Uy,2015,103.4
Na Uy,2016,117.7
Na Uy,2017,115.4
Na Uy,2018,115.1
Na Uy,2019,129.5037326
Na Uy,2020,216.91347734
Na Uy,2021,135.2890938
Na Uy,2022,190.00394743
Na Uy,2023,214.4518836
Na Uy,Sơ bộ 2024,136.78404
Phần lan,1995,
Phần lan,1996,
Phần lan,1997,
Phần lan,1998,
Phần lan,1999,
Phần lan,2000,22.4
Phần lan,2001,19.9
Phần lan,2002,24.3
Phần lan,2003,28.8
Phần lan,2004,41.9
Phần lan,2005,57.2
Phần lan,2006,68.9
Phần lan,2007,92.5
Phần lan,2008,134.4
Phần lan,2009,79.5
Phần lan,2010,68.4
Phần lan,2011,87
Phần lan,2012,99.7
Phần lan,2013,80.7
Phần lan,2014,104.5
Phần lan,2015,117.6
Phần lan,2016,106.6
Phần lan,2017,164.9
Phần lan,2018,164.7
Phần lan,2019,119.5486516
Phần lan,2020,140.89191358
Phần lan,2021,266.51165243
Phần lan,2022,223.27879085
Phần lan,2023,195.76105986
Phần lan,Sơ bộ 2024,214.565609
Thụy Điển,1995,4.7
Thụy Điển,1996,31.8
Thụy Điển,1997,47.1
Thụy Điển,1998,58.5
Thụy Điển,1999,45.2
Thụy Điển,2000,55.1
Thụy Điển,2001,53.244
Thụy Điển,2002,62.4
Thụy Điển,2003,90
Thụy Điển,2004,108.5
Thụy Điển,2005,133.6
Thụy Điển,2006,171
Thụy Điển,2007,202.4
Thụy Điển,2008,224.9
Thụy Điển,2009,204.6
Thụy Điển,2010,233.2
Thụy Điển,2011,427.4
Thụy Điển,2012,673.7
Thụy Điển,2013,905.3
Thụy Điển,2014,961.1
Thụy Điển,2015,936.2
Thụy Điển,2016,914.7
Thụy Điển,2017,970.6
Thụy Điển,2018,1157.2
Thụy Điển,2019,1183.63409147
Thụy Điển,2020,1126.70610153
Thụy Điển,2021,1199.67443927
Thụy Điển,2022,1265.42564974
Thụy Điển,2023,946.00003742
Thụy Điển,Sơ bộ 2024,1045.433214
Bồ Đào Nha,1995,
Bồ Đào Nha,1996,
Bồ Đào Nha,1997,
Bồ Đào Nha,1998,
Bồ Đào Nha,1999,
Bồ Đào Nha,2000,8.9
Bồ Đào Nha,2001,6.2
Bồ Đào Nha,2002,5.6
Bồ Đào Nha,2003,10.4
Bồ Đào Nha,2004,16.2
Bồ Đào Nha,2005,22.9
Bồ Đào Nha,2006,32.8
Bồ Đào Nha,2007,52.1
Bồ Đào Nha,2008,85.3
Bồ Đào Nha,2009,93.2
Bồ Đào Nha,2010,94.7
Bồ Đào Nha,2011,153
Bồ Đào Nha,2012,173.3
Bồ Đào Nha,2013,245
Bồ Đào Nha,2014,272.7
Bồ Đào Nha,2015,287.9
Bồ Đào Nha,2016,292.1
Bồ Đào Nha,2017,330.6
Bồ Đào Nha,2018,398.6
Bồ Đào Nha,2019,395.02338956
Bồ Đào Nha,2020,376.13154531
Bồ Đào Nha,2021,564.73890398
Bồ Đào Nha,2022,525.64154953
Bồ Đào Nha,2023,548.3405616
Bồ Đào Nha,Sơ bộ 2024,539.899187
Hy Lạp,1995,
Hy Lạp,1996,
Hy Lạp,1997,
Hy Lạp,1998,
Hy Lạp,1999,
Hy Lạp,2000,16.3
Hy Lạp,2001,21.1
Hy Lạp,2002,34.3
Hy Lạp,2003,42
Hy Lạp,2004,45.4
Hy Lạp,2005,55
Hy Lạp,2006,64.6
Hy Lạp,2007,81.8
Hy Lạp,2008,103.2
Hy Lạp,2009,77.7
Hy Lạp,2010,80.3
Hy Lạp,2011,132.3
Hy Lạp,2012,150.6
Hy Lạp,2013,186.4
Hy Lạp,2014,185.1
Hy Lạp,2015,167.3
Hy Lạp,2016,188.6
Hy Lạp,2017,270.3
Hy Lạp,2018,251.8
Hy Lạp,2019,272.35706045
Hy Lạp,2020,259.29149317
Hy Lạp,2021,358.77364288
Hy Lạp,2022,395.25757619
Hy Lạp,2023,391.81781933
Hy Lạp,Sơ bộ 2024,391.98637
I-ta-li-a,1995,57.1
I-ta-li-a,1996,49.8
I-ta-li-a,1997,118.2
I-ta-li-a,1998,144.5
I-ta-li-a,1999,159.4
I-ta-li-a,2000,218
I-ta-li-a,2001,237.874
I-ta-li-a,2002,264.6
I-ta-li-a,2003,330.9
I-ta-li-a,2004,369.9
I-ta-li-a,2005,469.9
I-ta-li-a,2006,653.1
I-ta-li-a,2007,816.8
I-ta-li-a,2008,1002.8
I-ta-li-a,2009,804.6
I-ta-li-a,2010,980.1
I-ta-li-a,2011,1534.3
I-ta-li-a,2012,1876.6
I-ta-li-a,2013,2290.7
I-ta-li-a,2014,2740.1
I-ta-li-a,2015,2847.8
I-ta-li-a,2016,3264.8
I-ta-li-a,2017,2734.9
I-ta-li-a,2018,2903.4
I-ta-li-a,2019,3439.15020938
I-ta-li-a,2020,3117.38312748
I-ta-li-a,2021,3878.61832535
I-ta-li-a,2022,4414.49612937
I-ta-li-a,2023,4473.89484607
I-ta-li-a,Sơ bộ 2024,4942.71612
Tây Ban Nha,1995,8.8
Tây Ban Nha,1996,27.558
Tây Ban Nha,1997,66.382
Tây Ban Nha,1998,85.578
Tây Ban Nha,1999,108
Tây Ban Nha,2000,137.3
Tây Ban Nha,2001,158.5
Tây Ban Nha,2002,179
Tây Ban Nha,2003,234.2
Tây Ban Nha,2004,312
Tây Ban Nha,2005,410.8
Tây Ban Nha,2006,558
Tây Ban Nha,2007,759.6
Tây Ban Nha,2008,962.2
Tây Ban Nha,2009,939.9
Tây Ban Nha,2010,1110.8
Tây Ban Nha,2011,1554.7
Tây Ban Nha,2012,1793.6
Tây Ban Nha,2013,2109.6
Tây Ban Nha,2014,2563.3
Tây Ban Nha,2015,2299
Tây Ban Nha,2016,2293.6
Tây Ban Nha,2017,2515.8
Tây Ban Nha,2018,2629.2
Tây Ban Nha,2019,2717.54463293
Tây Ban Nha,2020,2130.12116766
Tây Ban Nha,2021,2546.50574607
Tây Ban Nha,2022,2962.82973381
Tây Ban Nha,2023,3309.39760264
Tây Ban Nha,Sơ bộ 2024,4002.683248
Áo,1995,9.4
Áo,1996,5.6
Áo,1997,11.4
Áo,1998,8.4
Áo,1999,34.9
Áo,2000,23.7
Áo,2001,28.855
Áo,2002,29.7
Áo,2003,38.1
Áo,2004,59.5
Áo,2005,88.9
Áo,2006,97.5
Áo,2007,112.1
Áo,2008,108.7
Áo,2009,103.4
Áo,2010,144
Áo,2011,461.5
Áo,2012,1065.2
Áo,2013,1905
Áo,2014,2158.8
Áo,2015,2188.7
Áo,2016,2631.3
Áo,2017,3705.3
Áo,2018,4078.9
Áo,2019,3266.11980796
Áo,2020,2882.42782106
Áo,2021,3022.86068891
Áo,2022,2461.36123698
Áo,2023,2536.87123556
Áo,Sơ bộ 2024,1997.760104
CHLB Đức,1995,218
CHLB Đức,1996,228
CHLB Đức,1997,411.4
CHLB Đức,1998,552.5
CHLB Đức,1999,654.3
CHLB Đức,2000,730.3
CHLB Đức,2001,721.797
CHLB Đức,2002,729
CHLB Đức,2003,854.7
CHLB Đức,2004,1064.7
CHLB Đức,2005,1085.5
CHLB Đức,2006,1445.3
CHLB Đức,2007,1854.9
CHLB Đức,2008,2073.4
CHLB Đức,2009,1885.4
CHLB Đức,2010,2372.7
CHLB Đức,2011,3366.9
CHLB Đức,2012,4094.9
CHLB Đức,2013,4737
CHLB Đức,2014,5174.9
CHLB Đức,2015,5707.4
CHLB Đức,2016,5960.5
CHLB Đức,2017,6353.6
CHLB Đức,2018,6873.2
CHLB Đức,2019,6551.17199274
CHLB Đức,2020,6644.0478151
CHLB Đức,2021,7288.15646987
CHLB Đức,2022,8975.0398978
CHLB Đức,2023,7396.15403547
CHLB Đức,Sơ bộ 2024,7950.702852
Bỉ,1995,34.7
Bỉ,1996,61.3
Bỉ,1997,124.9
Bỉ,1998,212.3
Bỉ,1999,306.7
Bỉ,2000,311.9
Bỉ,2001,341.189
Bỉ,2002,337.1
Bỉ,2003,391.4
Bỉ,2004,515.7
Bỉ,2005,544.1
Bỉ,2006,687.5
Bỉ,2007,849
Bỉ,2008,1019.2
Bỉ,2009,831.7
Bỉ,2010,848.8
Bỉ,2011,1199.7
Bỉ,2012,1146.7
Bỉ,2013,1323.3
Bỉ,2014,1805.5
Bỉ,2015,1779.5
Bỉ,2016,1967.2
Bỉ,2017,2250.6
Bỉ,2018,2410.5
Bỉ,2019,2549.63816902
Bỉ,2020,2314.80609924
Bỉ,2021,3602.40542447
Bỉ,2022,3975.99964141
Bỉ,2023,3227.72075736
Bỉ,Sơ bộ 2024,3782.945925
Hà Lan,1995,79.7
Hà Lan,1996,147.4
Hà Lan,1997,266.8
Hà Lan,1998,304.1
Hà Lan,1999,342.9
Hà Lan,2000,391
Hà Lan,2001,364.542
Hà Lan,2002,404.3
Hà Lan,2003,493
Hà Lan,2004,581.9
Hà Lan,2005,659.2
Hà Lan,2006,857.4
Hà Lan,2007,1182.1
Hà Lan,2008,1577.4
Hà Lan,2009,1355.6
Hà Lan,2010,1688.3
Hà Lan,2011,2148
Hà Lan,2012,2476.2
Hà Lan,2013,2936.2
Hà Lan,2014,3762.2
Hà Lan,2015,4759.6
Hà Lan,2016,6011.6
Hà Lan,2017,7098.9
Hà Lan,2018,7085.1
Hà Lan,2019,6879.34243947
Hà Lan,2020,6999.29293327
Hà Lan,2021,7685.27067405
Hà Lan,2022,10430.66912436
Hà Lan,2023,10231.70943249
Hà Lan,Sơ bộ 2024,12991.294035
Pháp,1995,169.1
Pháp,1996,145
Pháp,1997,238.1
Pháp,1998,297.3
Pháp,1999,354.9
Pháp,2000,380.1
Pháp,2001,467.471
Pháp,2002,437.9
Pháp,2003,496.1
Pháp,2004,555.1
Pháp,2005,652.9
Pháp,2006,797.2
Pháp,2007,884.4
Pháp,2008,970.8
Pháp,2009,809.6
Pháp,2010,1095.1
Pháp,2011,1658.9
Pháp,2012,2163.4
Pháp,2013,2202.7
Pháp,2014,2396.8
Pháp,2015,2947.1
Pháp,2016,2998
Pháp,2017,3345.5
Pháp,2018,3762.7
Pháp,2019,3762.20305507
Pháp,2020,3296.9849068
Pháp,2021,3209.98329171
Pháp,2022,3623.15053266
Pháp,2023,3163.00776729
Pháp,Sơ bộ 2024,3403.156012
Thụy Sĩ,1995,61.8
Thụy Sĩ,1996,151.8
Thụy Sĩ,1997,331.9
Thụy Sĩ,1998,277.3
Thụy Sĩ,1999,267.9
Thụy Sĩ,2000,166.4
Thụy Sĩ,2001,94.845
Thụy Sĩ,2002,66.6
Thụy Sĩ,2003,74.6
Thụy Sĩ,2004,120.2
Thụy Sĩ,2005,103.9
Thụy Sĩ,2006,155.7
Thụy Sĩ,2007,236.9
Thụy Sĩ,2008,522
Thụy Sĩ,2009,2499.7
Thụy Sĩ,2010,2652
Thụy Sĩ,2011,1188.5
Thụy Sĩ,2012,397.7
Thụy Sĩ,2013,288.3
Thụy Sĩ,2014,264.4
Thụy Sĩ,2015,230
Thụy Sĩ,2016,593
Thụy Sĩ,2017,239.7
Thụy Sĩ,2018,171.3
Thụy Sĩ,2019,1560.82625697
Thụy Sĩ,2020,269.3242852
Thụy Sĩ,2021,237.42679821
Thụy Sĩ,2022,183.72423849
Thụy Sĩ,2023,198.23405863
Thụy Sĩ,Sơ bộ 2024,193.696217
Ca-na-đa,1995,17.8
Ca-na-đa,1996,32.552
Ca-na-đa,1997,63.85
Ca-na-đa,1998,80.175
Ca-na-đa,1999,91.1
Ca-na-đa,2000,98.7
Ca-na-đa,2001,107.316
Ca-na-đa,2002,138.1
Ca-na-đa,2003,171.3
Ca-na-đa,2004,270.1
Ca-na-đa,2005,356
Ca-na-đa,2006,440.5
Ca-na-đa,2007,539.2
Ca-na-đa,2008,656.4
Ca-na-đa,2009,638.5
Ca-na-đa,2010,802.1
Ca-na-đa,2011,969.4
Ca-na-đa,2012,1156.5
Ca-na-đa,2013,1557.8
Ca-na-đa,2014,2077.7
Ca-na-đa,2015,2407.6
Ca-na-đa,2016,2652.5
Ca-na-đa,2017,2709.2
Ca-na-đa,2018,3013.8
Ca-na-đa,2019,3888.83024604
Ca-na-đa,2020,4361.21606917
Ca-na-đa,2021,5269.62519799
Ca-na-đa,2022,6326.87919898
Ca-na-đa,2023,5614.25739469
Ca-na-đa,Sơ bộ 2024,6371.327035
Hoa Kỳ,1995,169.7
Hoa Kỳ,1996,204.218
Hoa Kỳ,1997,286.72
Hoa Kỳ,1998,468.625
Hoa Kỳ,1999,504
Hoa Kỳ,2000,732.8
Hoa Kỳ,2001,1065.335
Hoa Kỳ,2002,2452.8
Hoa Kỳ,2003,3938.6
Hoa Kỳ,2004,5024.8
Hoa Kỳ,2005,5924
Hoa Kỳ,2006,7845.1
Hoa Kỳ,2007,10104.5
Hoa Kỳ,2008,11886.8
Hoa Kỳ,2009,11407.2
Hoa Kỳ,2010,14238.1
Hoa Kỳ,2011,16955.4
Hoa Kỳ,2012,19665.2
Hoa Kỳ,2013,23852.5
Hoa Kỳ,2014,28634.7
Hoa Kỳ,2015,33451
Hoa Kỳ,2016,38449.7
Hoa Kỳ,2017,41530.8
Hoa Kỳ,2018,47529.7
Hoa Kỳ,2019,61332.42508459
Hoa Kỳ,2020,77077.33337597
Hoa Kỳ,2021,96268.62748427
Hoa Kỳ,2022,109412.19042639
Hoa Kỳ,2023,96981.68027887
Hoa Kỳ,Sơ bộ 2024,119523.00147
Ác-hen-ti-na,1995,
Ác-hen-ti-na,1996,
Ác-hen-ti-na,1997,
Ác-hen-ti-na,1998,
Ác-hen-ti-na,1999,
Ác-hen-ti-na,2000,7.3
Ác-hen-ti-na,2001,5.3
Ác-hen-ti-na,2002,1.4
Ác-hen-ti-na,2003,5.7
Ác-hen-ti-na,2004,8.7
Ác-hen-ti-na,2005,16.6
Ác-hen-ti-na,2006,30.8
Ác-hen-ti-na,2007,49.8
Ác-hen-ti-na,2008,73.7
Ác-hen-ti-na,2009,55.9
Ác-hen-ti-na,2010,91.6
Ác-hen-ti-na,2011,148.9
Ác-hen-ti-na,2012,166.8
Ác-hen-ti-na,2013,191.7
Ác-hen-ti-na,2014,174
Ác-hen-ti-na,2015,377.6
Ác-hen-ti-na,2016,368.6
Ác-hen-ti-na,2017,481.2
Ác-hen-ti-na,2018,401.1
Ác-hen-ti-na,2019,553.75708593
Ác-hen-ti-na,2020,567.09983171
Ác-hen-ti-na,2021,832.04105738
Ác-hen-ti-na,2022,851.66002084
Ác-hen-ti-na,2023,975.76683286
Ác-hen-ti-na,Sơ bộ 2024,519.800835
Bra-xin,1995,0.9
Bra-xin,1996,9.662
Bra-xin,1997,11.12
Bra-xin,1998,14.16
Bra-xin,1999,8.6
Bra-xin,2000,13.9
Bra-xin,2001,15.1
Bra-xin,2002,12.2
Bra-xin,2003,22.6
Bra-xin,2004,25
Bra-xin,2005,32.3
Bra-xin,2006,61.9
Bra-xin,2007,102.6
Bra-xin,2008,183.1
Bra-xin,2009,200
Bra-xin,2010,492.8
Bra-xin,2011,597.9
Bra-xin,2012,718.1
Bra-xin,2013,1104.8
Bra-xin,2014,1480.7
Bra-xin,2015,1435.8
Bra-xin,2016,1332.4
Bra-xin,2017,2039.5
Bra-xin,2018,2059.4
Bra-xin,2019,2147.28852832
Bra-xin,2020,1826.25084422
Bra-xin,2021,2266.1695266
Bra-xin,2022,2237.26121793
Bra-xin,2023,2437.82329023
Bra-xin,Sơ bộ 2024,2600.44036
Chi-lê,1995,
Chi-lê,1996,
Chi-lê,1997,
Chi-lê,1998,
Chi-lê,1999,
Chi-lê,2000,10.7
Chi-lê,2001,9.2
Chi-lê,2002,10.4
Chi-lê,2003,10.3
Chi-lê,2004,22.1
Chi-lê,2005,30.9
Chi-lê,2006,46.1
Chi-lê,2007,46.7
Chi-lê,2008,68.9
Chi-lê,2009,110.5
Chi-lê,2010,94.1
Chi-lê,2011,137.5
Chi-lê,2012,168.6
Chi-lê,2013,219.6
Chi-lê,2014,520.8
Chi-lê,2015,649.5
Chi-lê,2016,805.2
Chi-lê,2017,998.6
Chi-lê,2018,781.7
Chi-lê,2019,940.6442144
Chi-lê,2020,1018.32437738
Chi-lê,2021,1656.27613179
Chi-lê,2022,1724.23058508
Chi-lê,2023,1195.05883729
Chi-lê,Sơ bộ 2024,1378.627688
Mê-hi-cô,1995,0.7
Mê-hi-cô,1996,3.532
Mê-hi-cô,1997,22.428
Mê-hi-cô,1998,32.157
Mê-hi-cô,1999,20.1
Mê-hi-cô,2000,24.2
Mê-hi-cô,2001,44.016
Mê-hi-cô,2002,60.5
Mê-hi-cô,2003,78.3
Mê-hi-cô,2004,127.7
Mê-hi-cô,2005,191.5
Mê-hi-cô,2006,285.5
Mê-hi-cô,2007,360.4
Mê-hi-cô,2008,436.4
Mê-hi-cô,2009,359.1
Mê-hi-cô,2010,488.8
Mê-hi-cô,2011,589.7
Mê-hi-cô,2012,682.8
Mê-hi-cô,2013,892
Mê-hi-cô,2014,1035.9
Mê-hi-cô,2015,1545.5
Mê-hi-cô,2016,1888.4
Mê-hi-cô,2017,2338.4
Mê-hi-cô,2018,2239.6
Mê-hi-cô,2019,2826.81250097
Mê-hi-cô,2020,3159.27908605
Mê-hi-cô,2021,4557.53231903
Mê-hi-cô,2022,4534.99147679
Mê-hi-cô,2023,4433.63328317
Mê-hi-cô,Sơ bộ 2024,5465.337221
Pa-na-ma,1995,
Pa-na-ma,1996,
Pa-na-ma,1997,
Pa-na-ma,1998,
Pa-na-ma,1999,
Pa-na-ma,2000,13.7
Pa-na-ma,2001,14.8
Pa-na-ma,2002,13.3
Pa-na-ma,2003,13.9
Pa-na-ma,2004,44.7
Pa-na-ma,2005,42.9
Pa-na-ma,2006,77.9
Pa-na-ma,2007,118
Pa-na-ma,2008,164.5
Pa-na-ma,2009,135.3
Pa-na-ma,2010,173.8
Pa-na-ma,2011,227.4
Pa-na-ma,2012,237.2
Pa-na-ma,2013,234.5
Pa-na-ma,2014,272
Pa-na-ma,2015,268.8
Pa-na-ma,2016,259.5
Pa-na-ma,2017,325
Pa-na-ma,2018,265
Pa-na-ma,2019,337.22377389
Pa-na-ma,2020,309.5387548
Pa-na-ma,2021,462.11762102
Pa-na-ma,2022,434.61199321
Pa-na-ma,2023,376.03266325
Pa-na-ma,Sơ bộ 2024,390.614582
Pêru,1995,
Pêru,1996,
Pêru,1997,
Pêru,1998,
Pêru,1999,
Pêru,2000,0.8
Pêru,2001,1.7
Pêru,2002,1.2
Pêru,2003,2.5
Pêru,2004,6.1
Pêru,2005,8.1
Pêru,2006,12.6
Pêru,2007,16.5
Pêru,2008,35.7
Pêru,2009,25.6
Pêru,2010,38.3
Pêru,2011,76.3
Pêru,2012,100.6
Pêru,2013,109.8
Pêru,2014,186.9
Pêru,2015,238.2
Pêru,2016,277.5
Pêru,2017,330.4
Pêru,2018,250.2
Pêru,2019,341.30132552
Pêru,2020,303.73721945
Pêru,2021,559.86556722
Pêru,2022,530.8820485
Pêru,2023,439.02003909
Pêru,Sơ bộ 2024,443.505273
Ai Cập,1995,
Ai Cập,1996,
Ai Cập,1997,
Ai Cập,1998,
Ai Cập,1999,
Ai Cập,2000,19
Ai Cập,2001,28.6
Ai Cập,2002,21.8
Ai Cập,2003,14.8
Ai Cập,2004,40.3
Ai Cập,2005,45.1
Ai Cập,2006,49
Ai Cập,2007,97.8
Ai Cập,2008,167.8
Ai Cập,2009,162.7
Ai Cập,2010,174.6
Ai Cập,2011,256.3
Ai Cập,2012,297.7
Ai Cập,2013,220
Ai Cập,2014,380
Ai Cập,2015,361.7
Ai Cập,2016,292.9
Ai Cập,2017,321
Ai Cập,2018,440
Ai Cập,2019,458.44623549
Ai Cập,2020,447.48269755
Ai Cập,2021,567.93396628
Ai Cập,2022,502.7887456
Ai Cập,2023,432.07133407
Ai Cập,Sơ bộ 2024,472.558686
An-giê-ri,1995,11.1
An-giê-ri,1996,8.937
An-giê-ri,1997,8.22
An-giê-ri,1998,1.772
An-giê-ri,1999,4.7
An-giê-ri,2000,6.4
An-giê-ri,2001,11.7
An-giê-ri,2002,3.3
An-giê-ri,2003,18.2
An-giê-ri,2004,13.9
An-giê-ri,2005,30.9
An-giê-ri,2006,34.2
An-giê-ri,2007,40.5
An-giê-ri,2008,77.5
An-giê-ri,2009,81.6
An-giê-ri,2010,75.8
An-giê-ri,2011,100.4
An-giê-ri,2012,129.1
An-giê-ri,2013,176.7
An-giê-ri,2014,246.4
An-giê-ri,2015,233.8
An-giê-ri,2016,271.2
An-giê-ri,2017,280.7
An-giê-ri,2018,191.8
An-giê-ri,2019,186.26894665
An-giê-ri,2020,148.21385086
An-giê-ri,2021,153.23375458
An-giê-ri,2022,140.97268666
An-giê-ri,2023,237.16031473
An-giê-ri,Sơ bộ 2024,192.257035
Ăng-gô-la,1995,
Ăng-gô-la,1996,
Ăng-gô-la,1997,
Ăng-gô-la,1998,
Ăng-gô-la,1999,
Ăng-gô-la,2000,20.2
Ăng-gô-la,2001,28
Ăng-gô-la,2002,20.6
Ăng-gô-la,2003,28
Ăng-gô-la,2004,34.8
Ăng-gô-la,2005,76.2
Ăng-gô-la,2006,60.3
Ăng-gô-la,2007,49.4
Ăng-gô-la,2008,143.8
Ăng-gô-la,2009,89.2
Ăng-gô-la,2010,111.2
Ăng-gô-la,2011,68.1
Ăng-gô-la,2012,115.8
Ăng-gô-la,2013,124.6
Ăng-gô-la,2014,81.4
Ăng-gô-la,2015,46.3
Ăng-gô-la,2016,38.7
Ăng-gô-la,2017,37.6
Ăng-gô-la,2018,40
Ăng-gô-la,2019,42.68565078
Ăng-gô-la,2020,19.25827001
Ăng-gô-la,2021,16.71587898
Ăng-gô-la,2022,26.30268547
Ăng-gô-la,2023,25.47106096
Ăng-gô-la,Sơ bộ 2024,35.252344
Ga-na,1995,
Ga-na,1996,
Ga-na,1997,
Ga-na,1998,
Ga-na,1999,
Ga-na,2000,7.3
Ga-na,2001,4.7
Ga-na,2002,8.6
Ga-na,2003,15.3
Ga-na,2004,31.8
Ga-na,2005,23.4
Ga-na,2006,38.2
Ga-na,2007,53.2
Ga-na,2008,52.2
Ga-na,2009,77.5
Ga-na,2010,98.6
Ga-na,2011,120.3
Ga-na,2012,203.6
Ga-na,2013,247
Ga-na,2014,243.6
Ga-na,2015,240.5
Ga-na,2016,290.7
Ga-na,2017,266.8
Ga-na,2018,278.3
Ga-na,2019,271.65714154
Ga-na,2020,363.53650478
Ga-na,2021,480.62896072
Ga-na,2022,302.10210425
Ga-na,2023,450.50386526
Ga-na,Sơ bộ 2024,510.771844
Nam Phi,1995,1.7
Nam Phi,1996,2.368
Nam Phi,1997,8.493
Nam Phi,1998,16.253
Nam Phi,1999,35.1
Nam Phi,2000,25.8
Nam Phi,2001,29.1
Nam Phi,2002,15.5
Nam Phi,2003,22.7
Nam Phi,2004,56.8
Nam Phi,2005,111.8
Nam Phi,2006,100.7
Nam Phi,2007,115.6
Nam Phi,2008,146.4
Nam Phi,2009,377.9
Nam Phi,2010,494.1
Nam Phi,2011,1864.4
Nam Phi,2012,612.6
Nam Phi,2013,764.2
Nam Phi,2014,793
Nam Phi,2015,1038.9
Nam Phi,2016,868.8
Nam Phi,2017,750.6
Nam Phi,2018,724.5
Nam Phi,2019,799.89295586
Nam Phi,2020,681.13681898
Nam Phi,2021,847.25586076
Nam Phi,2022,878.95977184
Nam Phi,2023,763.60107565
Nam Phi,Sơ bộ 2024,773.290961
Ni-giê-ria,1995,
Ni-giê-ria,1996,
Ni-giê-ria,1997,
Ni-giê-ria,1998,
Ni-giê-ria,1999,
Ni-giê-ria,2000,4.9
Ni-giê-ria,2001,8.1
Ni-giê-ria,2002,9.4
Ni-giê-ria,2003,10.5
Ni-giê-ria,2004,11.4
Ni-giê-ria,2005,17.1
Ni-giê-ria,2006,33
Ni-giê-ria,2007,34.1
Ni-giê-ria,2008,64.2
Ni-giê-ria,2009,66.9
Ni-giê-ria,2010,109.8
Ni-giê-ria,2011,70.5
Ni-giê-ria,2012,112.7
Ni-giê-ria,2013,147.9
Ni-giê-ria,2014,182.9
Ni-giê-ria,2015,113
Ni-giê-ria,2016,71.4
Ni-giê-ria,2017,63.8
Ni-giê-ria,2018,115.5
Ni-giê-ria,2019,127.09398845
Ni-giê-ria,2020,135.00538825
Ni-giê-ria,2021,158.04388485
Ni-giê-ria,2022,146.6959019
Ni-giê-ria,2023,154.31893076
Ni-giê-ria,Sơ bộ 2024,181.608894
Tan-da-nia,1995,
Tan-da-nia,1996,
Tan-da-nia,1997,
Tan-da-nia,1998,
Tan-da-nia,1999,
Tan-da-nia,2000,9.3
Tan-da-nia,2001,9.3
Tan-da-nia,2002,6.1
Tan-da-nia,2003,20.7
Tan-da-nia,2004,25
Tan-da-nia,2005,22.5
Tan-da-nia,2006,22.6
Tan-da-nia,2007,18.5
Tan-da-nia,2008,26.6
Tan-da-nia,2009,29
Tan-da-nia,2010,35.7
Tan-da-nia,2011,24.1
Tan-da-nia,2012,37.3
Tan-da-nia,2013,25.6
Tan-da-nia,2014,51.6
Tan-da-nia,2015,62.1
Tan-da-nia,2016,28.6
Tan-da-nia,2017,29
Tan-da-nia,2018,50.7
Tan-da-nia,2019,58.62849362
Tan-da-nia,2020,37.92964806
Tan-da-nia,2021,53.40327518
Tan-da-nia,2022,74.83836057
Tan-da-nia,2023,77.93410223
Tan-da-nia,Sơ bộ 2024,71.671893
Xê-nê-gan,1995,
Xê-nê-gan,1996,
Xê-nê-gan,1997,
Xê-nê-gan,1998,
Xê-nê-gan,1999,
Xê-nê-gan,2000,5.6
Xê-nê-gan,2001,21.3
Xê-nê-gan,2002,13.8
Xê-nê-gan,2003,34
Xê-nê-gan,2004,57.2
Xê-nê-gan,2005,41.9
Xê-nê-gan,2006,9.5
Xê-nê-gan,2007,10
Xê-nê-gan,2008,102.6
Xê-nê-gan,2009,107.2
Xê-nê-gan,2010,80.3
Xê-nê-gan,2011,190.2
Xê-nê-gan,2012,91.2
Xê-nê-gan,2013,43.2
Xê-nê-gan,2014,55.4
Xê-nê-gan,2015,39.6
Xê-nê-gan,2016,26.9
Xê-nê-gan,2017,38.6
Xê-nê-gan,2018,25.9
Xê-nê-gan,2019,52.56361672
Xê-nê-gan,2020,38.9302248
Xê-nê-gan,2021,30.35963249
Xê-nê-gan,2022,36.24009477
Xê-nê-gan,2023,37.79988566
Xê-nê-gan,Sơ bộ 2024,43.904255
Niu- Di-Lân,1995,1.4
Niu- Di-Lân,1996,7.929
Niu- Di-Lân,1997,20.244
Niu- Di-Lân,1998,25.677
Niu- Di-Lân,1999,17.7
Niu- Di-Lân,2000,18.2
Niu- Di-Lân,2001,18.492
Niu- Di-Lân,2002,21.2
Niu- Di-Lân,2003,25
Niu- Di-Lân,2004,46.9
Niu- Di-Lân,2005,47.5
Niu- Di-Lân,2006,54.1
Niu- Di-Lân,2007,67.5
Niu- Di-Lân,2008,76.6
Niu- Di-Lân,2009,70.5
Niu- Di-Lân,2010,122.6
Niu- Di-Lân,2011,151.4
Niu- Di-Lân,2012,184
Niu- Di-Lân,2013,273.9
Niu- Di-Lân,2014,315.9
Niu- Di-Lân,2015,325
Niu- Di-Lân,2016,359.9
Niu- Di-Lân,2017,457.2
Niu- Di-Lân,2018,504.2
Niu- Di-Lân,2019,542.43096267
Niu- Di-Lân,2020,498.30890995
Niu- Di-Lân,2021,701.88679251
Niu- Di-Lân,2022,698.13354279
Niu- Di-Lân,2023,648.74675583
Niu- Di-Lân,Sơ bộ 2024,686.892699
Ô-xtrây-li-a,1995,55.4
Ô-xtrây-li-a,1996,64.78
Ô-xtrây-li-a,1997,230.428
Ô-xtrây-li-a,1998,471.538
Ô-xtrây-li-a,1999,814.6
Ô-xtrây-li-a,2000,1272.5
Ô-xtrây-li-a,2001,1041.801
Ô-xtrây-li-a,2002,1328.3
Ô-xtrây-li-a,2003,1420.9
Ô-xtrây-li-a,2004,1884.7
Ô-xtrây-li-a,2005,2722.8
Ô-xtrây-li-a,2006,3744.7
Ô-xtrây-li-a,2007,3802.2
Ô-xtrây-li-a,2008,4351.6
Ô-xtrây-li-a,2009,2386.1
Ô-xtrây-li-a,2010,2704
Ô-xtrây-li-a,2011,2602
Ô-xtrây-li-a,2012,3208.7
Ô-xtrây-li-a,2013,3488.1
Ô-xtrây-li-a,2014,3988.2
Ô-xtrây-li-a,2015,2905.6
Ô-xtrây-li-a,2016,2864.9
Ô-xtrây-li-a,2017,3271
Ô-xtrây-li-a,2018,3965.9
Ô-xtrây-li-a,2019,3527.17544287
Ô-xtrây-li-a,2020,3620.60569674
Ô-xtrây-li-a,2021,4401.3594852
Ô-xtrây-li-a,2022,5517.43371235
Ô-xtrây-li-a,2023,5228.71399115
Ô-xtrây-li-a,Sơ bộ 2024,6447.903453
