Phân loại tiêu chuẩn ngoại thương,Năm,Giá trị
TỔNG SỐ,1995,5449
TỔNG SỐ,1996,7255.9
TỔNG SỐ,1997,9184.995
TỔNG SỐ,1998,9360.261
TỔNG SỐ,1999,11541.358
TỔNG SỐ,2000,14482.7
TỔNG SỐ,2001,15029.2
TỔNG SỐ,2002,16706.1
TỔNG SỐ,2003,20149.3
TỔNG SỐ,2004,26485
TỔNG SỐ,2005,32447.1
TỔNG SỐ,2006,39826.2
TỔNG SỐ,2007,48561.4
TỔNG SỐ,2008,62685.1
TỔNG SỐ,2009,57096.3
TỔNG SỐ,2010,72236.7
TỔNG SỐ,2011,96905.7
TỔNG SỐ,2012,114529.2
TỔNG SỐ,2013,132032.9
TỔNG SỐ,2014,150217.1
TỔNG SỐ,2015,162016.7
TỔNG SỐ,2016,176580.8
TỔNG SỐ,2017,215118.6
TỔNG SỐ,2018,243696.8
TỔNG SỐ,2019,264267.21074816
TỔNG SỐ,2020,282628.93845943
TỔNG SỐ,2021,336166.83951
TỔNG SỐ,2022,371715.4
TỔNG SỐ,2023,354721
TỔNG SỐ,Sơ bộ 2024,405935.4
"Hàng thô hoặc mới sơ chế, hàng hóa thuộc ngành công nghiệp chế biến, khoáng sản",1995,3664.1
"Hàng thô hoặc mới sơ chế, hàng hóa thuộc ngành công nghiệp chế biến, khoáng sản",1996,4537.7
"Hàng thô hoặc mới sơ chế, hàng hóa thuộc ngành công nghiệp chế biến, khoáng sản",1997,4780.928
"Hàng thô hoặc mới sơ chế, hàng hóa thuộc ngành công nghiệp chế biến, khoáng sản",1998,5006.406
"Hàng thô hoặc mới sơ chế, hàng hóa thuộc ngành công nghiệp chế biến, khoáng sản",1999,5996.169
"Hàng thô hoặc mới sơ chế, hàng hóa thuộc ngành công nghiệp chế biến, khoáng sản",2000,8078.8
"Hàng thô hoặc mới sơ chế, hàng hóa thuộc ngành công nghiệp chế biến, khoáng sản",2001,8009.8
"Hàng thô hoặc mới sơ chế, hàng hóa thuộc ngành công nghiệp chế biến, khoáng sản",2002,8289.5
"Hàng thô hoặc mới sơ chế, hàng hóa thuộc ngành công nghiệp chế biến, khoáng sản",2003,9397.2
"Hàng thô hoặc mới sơ chế, hàng hóa thuộc ngành công nghiệp chế biến, khoáng sản",2004,12554.1
"Hàng thô hoặc mới sơ chế, hàng hóa thuộc ngành công nghiệp chế biến, khoáng sản",2005,16100.7
"Hàng thô hoặc mới sơ chế, hàng hóa thuộc ngành công nghiệp chế biến, khoáng sản",2006,19226.8
"Hàng thô hoặc mới sơ chế, hàng hóa thuộc ngành công nghiệp chế biến, khoáng sản",2007,21657.7
"Hàng thô hoặc mới sơ chế, hàng hóa thuộc ngành công nghiệp chế biến, khoáng sản",2008,27698.7
"Hàng thô hoặc mới sơ chế, hàng hóa thuộc ngành công nghiệp chế biến, khoáng sản",2009,22266.1
"Hàng thô hoặc mới sơ chế, hàng hóa thuộc ngành công nghiệp chế biến, khoáng sản",2010,25187.5
"Hàng thô hoặc mới sơ chế, hàng hóa thuộc ngành công nghiệp chế biến, khoáng sản",2011,33736.7
"Hàng thô hoặc mới sơ chế, hàng hóa thuộc ngành công nghiệp chế biến, khoáng sản",2012,35200.9
"Hàng thô hoặc mới sơ chế, hàng hóa thuộc ngành công nghiệp chế biến, khoáng sản",2013,33782.6
"Hàng thô hoặc mới sơ chế, hàng hóa thuộc ngành công nghiệp chế biến, khoáng sản",2014,35734.5
"Hàng thô hoặc mới sơ chế, hàng hóa thuộc ngành công nghiệp chế biến, khoáng sản",2015,30299.3
"Hàng thô hoặc mới sơ chế, hàng hóa thuộc ngành công nghiệp chế biến, khoáng sản",2016,30467.2
"Hàng thô hoặc mới sơ chế, hàng hóa thuộc ngành công nghiệp chế biến, khoáng sản",2017,36045.6
"Hàng thô hoặc mới sơ chế, hàng hóa thuộc ngành công nghiệp chế biến, khoáng sản",2018,37492.1
"Hàng thô hoặc mới sơ chế, hàng hóa thuộc ngành công nghiệp chế biến, khoáng sản",2019,36880.1174262345
"Hàng thô hoặc mới sơ chế, hàng hóa thuộc ngành công nghiệp chế biến, khoáng sản",2020,34886.40974607842
"Hàng thô hoặc mới sơ chế, hàng hóa thuộc ngành công nghiệp chế biến, khoáng sản",2021,39907.9
"Hàng thô hoặc mới sơ chế, hàng hóa thuộc ngành công nghiệp chế biến, khoáng sản",2022,45861.3
"Hàng thô hoặc mới sơ chế, hàng hóa thuộc ngành công nghiệp chế biến, khoáng sản",2023,47231.7
"Hàng thô hoặc mới sơ chế, hàng hóa thuộc ngành công nghiệp chế biến, khoáng sản",Sơ bộ 2024,55546.5
"Lương thực, thực phẩm và động vật sống",1995,2064.2
"Lương thực, thực phẩm và động vật sống",1996,2424.1
"Lương thực, thực phẩm và động vật sống",1997,2691.92
"Lương thực, thực phẩm và động vật sống",1998,3158.112
"Lương thực, thực phẩm và động vật sống",1999,3283.846
"Lương thực, thực phẩm và động vật sống",2000,3779.5
"Lương thực, thực phẩm và động vật sống",2001,4051.6
"Lương thực, thực phẩm và động vật sống",2002,4117.6
"Lương thực, thực phẩm và động vật sống",2003,4432
"Lương thực, thực phẩm và động vật sống",2004,5277.6
"Lương thực, thực phẩm và động vật sống",2005,6345.7
"Lương thực, thực phẩm và động vật sống",2006,7509.2
"Lương thực, thực phẩm và động vật sống",2007,9191.7
"Lương thực, thực phẩm và động vật sống",2008,12164.3
"Lương thực, thực phẩm và động vật sống",2009,11514.6
"Lương thực, thực phẩm và động vật sống",2010,13432.5
"Lương thực, thực phẩm và động vật sống",2011,17442.9
"Lương thực, thực phẩm và động vật sống",2012,18812.6
"Lương thực, thực phẩm và động vật sống",2013,18561.2
"Lương thực, thực phẩm và động vật sống",2014,21546.6
"Lương thực, thực phẩm và động vật sống",2015,20339.5
"Lương thực, thực phẩm và động vật sống",2016,22041.2
"Lương thực, thực phẩm và động vật sống",2017,25397.1
"Lương thực, thực phẩm và động vật sống",2018,26142
"Lương thực, thực phẩm và động vật sống",2019,25000.883821915
"Lương thực, thực phẩm và động vật sống",2020,24909.1058729113
"Lương thực, thực phẩm và động vật sống",2021,27451.4
"Lương thực, thực phẩm và động vật sống",2022,30221
"Lương thực, thực phẩm và động vật sống",2023,33193.8
"Lương thực, thực phẩm và động vật sống",Sơ bộ 2024,41668
Đồ uống và thuốc lá,1995,5
Đồ uống và thuốc lá,1996,7
Đồ uống và thuốc lá,1997,33.804
Đồ uống và thuốc lá,1998,4.923
Đồ uống và thuốc lá,1999,14.994
Đồ uống và thuốc lá,2000,18.8
Đồ uống và thuốc lá,2001,45.5
Đồ uống và thuốc lá,2002,75.2
Đồ uống và thuốc lá,2003,159.8
Đồ uống và thuốc lá,2004,174
Đồ uống và thuốc lá,2005,150
Đồ uống và thuốc lá,2006,143.5
Đồ uống và thuốc lá,2007,155.1
Đồ uống và thuốc lá,2008,190.8
Đồ uống và thuốc lá,2009,237.8
Đồ uống và thuốc lá,2010,301.3
Đồ uống và thuốc lá,2011,358
Đồ uống và thuốc lá,2012,464.3
Đồ uống và thuốc lá,2013,538.1
Đồ uống và thuốc lá,2014,540.4
Đồ uống và thuốc lá,2015,568.4
Đồ uống và thuốc lá,2016,538.6
Đồ uống và thuốc lá,2017,537.1
Đồ uống và thuốc lá,2018,619.4
Đồ uống và thuốc lá,2019,697.98044325
Đồ uống và thuốc lá,2020,520.7494959677013
Đồ uống và thuốc lá,2021,545.6
Đồ uống và thuốc lá,2022,597
Đồ uống và thuốc lá,2023,758.7
Đồ uống và thuốc lá,Sơ bộ 2024,864.6
"NVL thô, không dùng để ăn, trừ nhiên liệu",1995,370.5
"NVL thô, không dùng để ăn, trừ nhiên liệu",1996,499.6
"NVL thô, không dùng để ăn, trừ nhiên liệu",1997,376.668
"NVL thô, không dùng để ăn, trừ nhiên liệu",1998,283.079
"NVL thô, không dùng để ăn, trừ nhiên liệu",1999,302.233
"NVL thô, không dùng để ăn, trừ nhiên liệu",2000,384
"NVL thô, không dùng để ăn, trừ nhiên liệu",2001,412.6
"NVL thô, không dùng để ăn, trừ nhiên liệu",2002,516.5
"NVL thô, không dùng để ăn, trừ nhiên liệu",2003,631.3
"NVL thô, không dùng để ăn, trừ nhiên liệu",2004,830.9
"NVL thô, không dùng để ăn, trừ nhiên liệu",2005,1229.1
"NVL thô, không dùng để ăn, trừ nhiên liệu",2006,1845.3
"NVL thô, không dùng để ăn, trừ nhiên liệu",2007,2199.8
"NVL thô, không dùng để ăn, trừ nhiên liệu",2008,2491.7
"NVL thô, không dùng để ăn, trừ nhiên liệu",2009,1928.3
"NVL thô, không dùng để ăn, trừ nhiên liệu",2010,3373.8
"NVL thô, không dùng để ăn, trừ nhiên liệu",2011,4716.1
"NVL thô, không dùng để ăn, trừ nhiên liệu",2012,4254.2
"NVL thô, không dùng để ăn, trừ nhiên liệu",2013,4742.3
"NVL thô, không dùng để ăn, trừ nhiên liệu",2014,4146.4
"NVL thô, không dùng để ăn, trừ nhiên liệu",2015,4108.2
"NVL thô, không dùng để ăn, trừ nhiên liệu",2016,4142
"NVL thô, không dùng để ăn, trừ nhiên liệu",2017,5098.7
"NVL thô, không dùng để ăn, trừ nhiên liệu",2018,5656.7
"NVL thô, không dùng để ăn, trừ nhiên liệu",2019,6254.0601184895
"NVL thô, không dùng để ăn, trừ nhiên liệu",2020,6156.694505841349
"NVL thô, không dùng để ăn, trừ nhiên liệu",2021,7605.7
"NVL thô, không dùng để ăn, trừ nhiên liệu",2022,9251.9
"NVL thô, không dùng để ăn, trừ nhiên liệu",2023,8106.3
"NVL thô, không dùng để ăn, trừ nhiên liệu",Sơ bộ 2024,9537.4
"Nhiêu liệu, dầu mỡ nhờn và vật liệu liên quan",1995,1210.6
"Nhiêu liệu, dầu mỡ nhờn và vật liệu liên quan",1996,1572
"Nhiêu liệu, dầu mỡ nhờn và vật liệu liên quan",1997,1653.537
"Nhiêu liệu, dầu mỡ nhờn và vật liệu liên quan",1998,1543.545
"Nhiêu liệu, dầu mỡ nhờn và vật liệu liên quan",1999,2372.53
"Nhiêu liệu, dầu mỡ nhờn và vật liệu liên quan",2000,3824.7
"Nhiêu liệu, dầu mỡ nhờn và vật liệu liên quan",2001,3468.5
"Nhiêu liệu, dầu mỡ nhờn và vật liệu liên quan",2002,3567.8
"Nhiêu liệu, dầu mỡ nhờn và vật liệu liên quan",2003,4151.1
"Nhiêu liệu, dầu mỡ nhờn và vật liệu liên quan",2004,6233.2
"Nhiêu liệu, dầu mỡ nhờn và vật liệu liên quan",2005,8358
"Nhiêu liệu, dầu mỡ nhờn và vật liệu liên quan",2006,9709.4
"Nhiêu liệu, dầu mỡ nhờn và vật liệu liên quan",2007,10061
"Nhiêu liệu, dầu mỡ nhờn và vật liệu liên quan",2008,12750.5
"Nhiêu liệu, dầu mỡ nhờn và vật liệu liên quan",2009,8507.1
"Nhiêu liệu, dầu mỡ nhờn và vật liệu liên quan",2010,7979.7
"Nhiêu liệu, dầu mỡ nhờn và vật liệu liên quan",2011,11007.8
"Nhiêu liệu, dầu mỡ nhờn và vật liệu liên quan",2012,11353.2
"Nhiêu liệu, dầu mỡ nhờn và vật liệu liên quan",2013,9685.2
"Nhiêu liệu, dầu mỡ nhờn và vật liệu liên quan",2014,9238.2
"Nhiêu liệu, dầu mỡ nhờn và vật liệu liên quan",2015,4995.8
"Nhiêu liệu, dầu mỡ nhờn và vật liệu liên quan",2016,3578.1
"Nhiêu liệu, dầu mỡ nhờn và vật liệu liên quan",2017,4846.1
"Nhiêu liệu, dầu mỡ nhờn và vật liệu liên quan",2018,4907.3
"Nhiêu liệu, dầu mỡ nhờn và vật liệu liên quan",2019,4756.77686044
"Nhiêu liệu, dầu mỡ nhờn và vật liệu liên quan",2020,3086.667185651238
"Nhiêu liệu, dầu mỡ nhờn và vật liệu liên quan",2021,3925.8
"Nhiêu liệu, dầu mỡ nhờn và vật liệu liên quan",2022,5092.5
"Nhiêu liệu, dầu mỡ nhờn và vật liệu liên quan",2023,4583
"Nhiêu liệu, dầu mỡ nhờn và vật liệu liên quan",Sơ bộ 2024,2928.4
"Dầu, mỡ, chất béo, sáp động, thực vật",1995,13.8
"Dầu, mỡ, chất béo, sáp động, thực vật",1996,34.9
"Dầu, mỡ, chất béo, sáp động, thực vật",1997,24.999
"Dầu, mỡ, chất béo, sáp động, thực vật",1998,16.747
"Dầu, mỡ, chất béo, sáp động, thực vật",1999,22.566
"Dầu, mỡ, chất béo, sáp động, thực vật",2000,71.8
"Dầu, mỡ, chất béo, sáp động, thực vật",2001,31.6
"Dầu, mỡ, chất béo, sáp động, thực vật",2002,12.5
"Dầu, mỡ, chất béo, sáp động, thực vật",2003,23
"Dầu, mỡ, chất béo, sáp động, thực vật",2004,38.4
"Dầu, mỡ, chất béo, sáp động, thực vật",2005,17.9
"Dầu, mỡ, chất béo, sáp động, thực vật",2006,19.4
"Dầu, mỡ, chất béo, sáp động, thực vật",2007,50.1
"Dầu, mỡ, chất béo, sáp động, thực vật",2008,101.4
"Dầu, mỡ, chất béo, sáp động, thực vật",2009,78.3
"Dầu, mỡ, chất béo, sáp động, thực vật",2010,100.2
"Dầu, mỡ, chất béo, sáp động, thực vật",2011,211.9
"Dầu, mỡ, chất béo, sáp động, thực vật",2012,316.6
"Dầu, mỡ, chất béo, sáp động, thực vật",2013,255.8
"Dầu, mỡ, chất béo, sáp động, thực vật",2014,262.9
"Dầu, mỡ, chất béo, sáp động, thực vật",2015,287.4
"Dầu, mỡ, chất béo, sáp động, thực vật",2016,167.3
"Dầu, mỡ, chất béo, sáp động, thực vật",2017,166.6
"Dầu, mỡ, chất béo, sáp động, thực vật",2018,166.7
"Dầu, mỡ, chất béo, sáp động, thực vật",2019,170.41618214
"Dầu, mỡ, chất béo, sáp động, thực vật",2020,213.1926857068214
"Dầu, mỡ, chất béo, sáp động, thực vật",2021,379.4
"Dầu, mỡ, chất béo, sáp động, thực vật",2022,698.9
"Dầu, mỡ, chất béo, sáp động, thực vật",2023,589.9
"Dầu, mỡ, chất béo, sáp động, thực vật",Sơ bộ 2024,548.1
Hàng hóa thuộc ngành công nghiệp chế tạo,1995,1784.8
Hàng hóa thuộc ngành công nghiệp chế tạo,1996,2710.5
Hàng hóa thuộc ngành công nghiệp chế tạo,1997,4401.304
Hàng hóa thuộc ngành công nghiệp chế tạo,1998,4350.137
Hàng hóa thuộc ngành công nghiệp chế tạo,1999,5540.573
Hàng hóa thuộc ngành công nghiệp chế tạo,2000,6397.5
Hàng hóa thuộc ngành công nghiệp chế tạo,2001,7019
Hàng hóa thuộc ngành công nghiệp chế tạo,2002,8414.6
Hàng hóa thuộc ngành công nghiệp chế tạo,2003,10747.8
Hàng hóa thuộc ngành công nghiệp chế tạo,2004,13927.6
Hàng hóa thuộc ngành công nghiệp chế tạo,2005,16341
Hàng hóa thuộc ngành công nghiệp chế tạo,2006,20592
Hàng hóa thuộc ngành công nghiệp chế tạo,2007,26886.1
Hàng hóa thuộc ngành công nghiệp chế tạo,2008,34625.5
Hàng hóa thuộc ngành công nghiệp chế tạo,2009,34007.6
Hàng hóa thuộc ngành công nghiệp chế tạo,2010,47012.5
Hàng hóa thuộc ngành công nghiệp chế tạo,2011,63106.1
Hàng hóa thuộc ngành công nghiệp chế tạo,2012,79241.6
Hàng hóa thuộc ngành công nghiệp chế tạo,2013,98172.4
Hàng hóa thuộc ngành công nghiệp chế tạo,2014,114472
Hàng hóa thuộc ngành công nghiệp chế tạo,2015,131710.7
Hàng hóa thuộc ngành công nghiệp chế tạo,2016,146107.3
Hàng hóa thuộc ngành công nghiệp chế tạo,2017,179064.7
Hàng hóa thuộc ngành công nghiệp chế tạo,2018,206192.9
Hàng hóa thuộc ngành công nghiệp chế tạo,2019,227374.0274558255
Hàng hóa thuộc ngành công nghiệp chế tạo,2020,247726.9367310193
Hàng hóa thuộc ngành công nghiệp chế tạo,2021,296224.8
Hàng hóa thuộc ngành công nghiệp chế tạo,2022,325832.1
Hàng hóa thuộc ngành công nghiệp chế tạo,2023,307462.2
Hàng hóa thuộc ngành công nghiệp chế tạo,Sơ bộ 2024,350344.6
Hoá chất và sản phẩm liên quan,1995,30.9
Hoá chất và sản phẩm liên quan,1996,65.9
Hoá chất và sản phẩm liên quan,1997,106.563
Hoá chất và sản phẩm liên quan,1998,93.633
Hoá chất và sản phẩm liên quan,1999,147.011
Hoá chất và sản phẩm liên quan,2000,158.5
Hoá chất và sản phẩm liên quan,2001,222.1
Hoá chất và sản phẩm liên quan,2002,262.2
Hoá chất và sản phẩm liên quan,2003,339.9
Hoá chất và sản phẩm liên quan,2004,421.3
Hoá chất và sản phẩm liên quan,2005,536
Hoá chất và sản phẩm liên quan,2006,791.9
Hoá chất và sản phẩm liên quan,2007,1028.5
Hoá chất và sản phẩm liên quan,2008,1449.9
Hoá chất và sản phẩm liên quan,2009,1270.4
Hoá chất và sản phẩm liên quan,2010,1881.9
Hoá chất và sản phẩm liên quan,2011,2875.7
Hoá chất và sản phẩm liên quan,2012,3749.5
Hoá chất và sản phẩm liên quan,2013,3831.6
Hoá chất và sản phẩm liên quan,2014,4220.4
Hoá chất và sản phẩm liên quan,2015,4098.3
Hoá chất và sản phẩm liên quan,2016,4017.9
Hoá chất và sản phẩm liên quan,2017,4687
Hoá chất và sản phẩm liên quan,2018,6081.9
Hoá chất và sản phẩm liên quan,2019,6803.769041760001
Hoá chất và sản phẩm liên quan,2020,7018.0888878458
Hoá chất và sản phẩm liên quan,2021,9704.1
Hoá chất và sản phẩm liên quan,2022,11732.2
Hoá chất và sản phẩm liên quan,2023,10174.7
Hoá chất và sản phẩm liên quan,Sơ bộ 2024,11273.3
Hàng chế biến phân loại theo nguyên liệu,1995,349.8
Hàng chế biến phân loại theo nguyên liệu,1996,382.6
Hàng chế biến phân loại theo nguyên liệu,1997,562.95
Hàng chế biến phân loại theo nguyên liệu,1998,441.09
Hàng chế biến phân loại theo nguyên liệu,1999,864.825
Hàng chế biến phân loại theo nguyên liệu,2000,911.1
Hàng chế biến phân loại theo nguyên liệu,2001,989.7
Hàng chế biến phân loại theo nguyên liệu,2002,1124.9
Hàng chế biến phân loại theo nguyên liệu,2003,1354.8
Hàng chế biến phân loại theo nguyên liệu,2004,1889.6
Hàng chế biến phân loại theo nguyên liệu,2005,2165.4
Hàng chế biến phân loại theo nguyên liệu,2006,2926.3
Hàng chế biến phân loại theo nguyên liệu,2007,3975.7
Hàng chế biến phân loại theo nguyên liệu,2008,6398.4
Hàng chế biến phân loại theo nguyên liệu,2009,5226
Hàng chế biến phân loại theo nguyên liệu,2010,8485.6
Hàng chế biến phân loại theo nguyên liệu,2011,10874.6
Hàng chế biến phân loại theo nguyên liệu,2012,12203.5
Hàng chế biến phân loại theo nguyên liệu,2013,13844.2
Hàng chế biến phân loại theo nguyên liệu,2014,16517.8
Hàng chế biến phân loại theo nguyên liệu,2015,17057.5
Hàng chế biến phân loại theo nguyên liệu,2016,17921.2
Hàng chế biến phân loại theo nguyên liệu,2017,22153.1
Hàng chế biến phân loại theo nguyên liệu,2018,27491.9
Hàng chế biến phân loại theo nguyên liệu,2019,29255.84909487859
Hàng chế biến phân loại theo nguyên liệu,2020,31539.17448794827
Hàng chế biến phân loại theo nguyên liệu,2021,45103.2
Hàng chế biến phân loại theo nguyên liệu,2022,42891.3
Hàng chế biến phân loại theo nguyên liệu,2023,40106.5
Hàng chế biến phân loại theo nguyên liệu,Sơ bộ 2024,43243
"Máy móc, phương tiện vận tảI và phụ tùng",1995,89.4
"Máy móc, phương tiện vận tảI và phụ tùng",1996,414.6
"Máy móc, phương tiện vận tảI và phụ tùng",1997,752.71
"Máy móc, phương tiện vận tảI và phụ tùng",1998,808.76
"Máy móc, phương tiện vận tảI và phụ tùng",1999,977.956
"Máy móc, phương tiện vận tảI và phụ tùng",2000,1276
"Máy móc, phương tiện vận tảI và phụ tùng",2001,1399
"Máy móc, phương tiện vận tảI và phụ tùng",2002,1336.9
"Máy móc, phương tiện vận tảI và phụ tùng",2003,1792.8
"Máy móc, phương tiện vận tảI và phụ tùng",2004,2562.1
"Máy móc, phương tiện vận tảI và phụ tùng",2005,3145.1
"Máy móc, phương tiện vận tảI và phụ tùng",2006,4194.7
"Máy móc, phương tiện vận tảI và phụ tùng",2007,5601.2
"Máy móc, phương tiện vận tảI và phụ tùng",2008,7368.4
"Máy móc, phương tiện vận tảI và phụ tùng",2009,7398.8
"Máy móc, phương tiện vận tảI và phụ tùng",2010,11476.1
"Máy móc, phương tiện vận tảI và phụ tùng",2011,18834.9
"Máy móc, phương tiện vận tảI và phụ tùng",2012,30703.7
"Máy móc, phương tiện vận tảI và phụ tùng",2013,43027.1
"Máy móc, phương tiện vận tảI và phụ tùng",2014,48619
"Máy móc, phương tiện vận tảI và phụ tùng",2015,60563.8
"Máy móc, phương tiện vận tảI và phụ tùng",2016,70028.6
"Máy móc, phương tiện vận tảI và phụ tùng",2017,90022.8
"Máy móc, phương tiện vận tảI và phụ tùng",2018,102966.9
"Máy móc, phương tiện vận tảI và phụ tùng",2019,115099.14054287
"Máy móc, phương tiện vận tảI và phụ tùng",2020,135071.8169408581
"Máy móc, phương tiện vận tảI và phụ tùng",2021,162348.1
"Máy móc, phương tiện vận tảI và phụ tùng",2022,177679.2
"Máy móc, phương tiện vận tảI và phụ tùng",2023,154169.1
"Máy móc, phương tiện vận tảI và phụ tùng",Sơ bộ 2024,179338.9
Hàng chế biến khác,1995,1314.7
Hàng chế biến khác,1996,1847.4
Hàng chế biến khác,1997,2979.081
Hàng chế biến khác,1998,3006.654
Hàng chế biến khác,1999,3550.781
Hàng chế biến khác,2000,4051.9
Hàng chế biến khác,2001,4408.2
Hàng chế biến khác,2002,5690.6
Hàng chế biến khác,2003,7260.3
Hàng chế biến khác,2004,9054.6
Hàng chế biến khác,2005,10494.5
Hàng chế biến khác,2006,12679.1
Hàng chế biến khác,2007,16280.7
Hàng chế biến khác,2008,19408.8
Hàng chế biến khác,2009,20112.4
Hàng chế biến khác,2010,25168.9
Hàng chế biến khác,2011,30520.9
Hàng chế biến khác,2012,32584.9
Hàng chế biến khác,2013,37469.5
Hàng chế biến khác,2014,45114.8
Hàng chế biến khác,2015,49991.1
Hàng chế biến khác,2016,54139.6
Hàng chế biến khác,2017,62201.8
Hàng chế biến khác,2018,69652.2
Hàng chế biến khác,2019,76215.26877631691
Hàng chế biến khác,2020,74097.85641436715
Hàng chế biến khác,2021,79069.4
Hàng chế biến khác,2022,93529.4
Hàng chế biến khác,2023,103011.9
Hàng chế biến khác,Sơ bộ 2024,116489.4
Hàng hoá không thuộc các nhóm trên,1995,0
Hàng hoá không thuộc các nhóm trên,1996,7.7
Hàng hoá không thuộc các nhóm trên,1997,2.763
Hàng hoá không thuộc các nhóm trên,1998,3.718
Hàng hoá không thuộc các nhóm trên,1999,4.616
Hàng hoá không thuộc các nhóm trên,2000,6.4
Hàng hoá không thuộc các nhóm trên,2001,0.4
Hàng hoá không thuộc các nhóm trên,2002,2
Hàng hoá không thuộc các nhóm trên,2003,4.3
Hàng hoá không thuộc các nhóm trên,2004,3.3
Hàng hoá không thuộc các nhóm trên,2005,5.4
Hàng hoá không thuộc các nhóm trên,2006,7.4
Hàng hoá không thuộc các nhóm trên,2007,17.6
Hàng hoá không thuộc các nhóm trên,2008,360.9
Hàng hoá không thuộc các nhóm trên,2009,822.6
Hàng hoá không thuộc các nhóm trên,2010,36.7
Hàng hoá không thuộc các nhóm trên,2011,62.9
Hàng hoá không thuộc các nhóm trên,2012,86.7
Hàng hoá không thuộc các nhóm trên,2013,77.9
Hàng hoá không thuộc các nhóm trên,2014,10.6
Hàng hoá không thuộc các nhóm trên,2015,6.7
Hàng hoá không thuộc các nhóm trên,2016,6.3
Hàng hoá không thuộc các nhóm trên,2017,8.3
Hàng hoá không thuộc các nhóm trên,2018,11.8
Hàng hoá không thuộc các nhóm trên,2019,13.0658661
Hàng hoá không thuộc các nhóm trên,2020,15.5919823322338
Hàng hoá không thuộc các nhóm trên,2021,34.1
Hàng hoá không thuộc các nhóm trên,2022,22
Hàng hoá không thuộc các nhóm trên,2023,27.1
Hàng hoá không thuộc các nhóm trên,Sơ bộ 2024,44.3
