Cách tính,Phân loại tiêu chuẩn ngoại thương,Năm,Giá trị
Trị giá (Triệu đô la Mỹ),TỔNG TRỊ GIÁ,1995,8155.4
Trị giá (Triệu đô la Mỹ),TỔNG TRỊ GIÁ,1996,11143.6
Trị giá (Triệu đô la Mỹ),TỔNG TRỊ GIÁ,1997,11592.338
Trị giá (Triệu đô la Mỹ),TỔNG TRỊ GIÁ,1998,11499.621
Trị giá (Triệu đô la Mỹ),TỔNG TRỊ GIÁ,1999,11742.055
Trị giá (Triệu đô la Mỹ),TỔNG TRỊ GIÁ,2000,15636.5
Trị giá (Triệu đô la Mỹ),TỔNG TRỊ GIÁ,2001,16217.9
Trị giá (Triệu đô la Mỹ),TỔNG TRỊ GIÁ,2002,19745.6
Trị giá (Triệu đô la Mỹ),TỔNG TRỊ GIÁ,2003,25255.8
Trị giá (Triệu đô la Mỹ),TỔNG TRỊ GIÁ,2004,31968.8
Trị giá (Triệu đô la Mỹ),TỔNG TRỊ GIÁ,2005,36761.1
Trị giá (Triệu đô la Mỹ),TỔNG TRỊ GIÁ,2006,44891.1
Trị giá (Triệu đô la Mỹ),TỔNG TRỊ GIÁ,2007,62764.7
Trị giá (Triệu đô la Mỹ),TỔNG TRỊ GIÁ,2008,80713.8
Trị giá (Triệu đô la Mỹ),TỔNG TRỊ GIÁ,2009,69948.8
Trị giá (Triệu đô la Mỹ),TỔNG TRỊ GIÁ,2010,84838.6
Trị giá (Triệu đô la Mỹ),TỔNG TRỊ GIÁ,2011,106749.8
Trị giá (Triệu đô la Mỹ),TỔNG TRỊ GIÁ,2012,113780.4
Trị giá (Triệu đô la Mỹ),TỔNG TRỊ GIÁ,2013,132032.6
Trị giá (Triệu đô la Mỹ),TỔNG TRỊ GIÁ,2014,147849.1
Trị giá (Triệu đô la Mỹ),TỔNG TRỊ GIÁ,2015,165775.9
Trị giá (Triệu đô la Mỹ),TỔNG TRỊ GIÁ,2016,174978.4
Trị giá (Triệu đô la Mỹ),TỔNG TRỊ GIÁ,2017,213215.3
Trị giá (Triệu đô la Mỹ),TỔNG TRỊ GIÁ,2018,237241.6
Trị giá (Triệu đô la Mỹ),TỔNG TRỊ GIÁ,2019,253696.5
Trị giá (Triệu đô la Mỹ),TỔNG TRỊ GIÁ,2020,262791
Trị giá (Triệu đô la Mỹ),TỔNG TRỊ GIÁ,2021,332969.6891699636
Trị giá (Triệu đô la Mỹ),TỔNG TRỊ GIÁ,2022,359780.1
Trị giá (Triệu đô la Mỹ),TỔNG TRỊ GIÁ,2023,326606.9
Trị giá (Triệu đô la Mỹ),TỔNG TRỊ GIÁ,Sơ bộ 2024,380990.6
Trị giá (Triệu đô la Mỹ),"Hàng thô hoặc mới sơ chế, hàng hóa thuộc ngành công nghiệp chế biến, khoáng sản",1995,1914.5
Trị giá (Triệu đô la Mỹ),"Hàng thô hoặc mới sơ chế, hàng hóa thuộc ngành công nghiệp chế biến, khoáng sản",1996,2145.6
Trị giá (Triệu đô la Mỹ),"Hàng thô hoặc mới sơ chế, hàng hóa thuộc ngành công nghiệp chế biến, khoáng sản",1997,2136.451
Trị giá (Triệu đô la Mỹ),"Hàng thô hoặc mới sơ chế, hàng hóa thuộc ngành công nghiệp chế biến, khoáng sản",1998,1982.839
Trị giá (Triệu đô la Mỹ),"Hàng thô hoặc mới sơ chế, hàng hóa thuộc ngành công nghiệp chế biến, khoáng sản",1999,2264.536
Trị giá (Triệu đô la Mỹ),"Hàng thô hoặc mới sơ chế, hàng hóa thuộc ngành công nghiệp chế biến, khoáng sản",2000,3527.6
Trị giá (Triệu đô la Mỹ),"Hàng thô hoặc mới sơ chế, hàng hóa thuộc ngành công nghiệp chế biến, khoáng sản",2001,3686.1
Trị giá (Triệu đô la Mỹ),"Hàng thô hoặc mới sơ chế, hàng hóa thuộc ngành công nghiệp chế biến, khoáng sản",2002,4200.6
Trị giá (Triệu đô la Mỹ),"Hàng thô hoặc mới sơ chế, hàng hóa thuộc ngành công nghiệp chế biến, khoáng sản",2003,5282.7
Trị giá (Triệu đô la Mỹ),"Hàng thô hoặc mới sơ chế, hàng hóa thuộc ngành công nghiệp chế biến, khoáng sản",2004,7317.5
Trị giá (Triệu đô la Mỹ),"Hàng thô hoặc mới sơ chế, hàng hóa thuộc ngành công nghiệp chế biến, khoáng sản",2005,9308.2
Trị giá (Triệu đô la Mỹ),"Hàng thô hoặc mới sơ chế, hàng hóa thuộc ngành công nghiệp chế biến, khoáng sản",2006,11481.3
Trị giá (Triệu đô la Mỹ),"Hàng thô hoặc mới sơ chế, hàng hóa thuộc ngành công nghiệp chế biến, khoáng sản",2007,15420.8
Trị giá (Triệu đô la Mỹ),"Hàng thô hoặc mới sơ chế, hàng hóa thuộc ngành công nghiệp chế biến, khoáng sản",2008,21766.1
Trị giá (Triệu đô la Mỹ),"Hàng thô hoặc mới sơ chế, hàng hóa thuộc ngành công nghiệp chế biến, khoáng sản",2009,16340.8
Trị giá (Triệu đô la Mỹ),"Hàng thô hoặc mới sơ chế, hàng hóa thuộc ngành công nghiệp chế biến, khoáng sản",2010,19962.6
Trị giá (Triệu đô la Mỹ),"Hàng thô hoặc mới sơ chế, hàng hóa thuộc ngành công nghiệp chế biến, khoáng sản",2011,27620
Trị giá (Triệu đô la Mỹ),"Hàng thô hoặc mới sơ chế, hàng hóa thuộc ngành công nghiệp chế biến, khoáng sản",2012,26898.8
Trị giá (Triệu đô la Mỹ),"Hàng thô hoặc mới sơ chế, hàng hóa thuộc ngành công nghiệp chế biến, khoáng sản",2013,27712
Trị giá (Triệu đô la Mỹ),"Hàng thô hoặc mới sơ chế, hàng hóa thuộc ngành công nghiệp chế biến, khoáng sản",2014,30648.2
Trị giá (Triệu đô la Mỹ),"Hàng thô hoặc mới sơ chế, hàng hóa thuộc ngành công nghiệp chế biến, khoáng sản",2015,29367.6
Trị giá (Triệu đô la Mỹ),"Hàng thô hoặc mới sơ chế, hàng hóa thuộc ngành công nghiệp chế biến, khoáng sản",2016,29828.7
Trị giá (Triệu đô la Mỹ),"Hàng thô hoặc mới sơ chế, hàng hóa thuộc ngành công nghiệp chế biến, khoáng sản",2017,37314
Trị giá (Triệu đô la Mỹ),"Hàng thô hoặc mới sơ chế, hàng hóa thuộc ngành công nghiệp chế biến, khoáng sản",2018,45897.3
Trị giá (Triệu đô la Mỹ),"Hàng thô hoặc mới sơ chế, hàng hóa thuộc ngành công nghiệp chế biến, khoáng sản",2019,46605.4
Trị giá (Triệu đô la Mỹ),"Hàng thô hoặc mới sơ chế, hàng hóa thuộc ngành công nghiệp chế biến, khoáng sản",2020,44276.3
Trị giá (Triệu đô la Mỹ),"Hàng thô hoặc mới sơ chế, hàng hóa thuộc ngành công nghiệp chế biến, khoáng sản",2021,62041.6
Trị giá (Triệu đô la Mỹ),"Hàng thô hoặc mới sơ chế, hàng hóa thuộc ngành công nghiệp chế biến, khoáng sản",2022,75480
Trị giá (Triệu đô la Mỹ),"Hàng thô hoặc mới sơ chế, hàng hóa thuộc ngành công nghiệp chế biến, khoáng sản",2023,70163.3
Trị giá (Triệu đô la Mỹ),"Hàng thô hoặc mới sơ chế, hàng hóa thuộc ngành công nghiệp chế biến, khoáng sản",Sơ bộ 2024,74845.1
Trị giá (Triệu đô la Mỹ),"Lương thực, thực phẩm và động vật sống",1995,379.9
Trị giá (Triệu đô la Mỹ),"Lương thực, thực phẩm và động vật sống",1996,408.5
Trị giá (Triệu đô la Mỹ),"Lương thực, thực phẩm và động vật sống",1997,430.307
Trị giá (Triệu đô la Mỹ),"Lương thực, thực phẩm và động vật sống",1998,461.673
Trị giá (Triệu đô la Mỹ),"Lương thực, thực phẩm và động vật sống",1999,505.937
Trị giá (Triệu đô la Mỹ),"Lương thực, thực phẩm và động vật sống",2000,626.5
Trị giá (Triệu đô la Mỹ),"Lương thực, thực phẩm và động vật sống",2001,834.2
Trị giá (Triệu đô la Mỹ),"Lương thực, thực phẩm và động vật sống",2002,939.2
Trị giá (Triệu đô la Mỹ),"Lương thực, thực phẩm và động vật sống",2003,1262.2
Trị giá (Triệu đô la Mỹ),"Lương thực, thực phẩm và động vật sống",2004,1495.2
Trị giá (Triệu đô la Mỹ),"Lương thực, thực phẩm và động vật sống",2005,1955.2
Trị giá (Triệu đô la Mỹ),"Lương thực, thực phẩm và động vật sống",2006,2299.3
Trị giá (Triệu đô la Mỹ),"Lương thực, thực phẩm và động vật sống",2007,3279.6
Trị giá (Triệu đô la Mỹ),"Lương thực, thực phẩm và động vật sống",2008,4525
Trị giá (Triệu đô la Mỹ),"Lương thực, thực phẩm và động vật sống",2009,4631.2
Trị giá (Triệu đô la Mỹ),"Lương thực, thực phẩm và động vật sống",2010,6225.1
Trị giá (Triệu đô la Mỹ),"Lương thực, thực phẩm và động vật sống",2011,7379.8
Trị giá (Triệu đô la Mỹ),"Lương thực, thực phẩm và động vật sống",2012,7669.1
Trị giá (Triệu đô la Mỹ),"Lương thực, thực phẩm và động vật sống",2013,9077.1
Trị giá (Triệu đô la Mỹ),"Lương thực, thực phẩm và động vật sống",2014,10666.9
Trị giá (Triệu đô la Mỹ),"Lương thực, thực phẩm và động vật sống",2015,12042.6
Trị giá (Triệu đô la Mỹ),"Lương thực, thực phẩm và động vật sống",2016,13450.2
Trị giá (Triệu đô la Mỹ),"Lương thực, thực phẩm và động vật sống",2017,15078.6
Trị giá (Triệu đô la Mỹ),"Lương thực, thực phẩm và động vật sống",2018,17131.4
Trị giá (Triệu đô la Mỹ),"Lương thực, thực phẩm và động vật sống",2019,17544.7
Trị giá (Triệu đô la Mỹ),"Lương thực, thực phẩm và động vật sống",2020,18128
Trị giá (Triệu đô la Mỹ),"Lương thực, thực phẩm và động vật sống",2021,24787.7
Trị giá (Triệu đô la Mỹ),"Lương thực, thực phẩm và động vật sống",2022,27082.9
Trị giá (Triệu đô la Mỹ),"Lương thực, thực phẩm và động vật sống",2023,25570
Trị giá (Triệu đô la Mỹ),"Lương thực, thực phẩm và động vật sống",Sơ bộ 2024,27225.6
Trị giá (Triệu đô la Mỹ),Đồ uống và thuốc lá,1995,80.9
Trị giá (Triệu đô la Mỹ),Đồ uống và thuốc lá,1996,43.1
Trị giá (Triệu đô la Mỹ),Đồ uống và thuốc lá,1997,83.159
Trị giá (Triệu đô la Mỹ),Đồ uống và thuốc lá,1998,122.146
Trị giá (Triệu đô la Mỹ),Đồ uống và thuốc lá,1999,85.744
Trị giá (Triệu đô la Mỹ),Đồ uống và thuốc lá,2000,102.8
Trị giá (Triệu đô la Mỹ),Đồ uống và thuốc lá,2001,108.4
Trị giá (Triệu đô la Mỹ),Đồ uống và thuốc lá,2002,149.3
Trị giá (Triệu đô la Mỹ),Đồ uống và thuốc lá,2003,152.7
Trị giá (Triệu đô la Mỹ),Đồ uống và thuốc lá,2004,162.6
Trị giá (Triệu đô la Mỹ),Đồ uống và thuốc lá,2005,175.8
Trị giá (Triệu đô la Mỹ),Đồ uống và thuốc lá,2006,145
Trị giá (Triệu đô la Mỹ),Đồ uống và thuốc lá,2007,183.3
Trị giá (Triệu đô la Mỹ),Đồ uống và thuốc lá,2008,269.4
Trị giá (Triệu đô la Mỹ),Đồ uống và thuốc lá,2009,341.6
Trị giá (Triệu đô la Mỹ),Đồ uống và thuốc lá,2010,292.9
Trị giá (Triệu đô la Mỹ),Đồ uống và thuốc lá,2011,318.5
Trị giá (Triệu đô la Mỹ),Đồ uống và thuốc lá,2012,321.1
Trị giá (Triệu đô la Mỹ),Đồ uống và thuốc lá,2013,377.7
Trị giá (Triệu đô la Mỹ),Đồ uống và thuốc lá,2014,383.2
Trị giá (Triệu đô la Mỹ),Đồ uống và thuốc lá,2015,408.6
Trị giá (Triệu đô la Mỹ),Đồ uống và thuốc lá,2016,414.2
Trị giá (Triệu đô la Mỹ),Đồ uống và thuốc lá,2017,477.9
Trị giá (Triệu đô la Mỹ),Đồ uống và thuốc lá,2018,593.7
Trị giá (Triệu đô la Mỹ),Đồ uống và thuốc lá,2019,573.8
Trị giá (Triệu đô la Mỹ),Đồ uống và thuốc lá,2020,521.8
Trị giá (Triệu đô la Mỹ),Đồ uống và thuốc lá,2021,610.4
Trị giá (Triệu đô la Mỹ),Đồ uống và thuốc lá,2022,839.5
Trị giá (Triệu đô la Mỹ),Đồ uống và thuốc lá,2023,993.7
Trị giá (Triệu đô la Mỹ),Đồ uống và thuốc lá,Sơ bộ 2024,1109.5
Trị giá (Triệu đô la Mỹ),"Nguyên liệu thô, không dùng để ăn, trừ nhiên liệu",1995,456.9
Trị giá (Triệu đô la Mỹ),"Nguyên liệu thô, không dùng để ăn, trừ nhiên liệu",1996,407.3
Trị giá (Triệu đô la Mỹ),"Nguyên liệu thô, không dùng để ăn, trừ nhiên liệu",1997,369.688
Trị giá (Triệu đô la Mỹ),"Nguyên liệu thô, không dùng để ăn, trừ nhiên liệu",1998,381.814
Trị giá (Triệu đô la Mỹ),"Nguyên liệu thô, không dùng để ăn, trừ nhiên liệu",1999,452.765
Trị giá (Triệu đô la Mỹ),"Nguyên liệu thô, không dùng để ăn, trừ nhiên liệu",2000,590.8
Trị giá (Triệu đô la Mỹ),"Nguyên liệu thô, không dùng để ăn, trừ nhiên liệu",2001,690.1
Trị giá (Triệu đô la Mỹ),"Nguyên liệu thô, không dùng để ăn, trừ nhiên liệu",2002,816.1
Trị giá (Triệu đô la Mỹ),"Nguyên liệu thô, không dùng để ăn, trừ nhiên liệu",2003,1001
Trị giá (Triệu đô la Mỹ),"Nguyên liệu thô, không dùng để ăn, trừ nhiên liệu",2004,1454.3
Trị giá (Triệu đô la Mỹ),"Nguyên liệu thô, không dùng để ăn, trừ nhiên liệu",2005,1623.2
Trị giá (Triệu đô la Mỹ),"Nguyên liệu thô, không dùng để ăn, trừ nhiên liệu",2006,2084.3
Trị giá (Triệu đô la Mỹ),"Nguyên liệu thô, không dùng để ăn, trừ nhiên liệu",2007,2740.8
Trị giá (Triệu đô la Mỹ),"Nguyên liệu thô, không dùng để ăn, trừ nhiên liệu",2008,4005.8
Trị giá (Triệu đô la Mỹ),"Nguyên liệu thô, không dùng để ăn, trừ nhiên liệu",2009,3388.5
Trị giá (Triệu đô la Mỹ),"Nguyên liệu thô, không dùng để ăn, trừ nhiên liệu",2010,4622.3
Trị giá (Triệu đô la Mỹ),"Nguyên liệu thô, không dùng để ăn, trừ nhiên liệu",2011,6497.5
Trị giá (Triệu đô la Mỹ),"Nguyên liệu thô, không dùng để ăn, trừ nhiên liệu",2012,6739.1
Trị giá (Triệu đô la Mỹ),"Nguyên liệu thô, không dùng để ăn, trừ nhiên liệu",2013,7469.2
Trị giá (Triệu đô la Mỹ),"Nguyên liệu thô, không dùng để ăn, trừ nhiên liệu",2014,8505.7
Trị giá (Triệu đô la Mỹ),"Nguyên liệu thô, không dùng để ăn, trừ nhiên liệu",2015,8409
Trị giá (Triệu đô la Mỹ),"Nguyên liệu thô, không dùng để ăn, trừ nhiên liệu",2016,7579.6
Trị giá (Triệu đô la Mỹ),"Nguyên liệu thô, không dùng để ăn, trừ nhiên liệu",2017,10014.7
Trị giá (Triệu đô la Mỹ),"Nguyên liệu thô, không dùng để ăn, trừ nhiên liệu",2018,12105.9
Trị giá (Triệu đô la Mỹ),"Nguyên liệu thô, không dùng để ăn, trừ nhiên liệu",2019,11779.7
Trị giá (Triệu đô la Mỹ),"Nguyên liệu thô, không dùng để ăn, trừ nhiên liệu",2020,11826.8
Trị giá (Triệu đô la Mỹ),"Nguyên liệu thô, không dùng để ăn, trừ nhiên liệu",2021,18627.9
Trị giá (Triệu đô la Mỹ),"Nguyên liệu thô, không dùng để ăn, trừ nhiên liệu",2022,18194.4
Trị giá (Triệu đô la Mỹ),"Nguyên liệu thô, không dùng để ăn, trừ nhiên liệu",2023,15830.5
Trị giá (Triệu đô la Mỹ),"Nguyên liệu thô, không dùng để ăn, trừ nhiên liệu",Sơ bộ 2024,16538.5
Trị giá (Triệu đô la Mỹ),"Nhiêu liệu, dầu mỡ nhờn và vật liệu liên quan",1995,901.6
Trị giá (Triệu đô la Mỹ),"Nhiêu liệu, dầu mỡ nhờn và vật liệu liên quan",1996,1238
Trị giá (Triệu đô la Mỹ),"Nhiêu liệu, dầu mỡ nhờn và vật liệu liên quan",1997,1194.45
Trị giá (Triệu đô la Mỹ),"Nhiêu liệu, dầu mỡ nhờn và vật liệu liên quan",1998,964.354
Trị giá (Triệu đô la Mỹ),"Nhiêu liệu, dầu mỡ nhờn và vật liệu liên quan",1999,1120.286
Trị giá (Triệu đô la Mỹ),"Nhiêu liệu, dầu mỡ nhờn và vật liệu liên quan",2000,2121
Trị giá (Triệu đô la Mỹ),"Nhiêu liệu, dầu mỡ nhờn và vật liệu liên quan",2001,1970.3
Trị giá (Triệu đô la Mỹ),"Nhiêu liệu, dầu mỡ nhờn và vật liệu liên quan",2002,2165.4
Trị giá (Triệu đô la Mỹ),"Nhiêu liệu, dầu mỡ nhờn và vật liệu liên quan",2003,2714.4
Trị giá (Triệu đô la Mỹ),"Nhiêu liệu, dầu mỡ nhờn và vật liệu liên quan",2004,3981.8
Trị giá (Triệu đô la Mỹ),"Nhiêu liệu, dầu mỡ nhờn và vật liệu liên quan",2005,5365.7
Trị giá (Triệu đô la Mỹ),"Nhiêu liệu, dầu mỡ nhờn và vật liệu liên quan",2006,6699
Trị giá (Triệu đô la Mỹ),"Nhiêu liệu, dầu mỡ nhờn và vật liệu liên quan",2007,8744.2
Trị giá (Triệu đô la Mỹ),"Nhiêu liệu, dầu mỡ nhờn và vật liệu liên quan",2008,12329.7
Trị giá (Triệu đô la Mỹ),"Nhiêu liệu, dầu mỡ nhờn và vật liệu liên quan",2009,7497.4
Trị giá (Triệu đô la Mỹ),"Nhiêu liệu, dầu mỡ nhờn và vật liệu liên quan",2010,8140.3
Trị giá (Triệu đô la Mỹ),"Nhiêu liệu, dầu mỡ nhờn và vật liệu liên quan",2011,12531.1
Trị giá (Triệu đô la Mỹ),"Nhiêu liệu, dầu mỡ nhờn và vật liệu liên quan",2012,11452.1
Trị giá (Triệu đô la Mỹ),"Nhiêu liệu, dầu mỡ nhờn và vật liệu liên quan",2013,10118.8
Trị giá (Triệu đô la Mỹ),"Nhiêu liệu, dầu mỡ nhờn và vật liệu liên quan",2014,10355.7
Trị giá (Triệu đô la Mỹ),"Nhiêu liệu, dầu mỡ nhờn và vật liệu liên quan",2015,7845
Trị giá (Triệu đô la Mỹ),"Nhiêu liệu, dầu mỡ nhờn và vật liệu liên quan",2016,7707.1
Trị giá (Triệu đô la Mỹ),"Nhiêu liệu, dầu mỡ nhờn và vật liệu liên quan",2017,11008.8
Trị giá (Triệu đô la Mỹ),"Nhiêu liệu, dầu mỡ nhờn và vật liệu liên quan",2018,15343.7
Trị giá (Triệu đô la Mỹ),"Nhiêu liệu, dầu mỡ nhờn và vật liệu liên quan",2019,15986.9
Trị giá (Triệu đô la Mỹ),"Nhiêu liệu, dầu mỡ nhờn và vật liệu liên quan",2020,12867.5
Trị giá (Triệu đô la Mỹ),"Nhiêu liệu, dầu mỡ nhờn và vật liệu liên quan",2021,16681.8
Trị giá (Triệu đô la Mỹ),"Nhiêu liệu, dầu mỡ nhờn và vật liệu liên quan",2022,27719.5
Trị giá (Triệu đô la Mỹ),"Nhiêu liệu, dầu mỡ nhờn và vật liệu liên quan",2023,26449
Trị giá (Triệu đô la Mỹ),"Nhiêu liệu, dầu mỡ nhờn và vật liệu liên quan",Sơ bộ 2024,28589.5
Trị giá (Triệu đô la Mỹ),"Dầu, mỡ, chất béo, sáp động, thực vật",1995,95
Trị giá (Triệu đô la Mỹ),"Dầu, mỡ, chất béo, sáp động, thực vật",1996,48.6
Trị giá (Triệu đô la Mỹ),"Dầu, mỡ, chất béo, sáp động, thực vật",1997,58.847
Trị giá (Triệu đô la Mỹ),"Dầu, mỡ, chất béo, sáp động, thực vật",1998,52.852
Trị giá (Triệu đô la Mỹ),"Dầu, mỡ, chất béo, sáp động, thực vật",1999,99.804
Trị giá (Triệu đô la Mỹ),"Dầu, mỡ, chất béo, sáp động, thực vật",2000,86.5
Trị giá (Triệu đô la Mỹ),"Dầu, mỡ, chất béo, sáp động, thực vật",2001,83.1
Trị giá (Triệu đô la Mỹ),"Dầu, mỡ, chất béo, sáp động, thực vật",2002,130.6
Trị giá (Triệu đô la Mỹ),"Dầu, mỡ, chất béo, sáp động, thực vật",2003,152.4
Trị giá (Triệu đô la Mỹ),"Dầu, mỡ, chất béo, sáp động, thực vật",2004,223.6
Trị giá (Triệu đô la Mỹ),"Dầu, mỡ, chất béo, sáp động, thực vật",2005,188.3
Trị giá (Triệu đô la Mỹ),"Dầu, mỡ, chất béo, sáp động, thực vật",2006,253.7
Trị giá (Triệu đô la Mỹ),"Dầu, mỡ, chất béo, sáp động, thực vật",2007,472.9
Trị giá (Triệu đô la Mỹ),"Dầu, mỡ, chất béo, sáp động, thực vật",2008,636.2
Trị giá (Triệu đô la Mỹ),"Dầu, mỡ, chất béo, sáp động, thực vật",2009,482.1
Trị giá (Triệu đô la Mỹ),"Dầu, mỡ, chất béo, sáp động, thực vật",2010,682
Trị giá (Triệu đô la Mỹ),"Dầu, mỡ, chất béo, sáp động, thực vật",2011,893.1
Trị giá (Triệu đô la Mỹ),"Dầu, mỡ, chất béo, sáp động, thực vật",2012,717.4
Trị giá (Triệu đô la Mỹ),"Dầu, mỡ, chất béo, sáp động, thực vật",2013,669.2
Trị giá (Triệu đô la Mỹ),"Dầu, mỡ, chất béo, sáp động, thực vật",2014,736.7
Trị giá (Triệu đô la Mỹ),"Dầu, mỡ, chất béo, sáp động, thực vật",2015,662.4
Trị giá (Triệu đô la Mỹ),"Dầu, mỡ, chất béo, sáp động, thực vật",2016,677.6
Trị giá (Triệu đô la Mỹ),"Dầu, mỡ, chất béo, sáp động, thực vật",2017,734
Trị giá (Triệu đô la Mỹ),"Dầu, mỡ, chất béo, sáp động, thực vật",2018,722.6
Trị giá (Triệu đô la Mỹ),"Dầu, mỡ, chất béo, sáp động, thực vật",2019,720.3
Trị giá (Triệu đô la Mỹ),"Dầu, mỡ, chất béo, sáp động, thực vật",2020,932.2
Trị giá (Triệu đô la Mỹ),"Dầu, mỡ, chất béo, sáp động, thực vật",2021,1333.8
Trị giá (Triệu đô la Mỹ),"Dầu, mỡ, chất béo, sáp động, thực vật",2022,1643.8
Trị giá (Triệu đô la Mỹ),"Dầu, mỡ, chất béo, sáp động, thực vật",2023,1320.1
Trị giá (Triệu đô la Mỹ),"Dầu, mỡ, chất béo, sáp động, thực vật",Sơ bộ 2024,1382
Trị giá (Triệu đô la Mỹ),Hàng hóa thuộc ngành công nghiệp chế tạo,1995,6240.9
Trị giá (Triệu đô la Mỹ),Hàng hóa thuộc ngành công nghiệp chế tạo,1996,8973.1
Trị giá (Triệu đô la Mỹ),Hàng hóa thuộc ngành công nghiệp chế tạo,1997,9428.591
Trị giá (Triệu đô la Mỹ),Hàng hóa thuộc ngành công nghiệp chế tạo,1998,9511.972
Trị giá (Triệu đô la Mỹ),Hàng hóa thuộc ngành công nghiệp chế tạo,1999,9470.469
Trị giá (Triệu đô la Mỹ),Hàng hóa thuộc ngành công nghiệp chế tạo,2000,12101.2
Trị giá (Triệu đô la Mỹ),Hàng hóa thuộc ngành công nghiệp chế tạo,2001,12531.8
Trị giá (Triệu đô la Mỹ),Hàng hóa thuộc ngành công nghiệp chế tạo,2002,15531.8
Trị giá (Triệu đô la Mỹ),Hàng hóa thuộc ngành công nghiệp chế tạo,2003,19791.9
Trị giá (Triệu đô la Mỹ),Hàng hóa thuộc ngành công nghiệp chế tạo,2004,24084.3
Trị giá (Triệu đô la Mỹ),Hàng hóa thuộc ngành công nghiệp chế tạo,2005,26633.1
Trị giá (Triệu đô la Mỹ),Hàng hóa thuộc ngành công nghiệp chế tạo,2006,31531
Trị giá (Triệu đô la Mỹ),Hàng hóa thuộc ngành công nghiệp chế tạo,2007,46027.8
Trị giá (Triệu đô la Mỹ),Hàng hóa thuộc ngành công nghiệp chế tạo,2008,56219.4
Trị giá (Triệu đô la Mỹ),Hàng hóa thuộc ngành công nghiệp chế tạo,2009,53225.4
Trị giá (Triệu đô la Mỹ),Hàng hóa thuộc ngành công nghiệp chế tạo,2010,63910.6
Trị giá (Triệu đô la Mỹ),Hàng hóa thuộc ngành công nghiệp chế tạo,2011,77056.1
Trị giá (Triệu đô la Mỹ),Hàng hóa thuộc ngành công nghiệp chế tạo,2012,86780.5
Trị giá (Triệu đô la Mỹ),Hàng hóa thuộc ngành công nghiệp chế tạo,2013,104202.8
Trị giá (Triệu đô la Mỹ),Hàng hóa thuộc ngành công nghiệp chế tạo,2014,117072.1
Trị giá (Triệu đô la Mỹ),Hàng hóa thuộc ngành công nghiệp chế tạo,2015,136281.3
Trị giá (Triệu đô la Mỹ),Hàng hóa thuộc ngành công nghiệp chế tạo,2016,145011.8
Trị giá (Triệu đô la Mỹ),Hàng hóa thuộc ngành công nghiệp chế tạo,2017,175759.7
Trị giá (Triệu đô la Mỹ),Hàng hóa thuộc ngành công nghiệp chế tạo,2018,191195.7
Trị giá (Triệu đô la Mỹ),Hàng hóa thuộc ngành công nghiệp chế tạo,2019,206928.9
Trị giá (Triệu đô la Mỹ),Hàng hóa thuộc ngành công nghiệp chế tạo,2020,218298.2
Trị giá (Triệu đô la Mỹ),Hàng hóa thuộc ngành công nghiệp chế tạo,2021,270071.1
Trị giá (Triệu đô la Mỹ),Hàng hóa thuộc ngành công nghiệp chế tạo,2022,284033
Trị giá (Triệu đô la Mỹ),Hàng hóa thuộc ngành công nghiệp chế tạo,2023,256172.1
Trị giá (Triệu đô la Mỹ),Hàng hóa thuộc ngành công nghiệp chế tạo,Sơ bộ 2024,305833.9
Trị giá (Triệu đô la Mỹ),Hoá chất và sản phẩm liên quan,1995,1285.2
Trị giá (Triệu đô la Mỹ),Hoá chất và sản phẩm liên quan,1996,1814.6
Trị giá (Triệu đô la Mỹ),Hoá chất và sản phẩm liên quan,1997,1948.473
Trị giá (Triệu đô la Mỹ),Hoá chất và sản phẩm liên quan,1998,2153.78
Trị giá (Triệu đô la Mỹ),Hoá chất và sản phẩm liên quan,1999,2040.436
Trị giá (Triệu đô la Mỹ),Hoá chất và sản phẩm liên quan,2000,2401.7
Trị giá (Triệu đô la Mỹ),Hoá chất và sản phẩm liên quan,2001,2490
Trị giá (Triệu đô la Mỹ),Hoá chất và sản phẩm liên quan,2002,2932.6
Trị giá (Triệu đô la Mỹ),Hoá chất và sản phẩm liên quan,2003,3622.9
Trị giá (Triệu đô la Mỹ),Hoá chất và sản phẩm liên quan,2004,4693.5
Trị giá (Triệu đô la Mỹ),Hoá chất và sản phẩm liên quan,2005,5309.9
Trị giá (Triệu đô la Mỹ),Hoá chất và sản phẩm liên quan,2006,6317.4
Trị giá (Triệu đô la Mỹ),Hoá chất và sản phẩm liên quan,2007,8368.7
Trị giá (Triệu đô la Mỹ),Hoá chất và sản phẩm liên quan,2008,10297.8
Trị giá (Triệu đô la Mỹ),Hoá chất và sản phẩm liên quan,2009,10225.4
Trị giá (Triệu đô la Mỹ),Hoá chất và sản phẩm liên quan,2010,12491.3
Trị giá (Triệu đô la Mỹ),Hoá chất và sản phẩm liên quan,2011,15550.4
Trị giá (Triệu đô la Mỹ),Hoá chất và sản phẩm liên quan,2012,16161.4
Trị giá (Triệu đô la Mỹ),Hoá chất và sản phẩm liên quan,2013,18197.5
Trị giá (Triệu đô la Mỹ),Hoá chất và sản phẩm liên quan,2014,19714.5
Trị giá (Triệu đô la Mỹ),Hoá chất và sản phẩm liên quan,2015,20145.7
Trị giá (Triệu đô la Mỹ),Hoá chất và sản phẩm liên quan,2016,21362.6
Trị giá (Triệu đô la Mỹ),Hoá chất và sản phẩm liên quan,2017,26051.4
Trị giá (Triệu đô la Mỹ),Hoá chất và sản phẩm liên quan,2018,29334.8
Trị giá (Triệu đô la Mỹ),Hoá chất và sản phẩm liên quan,2019,30015.5
Trị giá (Triệu đô la Mỹ),Hoá chất và sản phẩm liên quan,2020,29718.6
Trị giá (Triệu đô la Mỹ),Hoá chất và sản phẩm liên quan,2021,39925.5
Trị giá (Triệu đô la Mỹ),Hoá chất và sản phẩm liên quan,2022,43051.5
Trị giá (Triệu đô la Mỹ),Hoá chất và sản phẩm liên quan,2023,36952.9
Trị giá (Triệu đô la Mỹ),Hoá chất và sản phẩm liên quan,Sơ bộ 2024,42068.4
Trị giá (Triệu đô la Mỹ),Hàng chế biến phân loại theo nguyên liệu,1995,1511.8
Trị giá (Triệu đô la Mỹ),Hàng chế biến phân loại theo nguyên liệu,1996,2389.2
Trị giá (Triệu đô la Mỹ),Hàng chế biến phân loại theo nguyên liệu,1997,2676.195
Trị giá (Triệu đô la Mỹ),Hàng chế biến phân loại theo nguyên liệu,1998,2379.856
Trị giá (Triệu đô la Mỹ),Hàng chế biến phân loại theo nguyên liệu,1999,2735.989
Trị giá (Triệu đô la Mỹ),Hàng chế biến phân loại theo nguyên liệu,2000,3402.1
Trị giá (Triệu đô la Mỹ),Hàng chế biến phân loại theo nguyên liệu,2001,3729.4
Trị giá (Triệu đô la Mỹ),Hàng chế biến phân loại theo nguyên liệu,2002,5414.8
Trị giá (Triệu đô la Mỹ),Hàng chế biến phân loại theo nguyên liệu,2003,6672.1
Trị giá (Triệu đô la Mỹ),Hàng chế biến phân loại theo nguyên liệu,2004,8859.1
Trị giá (Triệu đô la Mỹ),Hàng chế biến phân loại theo nguyên liệu,2005,10172.2
Trị giá (Triệu đô la Mỹ),Hàng chế biến phân loại theo nguyên liệu,2006,12164
Trị giá (Triệu đô la Mỹ),Hàng chế biến phân loại theo nguyên liệu,2007,17062.3
Trị giá (Triệu đô la Mỹ),Hàng chế biến phân loại theo nguyên liệu,2008,20112.8
Trị giá (Triệu đô la Mỹ),Hàng chế biến phân loại theo nguyên liệu,2009,17777.4
Trị giá (Triệu đô la Mỹ),Hàng chế biến phân loại theo nguyên liệu,2010,22449.6
Trị giá (Triệu đô la Mỹ),Hàng chế biến phân loại theo nguyên liệu,2011,25594.8
Trị giá (Triệu đô la Mỹ),Hàng chế biến phân loại theo nguyên liệu,2012,26221.4
Trị giá (Triệu đô la Mỹ),Hàng chế biến phân loại theo nguyên liệu,2013,30058.5
Trị giá (Triệu đô la Mỹ),Hàng chế biến phân loại theo nguyên liệu,2014,34763.9
Trị giá (Triệu đô la Mỹ),Hàng chế biến phân loại theo nguyên liệu,2015,37117.9
Trị giá (Triệu đô la Mỹ),Hàng chế biến phân loại theo nguyên liệu,2016,38505.1
Trị giá (Triệu đô la Mỹ),Hàng chế biến phân loại theo nguyên liệu,2017,43069.8
Trị giá (Triệu đô la Mỹ),Hàng chế biến phân loại theo nguyên liệu,2018,49349.3
Trị giá (Triệu đô la Mỹ),Hàng chế biến phân loại theo nguyên liệu,2019,49944
Trị giá (Triệu đô la Mỹ),Hàng chế biến phân loại theo nguyên liệu,2020,46672.1
Trị giá (Triệu đô la Mỹ),Hàng chế biến phân loại theo nguyên liệu,2021,59220.3
Trị giá (Triệu đô la Mỹ),Hàng chế biến phân loại theo nguyên liệu,2022,62257.4
Trị giá (Triệu đô la Mỹ),Hàng chế biến phân loại theo nguyên liệu,2023,55124.9
Trị giá (Triệu đô la Mỹ),Hàng chế biến phân loại theo nguyên liệu,Sơ bộ 2024,66625.8
Trị giá (Triệu đô la Mỹ),"Máy móc, phương tiện vận tảI và phụ tùng",1995,2343.3
Trị giá (Triệu đô la Mỹ),"Máy móc, phương tiện vận tảI và phụ tùng",1996,3400.3
Trị giá (Triệu đô la Mỹ),"Máy móc, phương tiện vận tảI và phụ tùng",1997,3432.622
Trị giá (Triệu đô la Mỹ),"Máy móc, phương tiện vận tảI và phụ tùng",1998,3487.263
Trị giá (Triệu đô la Mỹ),"Máy móc, phương tiện vận tảI và phụ tùng",1999,3452.697
Trị giá (Triệu đô la Mỹ),"Máy móc, phương tiện vận tảI và phụ tùng",2000,4711
Trị giá (Triệu đô la Mỹ),"Máy móc, phương tiện vận tảI và phụ tùng",2001,4865.1
Trị giá (Triệu đô la Mỹ),"Máy móc, phương tiện vận tảI và phụ tùng",2002,5757.6
Trị giá (Triệu đô la Mỹ),"Máy móc, phương tiện vận tảI và phụ tùng",2003,7921.5
Trị giá (Triệu đô la Mỹ),"Máy móc, phương tiện vận tảI và phụ tùng",2004,8736.6
Trị giá (Triệu đô la Mỹ),"Máy móc, phương tiện vận tảI và phụ tùng",2005,9252.3
Trị giá (Triệu đô la Mỹ),"Máy móc, phương tiện vận tảI và phụ tùng",2006,10805.7
Trị giá (Triệu đô la Mỹ),"Máy móc, phương tiện vận tảI và phụ tùng",2007,17859.8
Trị giá (Triệu đô la Mỹ),"Máy móc, phương tiện vận tảI và phụ tùng",2008,22425.3
Trị giá (Triệu đô la Mỹ),"Máy móc, phương tiện vận tảI và phụ tùng",2009,21908
Trị giá (Triệu đô la Mỹ),"Máy móc, phương tiện vận tảI và phụ tùng",2010,24713.5
Trị giá (Triệu đô la Mỹ),"Máy móc, phương tiện vận tảI và phụ tùng",2011,31092.1
Trị giá (Triệu đô la Mỹ),"Máy móc, phương tiện vận tảI và phụ tùng",2012,38885.3
Trị giá (Triệu đô la Mỹ),"Máy móc, phương tiện vận tảI và phụ tùng",2013,49419.9
Trị giá (Triệu đô la Mỹ),"Máy móc, phương tiện vận tảI và phụ tùng",2014,55018.1
Trị giá (Triệu đô la Mỹ),"Máy móc, phương tiện vận tảI và phụ tùng",2015,70263.1
Trị giá (Triệu đô la Mỹ),"Máy móc, phương tiện vận tảI và phụ tùng",2016,74449.1
Trị giá (Triệu đô la Mỹ),"Máy móc, phương tiện vận tảI và phụ tùng",2017,91742.8
Trị giá (Triệu đô la Mỹ),"Máy móc, phương tiện vận tảI và phụ tùng",2018,95807.8
Trị giá (Triệu đô la Mỹ),"Máy móc, phương tiện vận tảI và phụ tùng",2019,109658.5
Trị giá (Triệu đô la Mỹ),"Máy móc, phương tiện vận tảI và phụ tùng",2020,124432.3
Trị giá (Triệu đô la Mỹ),"Máy móc, phương tiện vận tảI và phụ tùng",2021,152932.1
Trị giá (Triệu đô la Mỹ),"Máy móc, phương tiện vận tảI và phụ tùng",2022,159925.9
Trị giá (Triệu đô la Mỹ),"Máy móc, phương tiện vận tảI và phụ tùng",2023,129842.8
Trị giá (Triệu đô la Mỹ),"Máy móc, phương tiện vận tảI và phụ tùng",Sơ bộ 2024,160583.6
Trị giá (Triệu đô la Mỹ),Hàng chế biến khác,1995,1100.6
Trị giá (Triệu đô la Mỹ),Hàng chế biến khác,1996,1369.1
Trị giá (Triệu đô la Mỹ),Hàng chế biến khác,1997,1371.301
Trị giá (Triệu đô la Mỹ),Hàng chế biến khác,1998,1491.073
Trị giá (Triệu đô la Mỹ),Hàng chế biến khác,1999,1241.347
Trị giá (Triệu đô la Mỹ),Hàng chế biến khác,2000,1586.4
Trị giá (Triệu đô la Mỹ),Hàng chế biến khác,2001,1447.3
Trị giá (Triệu đô la Mỹ),Hàng chế biến khác,2002,1426.8
Trị giá (Triệu đô la Mỹ),Hàng chế biến khác,2003,1575.4
Trị giá (Triệu đô la Mỹ),Hàng chế biến khác,2004,1795.1
Trị giá (Triệu đô la Mỹ),Hàng chế biến khác,2005,1898.7
Trị giá (Triệu đô la Mỹ),Hàng chế biến khác,2006,2243.9
Trị giá (Triệu đô la Mỹ),Hàng chế biến khác,2007,2737
Trị giá (Triệu đô la Mỹ),Hàng chế biến khác,2008,3383.5
Trị giá (Triệu đô la Mỹ),Hàng chế biến khác,2009,3314.6
Trị giá (Triệu đô la Mỹ),Hàng chế biến khác,2010,4256.2
Trị giá (Triệu đô la Mỹ),Hàng chế biến khác,2011,4818.8
Trị giá (Triệu đô la Mỹ),Hàng chế biến khác,2012,5512.4
Trị giá (Triệu đô la Mỹ),Hàng chế biến khác,2013,6526.9
Trị giá (Triệu đô la Mỹ),Hàng chế biến khác,2014,7575.6
Trị giá (Triệu đô la Mỹ),Hàng chế biến khác,2015,8754.6
Trị giá (Triệu đô la Mỹ),Hàng chế biến khác,2016,10695
Trị giá (Triệu đô la Mỹ),Hàng chế biến khác,2017,14895.7
Trị giá (Triệu đô la Mỹ),Hàng chế biến khác,2018,16703.8
Trị giá (Triệu đô la Mỹ),Hàng chế biến khác,2019,17310.9
Trị giá (Triệu đô la Mỹ),Hàng chế biến khác,2020,17475.2
Trị giá (Triệu đô la Mỹ),Hàng chế biến khác,2021,17993.2
Trị giá (Triệu đô la Mỹ),Hàng chế biến khác,2022,18798.2
Trị giá (Triệu đô la Mỹ),Hàng chế biến khác,2023,34251.5
Trị giá (Triệu đô la Mỹ),Hàng chế biến khác,Sơ bộ 2024,36556.1
Trị giá (Triệu đô la Mỹ),Hàng hoá không thuộc các nhóm trên,1995,0
Trị giá (Triệu đô la Mỹ),Hàng hoá không thuộc các nhóm trên,1996,24.9
Trị giá (Triệu đô la Mỹ),Hàng hoá không thuộc các nhóm trên,1997,27.296
Trị giá (Triệu đô la Mỹ),Hàng hoá không thuộc các nhóm trên,1998,4.81
Trị giá (Triệu đô la Mỹ),Hàng hoá không thuộc các nhóm trên,1999,7.048
Trị giá (Triệu đô la Mỹ),Hàng hoá không thuộc các nhóm trên,2000,7.7
Trị giá (Triệu đô la Mỹ),Hàng hoá không thuộc các nhóm trên,2001,
Trị giá (Triệu đô la Mỹ),Hàng hoá không thuộc các nhóm trên,2002,13.2
Trị giá (Triệu đô la Mỹ),Hàng hoá không thuộc các nhóm trên,2003,181.2
Trị giá (Triệu đô la Mỹ),Hàng hoá không thuộc các nhóm trên,2004,567
Trị giá (Triệu đô la Mỹ),Hàng hoá không thuộc các nhóm trên,2005,819.8
Trị giá (Triệu đô la Mỹ),Hàng hoá không thuộc các nhóm trên,2006,1878.8
Trị giá (Triệu đô la Mỹ),Hàng hoá không thuộc các nhóm trên,2007,1316.1
Trị giá (Triệu đô la Mỹ),Hàng hoá không thuộc các nhóm trên,2008,2728.3
Trị giá (Triệu đô la Mỹ),Hàng hoá không thuộc các nhóm trên,2009,382.6
Trị giá (Triệu đô la Mỹ),Hàng hoá không thuộc các nhóm trên,2010,965.4
Trị giá (Triệu đô la Mỹ),Hàng hoá không thuộc các nhóm trên,2011,2073.7
Trị giá (Triệu đô la Mỹ),Hàng hoá không thuộc các nhóm trên,2012,101.1
Trị giá (Triệu đô la Mỹ),Hàng hoá không thuộc các nhóm trên,2013,117.8
Trị giá (Triệu đô la Mỹ),Hàng hoá không thuộc các nhóm trên,2014,128.8
Trị giá (Triệu đô la Mỹ),Hàng hoá không thuộc các nhóm trên,2015,127
Trị giá (Triệu đô la Mỹ),Hàng hoá không thuộc các nhóm trên,2016,137.9
Trị giá (Triệu đô la Mỹ),Hàng hoá không thuộc các nhóm trên,2017,141.6
Trị giá (Triệu đô la Mỹ),Hàng hoá không thuộc các nhóm trên,2018,148.6
Trị giá (Triệu đô la Mỹ),Hàng hoá không thuộc các nhóm trên,2019,162.2
Trị giá (Triệu đô la Mỹ),Hàng hoá không thuộc các nhóm trên,2020,216.5
Trị giá (Triệu đô la Mỹ),Hàng hoá không thuộc các nhóm trên,2021,856.9356918775011
Trị giá (Triệu đô la Mỹ),Hàng hoá không thuộc các nhóm trên,2022,267.1
Trị giá (Triệu đô la Mỹ),Hàng hoá không thuộc các nhóm trên,2023,271.5
Trị giá (Triệu đô la Mỹ),Hàng hoá không thuộc các nhóm trên,Sơ bộ 2024,311.6
Trị giá (Triệu đô la Mỹ),Hàng thô hoặc mới sơ chế,1995,
Trị giá (Triệu đô la Mỹ),Hàng thô hoặc mới sơ chế,1996,
Trị giá (Triệu đô la Mỹ),Hàng thô hoặc mới sơ chế,1997,
Trị giá (Triệu đô la Mỹ),Hàng thô hoặc mới sơ chế,1998,
Trị giá (Triệu đô la Mỹ),Hàng thô hoặc mới sơ chế,1999,
Trị giá (Triệu đô la Mỹ),Hàng thô hoặc mới sơ chế,2000,
Trị giá (Triệu đô la Mỹ),Hàng thô hoặc mới sơ chế,2001,
Trị giá (Triệu đô la Mỹ),Hàng thô hoặc mới sơ chế,2002,
Trị giá (Triệu đô la Mỹ),Hàng thô hoặc mới sơ chế,2003,
Trị giá (Triệu đô la Mỹ),Hàng thô hoặc mới sơ chế,2004,
Trị giá (Triệu đô la Mỹ),Hàng thô hoặc mới sơ chế,2005,
Trị giá (Triệu đô la Mỹ),Hàng thô hoặc mới sơ chế,2006,
Trị giá (Triệu đô la Mỹ),Hàng thô hoặc mới sơ chế,2007,
Trị giá (Triệu đô la Mỹ),Hàng thô hoặc mới sơ chế,2008,
Trị giá (Triệu đô la Mỹ),Hàng thô hoặc mới sơ chế,2009,
Trị giá (Triệu đô la Mỹ),Hàng thô hoặc mới sơ chế,2010,
Trị giá (Triệu đô la Mỹ),Hàng thô hoặc mới sơ chế,2011,
Trị giá (Triệu đô la Mỹ),Hàng thô hoặc mới sơ chế,2012,
Trị giá (Triệu đô la Mỹ),Hàng thô hoặc mới sơ chế,2013,
Trị giá (Triệu đô la Mỹ),Hàng thô hoặc mới sơ chế,2014,
Trị giá (Triệu đô la Mỹ),Hàng thô hoặc mới sơ chế,2015,
Trị giá (Triệu đô la Mỹ),Hàng thô hoặc mới sơ chế,2016,
Trị giá (Triệu đô la Mỹ),Hàng thô hoặc mới sơ chế,2017,
Trị giá (Triệu đô la Mỹ),Hàng thô hoặc mới sơ chế,2018,
Trị giá (Triệu đô la Mỹ),Hàng thô hoặc mới sơ chế,2019,
Trị giá (Triệu đô la Mỹ),Hàng thô hoặc mới sơ chế,2020,
Trị giá (Triệu đô la Mỹ),Hàng thô hoặc mới sơ chế,2021,
Trị giá (Triệu đô la Mỹ),Hàng thô hoặc mới sơ chế,2022,
Trị giá (Triệu đô la Mỹ),Hàng thô hoặc mới sơ chế,2023,
Trị giá (Triệu đô la Mỹ),Hàng thô hoặc mới sơ chế,Sơ bộ 2024,
Trị giá (Triệu đô la Mỹ),Hàng chế biến hoặc đã tinh chế,1995,
Trị giá (Triệu đô la Mỹ),Hàng chế biến hoặc đã tinh chế,1996,
Trị giá (Triệu đô la Mỹ),Hàng chế biến hoặc đã tinh chế,1997,
Trị giá (Triệu đô la Mỹ),Hàng chế biến hoặc đã tinh chế,1998,
Trị giá (Triệu đô la Mỹ),Hàng chế biến hoặc đã tinh chế,1999,
Trị giá (Triệu đô la Mỹ),Hàng chế biến hoặc đã tinh chế,2000,
Trị giá (Triệu đô la Mỹ),Hàng chế biến hoặc đã tinh chế,2001,
Trị giá (Triệu đô la Mỹ),Hàng chế biến hoặc đã tinh chế,2002,
Trị giá (Triệu đô la Mỹ),Hàng chế biến hoặc đã tinh chế,2003,
Trị giá (Triệu đô la Mỹ),Hàng chế biến hoặc đã tinh chế,2004,
Trị giá (Triệu đô la Mỹ),Hàng chế biến hoặc đã tinh chế,2005,
Trị giá (Triệu đô la Mỹ),Hàng chế biến hoặc đã tinh chế,2006,
Trị giá (Triệu đô la Mỹ),Hàng chế biến hoặc đã tinh chế,2007,
Trị giá (Triệu đô la Mỹ),Hàng chế biến hoặc đã tinh chế,2008,
Trị giá (Triệu đô la Mỹ),Hàng chế biến hoặc đã tinh chế,2009,
Trị giá (Triệu đô la Mỹ),Hàng chế biến hoặc đã tinh chế,2010,
Trị giá (Triệu đô la Mỹ),Hàng chế biến hoặc đã tinh chế,2011,
Trị giá (Triệu đô la Mỹ),Hàng chế biến hoặc đã tinh chế,2012,
Trị giá (Triệu đô la Mỹ),Hàng chế biến hoặc đã tinh chế,2013,
Trị giá (Triệu đô la Mỹ),Hàng chế biến hoặc đã tinh chế,2014,
Trị giá (Triệu đô la Mỹ),Hàng chế biến hoặc đã tinh chế,2015,
Trị giá (Triệu đô la Mỹ),Hàng chế biến hoặc đã tinh chế,2016,
Trị giá (Triệu đô la Mỹ),Hàng chế biến hoặc đã tinh chế,2017,
Trị giá (Triệu đô la Mỹ),Hàng chế biến hoặc đã tinh chế,2018,
Trị giá (Triệu đô la Mỹ),Hàng chế biến hoặc đã tinh chế,2019,
Trị giá (Triệu đô la Mỹ),Hàng chế biến hoặc đã tinh chế,2020,
Trị giá (Triệu đô la Mỹ),Hàng chế biến hoặc đã tinh chế,2021,
Trị giá (Triệu đô la Mỹ),Hàng chế biến hoặc đã tinh chế,2022,
Trị giá (Triệu đô la Mỹ),Hàng chế biến hoặc đã tinh chế,2023,
Trị giá (Triệu đô la Mỹ),Hàng chế biến hoặc đã tinh chế,Sơ bộ 2024,
Cơ cấu (%),TỔNG TRỊ GIÁ,1995,100
Cơ cấu (%),TỔNG TRỊ GIÁ,1996,100
Cơ cấu (%),TỔNG TRỊ GIÁ,1997,100
Cơ cấu (%),TỔNG TRỊ GIÁ,1998,100
Cơ cấu (%),TỔNG TRỊ GIÁ,1999,100
Cơ cấu (%),TỔNG TRỊ GIÁ,2000,100
Cơ cấu (%),TỔNG TRỊ GIÁ,2001,100
Cơ cấu (%),TỔNG TRỊ GIÁ,2002,100
Cơ cấu (%),TỔNG TRỊ GIÁ,2003,100
Cơ cấu (%),TỔNG TRỊ GIÁ,2004,100
Cơ cấu (%),TỔNG TRỊ GIÁ,2005,100
Cơ cấu (%),TỔNG TRỊ GIÁ,2006,100
Cơ cấu (%),TỔNG TRỊ GIÁ,2007,100
Cơ cấu (%),TỔNG TRỊ GIÁ,2008,100
Cơ cấu (%),TỔNG TRỊ GIÁ,2009,100
Cơ cấu (%),TỔNG TRỊ GIÁ,2010,100
Cơ cấu (%),TỔNG TRỊ GIÁ,2011,100
Cơ cấu (%),TỔNG TRỊ GIÁ,2012,100
Cơ cấu (%),TỔNG TRỊ GIÁ,2013,100
Cơ cấu (%),TỔNG TRỊ GIÁ,2014,100
Cơ cấu (%),TỔNG TRỊ GIÁ,2015,100
Cơ cấu (%),TỔNG TRỊ GIÁ,2016,100
Cơ cấu (%),TỔNG TRỊ GIÁ,2017,100
Cơ cấu (%),TỔNG TRỊ GIÁ,2018,100
Cơ cấu (%),TỔNG TRỊ GIÁ,2019,100
Cơ cấu (%),TỔNG TRỊ GIÁ,2020,100
Cơ cấu (%),TỔNG TRỊ GIÁ,2021,100
Cơ cấu (%),TỔNG TRỊ GIÁ,2022,100
Cơ cấu (%),TỔNG TRỊ GIÁ,2023,100
Cơ cấu (%),TỔNG TRỊ GIÁ,Sơ bộ 2024,100
Cơ cấu (%),"Hàng thô hoặc mới sơ chế, hàng hóa thuộc ngành công nghiệp chế biến, khoáng sản",1995,
Cơ cấu (%),"Hàng thô hoặc mới sơ chế, hàng hóa thuộc ngành công nghiệp chế biến, khoáng sản",1996,
Cơ cấu (%),"Hàng thô hoặc mới sơ chế, hàng hóa thuộc ngành công nghiệp chế biến, khoáng sản",1997,
Cơ cấu (%),"Hàng thô hoặc mới sơ chế, hàng hóa thuộc ngành công nghiệp chế biến, khoáng sản",1998,
Cơ cấu (%),"Hàng thô hoặc mới sơ chế, hàng hóa thuộc ngành công nghiệp chế biến, khoáng sản",1999,
Cơ cấu (%),"Hàng thô hoặc mới sơ chế, hàng hóa thuộc ngành công nghiệp chế biến, khoáng sản",2000,
Cơ cấu (%),"Hàng thô hoặc mới sơ chế, hàng hóa thuộc ngành công nghiệp chế biến, khoáng sản",2001,
Cơ cấu (%),"Hàng thô hoặc mới sơ chế, hàng hóa thuộc ngành công nghiệp chế biến, khoáng sản",2002,
Cơ cấu (%),"Hàng thô hoặc mới sơ chế, hàng hóa thuộc ngành công nghiệp chế biến, khoáng sản",2003,
Cơ cấu (%),"Hàng thô hoặc mới sơ chế, hàng hóa thuộc ngành công nghiệp chế biến, khoáng sản",2004,
Cơ cấu (%),"Hàng thô hoặc mới sơ chế, hàng hóa thuộc ngành công nghiệp chế biến, khoáng sản",2005,
Cơ cấu (%),"Hàng thô hoặc mới sơ chế, hàng hóa thuộc ngành công nghiệp chế biến, khoáng sản",2006,
Cơ cấu (%),"Hàng thô hoặc mới sơ chế, hàng hóa thuộc ngành công nghiệp chế biến, khoáng sản",2007,
Cơ cấu (%),"Hàng thô hoặc mới sơ chế, hàng hóa thuộc ngành công nghiệp chế biến, khoáng sản",2008,
Cơ cấu (%),"Hàng thô hoặc mới sơ chế, hàng hóa thuộc ngành công nghiệp chế biến, khoáng sản",2009,
Cơ cấu (%),"Hàng thô hoặc mới sơ chế, hàng hóa thuộc ngành công nghiệp chế biến, khoáng sản",2010,
Cơ cấu (%),"Hàng thô hoặc mới sơ chế, hàng hóa thuộc ngành công nghiệp chế biến, khoáng sản",2011,
Cơ cấu (%),"Hàng thô hoặc mới sơ chế, hàng hóa thuộc ngành công nghiệp chế biến, khoáng sản",2012,
Cơ cấu (%),"Hàng thô hoặc mới sơ chế, hàng hóa thuộc ngành công nghiệp chế biến, khoáng sản",2013,
Cơ cấu (%),"Hàng thô hoặc mới sơ chế, hàng hóa thuộc ngành công nghiệp chế biến, khoáng sản",2014,
Cơ cấu (%),"Hàng thô hoặc mới sơ chế, hàng hóa thuộc ngành công nghiệp chế biến, khoáng sản",2015,
Cơ cấu (%),"Hàng thô hoặc mới sơ chế, hàng hóa thuộc ngành công nghiệp chế biến, khoáng sản",2016,
Cơ cấu (%),"Hàng thô hoặc mới sơ chế, hàng hóa thuộc ngành công nghiệp chế biến, khoáng sản",2017,
Cơ cấu (%),"Hàng thô hoặc mới sơ chế, hàng hóa thuộc ngành công nghiệp chế biến, khoáng sản",2018,
Cơ cấu (%),"Hàng thô hoặc mới sơ chế, hàng hóa thuộc ngành công nghiệp chế biến, khoáng sản",2019,
Cơ cấu (%),"Hàng thô hoặc mới sơ chế, hàng hóa thuộc ngành công nghiệp chế biến, khoáng sản",2020,
Cơ cấu (%),"Hàng thô hoặc mới sơ chế, hàng hóa thuộc ngành công nghiệp chế biến, khoáng sản",2021,
Cơ cấu (%),"Hàng thô hoặc mới sơ chế, hàng hóa thuộc ngành công nghiệp chế biến, khoáng sản",2022,
Cơ cấu (%),"Hàng thô hoặc mới sơ chế, hàng hóa thuộc ngành công nghiệp chế biến, khoáng sản",2023,
Cơ cấu (%),"Hàng thô hoặc mới sơ chế, hàng hóa thuộc ngành công nghiệp chế biến, khoáng sản",Sơ bộ 2024,
Cơ cấu (%),"Lương thực, thực phẩm và động vật sống",1995,4.658263236628492
Cơ cấu (%),"Lương thực, thực phẩm và động vật sống",1996,3.6657812556086
Cơ cấu (%),"Lương thực, thực phẩm và động vật sống",1997,3.711994940106129
Cơ cấu (%),"Lương thực, thực phẩm và động vật sống",1998,4.014680135980134
Cơ cấu (%),"Lương thực, thực phẩm và động vật sống",1999,4.308760263855007
Cơ cấu (%),"Lương thực, thực phẩm và động vật sống",2000,4.006651104786877
Cơ cấu (%),"Lương thực, thực phẩm và động vật sống",2001,5.143699245894968
Cơ cấu (%),"Lương thực, thực phẩm và động vật sống",2002,4.756502714528807
Cơ cấu (%),"Lương thực, thực phẩm và động vật sống",2003,4.997663902945067
Cơ cấu (%),"Lương thực, thực phẩm và động vật sống",2004,4.67706013363029
Cơ cấu (%),"Lương thực, thực phẩm và động vật sống",2005,5.318665654727417
Cơ cấu (%),"Lương thực, thực phẩm và động vật sống",2006,5.121950676191941
Cơ cấu (%),"Lương thực, thực phẩm và động vật sống",2007,5.225230105457367
Cơ cấu (%),"Lương thực, thực phẩm và động vật sống",2008,5.606228426861329
Cơ cấu (%),"Lương thực, thực phẩm và động vật sống",2009,6.62084267349833
Cơ cấu (%),"Lương thực, thực phẩm và động vật sống",2010,7.337579828049967
Cơ cấu (%),"Lương thực, thực phẩm và động vật sống",2011,6.913174544589311
Cơ cấu (%),"Lương thực, thực phẩm và động vật sống",2012,6.740264579839763
Cơ cấu (%),"Lương thực, thực phẩm và động vật sống",2013,6.874893018845346
Cơ cấu (%),"Lương thực, thực phẩm và động vật sống",2014,7.2
Cơ cấu (%),"Lương thực, thực phẩm và động vật sống",2015,7.3
Cơ cấu (%),"Lương thực, thực phẩm và động vật sống",2016,7.7
Cơ cấu (%),"Lương thực, thực phẩm và động vật sống",2017,7.1
Cơ cấu (%),"Lương thực, thực phẩm và động vật sống",2018,7.1
Cơ cấu (%),"Lương thực, thực phẩm và động vật sống",2019,6.9
Cơ cấu (%),"Lương thực, thực phẩm và động vật sống",2020,6.898242052782278
Cơ cấu (%),"Lương thực, thực phẩm và động vật sống",2021,7.444441381277363
Cơ cấu (%),"Lương thực, thực phẩm và động vật sống",2022,7.5
Cơ cấu (%),"Lương thực, thực phẩm và động vật sống",2023,7.8
Cơ cấu (%),"Lương thực, thực phẩm và động vật sống",Sơ bộ 2024,7.1
Cơ cấu (%),Đồ uống và thuốc lá,1995,0.991980773475244
Cơ cấu (%),Đồ uống và thuốc lá,1996,0.386769087189059
Cơ cấu (%),Đồ uống và thuốc lá,1997,0.717361760845828
Cơ cấu (%),Đồ uống và thuốc lá,1998,1.062174135999787
Cơ cấu (%),Đồ uống và thuốc lá,1999,0.730229929939862
Cơ cấu (%),Đồ uống và thuốc lá,2000,0.65743612701052
Cơ cấu (%),Đồ uống và thuốc lá,2001,0.668397264750677
Cơ cấu (%),Đồ uống và thuốc lá,2002,0.75611781865327
Cơ cấu (%),Đồ uống và thuốc lá,2003,0.604613593709168
Cơ cấu (%),Đồ uống và thuốc lá,2004,0.508620905382748
Cơ cấu (%),Đồ uống và thuốc lá,2005,0.478222904102434
Cơ cấu (%),Đồ uống và thuốc lá,2006,0.323003891639991
Cơ cấu (%),Đồ uống và thuốc lá,2007,0.292043138898139
Cơ cấu (%),Đồ uống và thuốc lá,2008,0.333771920043413
Cơ cấu (%),Đồ uống và thuốc lá,2009,0.488357198407978
Cơ cấu (%),Đồ uống và thuốc lá,2010,0.345243792330378
Cơ cấu (%),Đồ uống và thuốc lá,2011,0.298361214728271
Cơ cấu (%),Đồ uống và thuốc lá,2012,0.282210292809658
Cơ cấu (%),Đồ uống và thuốc lá,2013,0.286065714073645
Cơ cấu (%),Đồ uống và thuốc lá,2014,0.3
Cơ cấu (%),Đồ uống và thuốc lá,2015,0.2
Cơ cấu (%),Đồ uống và thuốc lá,2016,0.2
Cơ cấu (%),Đồ uống và thuốc lá,2017,0.2
Cơ cấu (%),Đồ uống và thuốc lá,2018,0.3
Cơ cấu (%),Đồ uống và thuốc lá,2019,0.2
Cơ cấu (%),Đồ uống và thuốc lá,2020,0.19857187748407
Cơ cấu (%),Đồ uống và thuốc lá,2021,0.183329713639549
Cơ cấu (%),Đồ uống và thuốc lá,2022,0.2
Cơ cấu (%),Đồ uống và thuốc lá,2023,0.3
Cơ cấu (%),Đồ uống và thuốc lá,Sơ bộ 2024,0.3
Cơ cấu (%),"Nguyên liệu thô, không dùng để ăn, trừ nhiên liệu",1995,5.602422934497389
Cơ cấu (%),"Nguyên liệu thô, không dùng để ăn, trừ nhiên liệu",1996,3.655012742740228
Cơ cấu (%),"Nguyên liệu thô, không dùng để ăn, trừ nhiên liệu",1997,3.189071954251162
Cơ cấu (%),"Nguyên liệu thô, không dùng để ăn, trừ nhiên liệu",1998,3.320231162400918
Cơ cấu (%),"Nguyên liệu thô, không dùng để ăn, trừ nhiên liệu",1999,3.855926411518256
Cơ cấu (%),"Nguyên liệu thô, không dùng để ăn, trừ nhiên liệu",2000,3.7783391423912
Cơ cấu (%),"Nguyên liệu thô, không dùng để ăn, trừ nhiên liệu",2001,4.255174837679355
Cơ cấu (%),"Nguyên liệu thô, không dùng để ăn, trừ nhiên liệu",2002,4.133072684547444
Cơ cấu (%),"Nguyên liệu thô, không dùng để ăn, trừ nhiên liệu",2003,3.963446020320085
Cơ cấu (%),"Nguyên liệu thô, không dùng để ăn, trừ nhiên liệu",2004,4.549122894822452
Cơ cấu (%),"Nguyên liệu thô, không dùng để ăn, trừ nhiên liệu",2005,4.415537075876403
Cơ cấu (%),"Nguyên liệu thô, không dùng để ăn, trừ nhiên liệu",2006,4.643013871346437
Cơ cấu (%),"Nguyên liệu thô, không dùng để ăn, trừ nhiên liệu",2007,4.36678578882716
Cơ cấu (%),"Nguyên liệu thô, không dùng để ăn, trừ nhiên liệu",2008,4.962967918744997
Cơ cấu (%),"Nguyên liệu thô, không dùng để ăn, trừ nhiên liệu",2009,4.844257514067432
Cơ cấu (%),"Nguyên liệu thô, không dùng để ăn, trừ nhiên liệu",2010,5.448345446530235
Cơ cấu (%),"Nguyên liệu thô, không dùng để ăn, trừ nhiên liệu",2011,6.086662457447227
Cơ cấu (%),"Nguyên liệu thô, không dùng để ăn, trừ nhiên liệu",2012,5.922900605025119
Cơ cấu (%),"Nguyên liệu thô, không dùng để ăn, trừ nhiên liệu",2013,5.657087719245095
Cơ cấu (%),"Nguyên liệu thô, không dùng để ăn, trừ nhiên liệu",2014,5.8
Cơ cấu (%),"Nguyên liệu thô, không dùng để ăn, trừ nhiên liệu",2015,5.1
Cơ cấu (%),"Nguyên liệu thô, không dùng để ăn, trừ nhiên liệu",2016,4.3
Cơ cấu (%),"Nguyên liệu thô, không dùng để ăn, trừ nhiên liệu",2017,4.7
Cơ cấu (%),"Nguyên liệu thô, không dùng để ăn, trừ nhiên liệu",2018,5.1
Cơ cấu (%),"Nguyên liệu thô, không dùng để ăn, trừ nhiên liệu",2019,4.7
Cơ cấu (%),"Nguyên liệu thô, không dùng để ăn, trừ nhiên liệu",2020,4.500473534325725
Cơ cấu (%),"Nguyên liệu thô, không dùng để ăn, trừ nhiên liệu",2021,5.594476735567158
Cơ cấu (%),"Nguyên liệu thô, không dùng để ăn, trừ nhiên liệu",2022,5.1
Cơ cấu (%),"Nguyên liệu thô, không dùng để ăn, trừ nhiên liệu",2023,4.8
Cơ cấu (%),"Nguyên liệu thô, không dùng để ăn, trừ nhiên liệu",Sơ bộ 2024,4.3
Cơ cấu (%),"Nhiêu liệu, dầu mỡ nhờn và vật liệu liên quan",1995,11.05525173504672
Cơ cấu (%),"Nhiêu liệu, dầu mỡ nhờn và vật liệu liên quan",1996,11.10951577587135
Cơ cấu (%),"Nhiêu liệu, dầu mỡ nhờn và vật liệu liên quan",1997,10.30378858863501
Cơ cấu (%),"Nhiêu liệu, dầu mỡ nhờn và vật liệu liên quan",1998,8.385963328704486
Cơ cấu (%),"Nhiêu liệu, dầu mỡ nhờn và vật liệu liên quan",1999,9.540800141031532
Cơ cấu (%),"Nhiêu liệu, dầu mỡ nhờn và vật liệu liên quan",2000,13.56441658939021
Cơ cấu (%),"Nhiêu liệu, dầu mỡ nhờn và vật liệu liên quan",2001,12.14892187027914
Cơ cấu (%),"Nhiêu liệu, dầu mỡ nhờn và vật liệu liên quan",2002,10.96649380115064
Cơ cấu (%),"Nhiêu liệu, dầu mỡ nhờn và vật liệu liên quan",2003,10.74763024730953
Cơ cấu (%),"Nhiêu liệu, dầu mỡ nhờn và vật liệu liên quan",2004,12.45526888716499
Cơ cấu (%),"Nhiêu liệu, dầu mỡ nhờn và vật liệu liên quan",2005,14.59613558897857
Cơ cấu (%),"Nhiêu liệu, dầu mỡ nhờn và vật liệu liên quan",2006,14.92277979376759
Cơ cấu (%),"Nhiêu liệu, dầu mỡ nhờn và vật liệu liên quan",2007,13.93171639472506
Cơ cấu (%),"Nhiêu liệu, dầu mỡ nhờn và vật liệu liên quan",2008,15.27582643860158
Cơ cấu (%),"Nhiêu liệu, dầu mỡ nhờn và vật liệu liên quan",2009,10.71841118074935
Cơ cấu (%),"Nhiêu liệu, dầu mỡ nhờn và vật liệu liên quan",2010,9.59504282248882
Cơ cấu (%),"Nhiêu liệu, dầu mỡ nhờn và vật liệu liên quan",2011,11.73875735598568
Cơ cấu (%),"Nhiêu liệu, dầu mỡ nhờn và vật liệu liên quan",2012,10.06509029674707
Cơ cấu (%),"Nhiêu liệu, dầu mỡ nhờn và vật liệu liên quan",2013,7.663864833382057
Cơ cấu (%),"Nhiêu liệu, dầu mỡ nhờn và vật liệu liên quan",2014,7
Cơ cấu (%),"Nhiêu liệu, dầu mỡ nhờn và vật liệu liên quan",2015,4.7
Cơ cấu (%),"Nhiêu liệu, dầu mỡ nhờn và vật liệu liên quan",2016,4.4
Cơ cấu (%),"Nhiêu liệu, dầu mỡ nhờn và vật liệu liên quan",2017,5.2
Cơ cấu (%),"Nhiêu liệu, dầu mỡ nhờn và vật liệu liên quan",2018,6.5
Cơ cấu (%),"Nhiêu liệu, dầu mỡ nhờn và vật liệu liên quan",2019,6.3
Cơ cấu (%),"Nhiêu liệu, dầu mỡ nhờn và vật liệu liên quan",2020,4.896475536026404
Cơ cấu (%),"Nhiêu liệu, dầu mỡ nhờn và vật liệu liên quan",2021,5.009996152872506
Cơ cấu (%),"Nhiêu liệu, dầu mỡ nhờn và vật liệu liên quan",2022,7.7
Cơ cấu (%),"Nhiêu liệu, dầu mỡ nhờn và vật liệu liên quan",2023,8.2
Cơ cấu (%),"Nhiêu liệu, dầu mỡ nhờn và vật liệu liên quan",Sơ bộ 2024,7.5
Cơ cấu (%),"Dầu, mỡ, chất béo, sáp động, thực vật",1995,1.164872354513574
Cơ cấu (%),"Dầu, mỡ, chất béo, sáp động, thực vật",1996,0.436124771169102
Cơ cấu (%),"Dầu, mỡ, chất béo, sáp động, thực vật",1997,0.507637027146724
Cơ cấu (%),"Dầu, mỡ, chất béo, sáp động, thực vật",1998,0.459597755439071
Cơ cấu (%),"Dầu, mỡ, chất béo, sáp động, thực vật",1999,0.849970469393986
Cơ cấu (%),"Dầu, mỡ, chất béo, sáp động, thực vật",2000,0.553192850062354
Cơ cấu (%),"Dầu, mỡ, chất béo, sáp động, thực vật",2001,0.512396796132668
Cơ cấu (%),"Dầu, mỡ, chất béo, sáp động, thực vật",2002,0.66141317559355
Cơ cấu (%),"Dầu, mỡ, chất béo, sáp động, thực vật",2003,0.603425747749032
Cơ cấu (%),"Dầu, mỡ, chất béo, sáp động, thực vật",2004,0.699431946147494
Cơ cấu (%),"Dầu, mỡ, chất béo, sáp động, thực vật",2005,0.512226239149536
Cơ cấu (%),"Dầu, mỡ, chất béo, sáp động, thực vật",2006,0.565145429717695
Cơ cấu (%),"Dầu, mỡ, chất béo, sáp động, thực vật",2007,0.753448992825585
Cơ cấu (%),"Dầu, mỡ, chất béo, sáp động, thực vật",2008,0.788217132634073
Cơ cấu (%),"Dầu, mỡ, chất béo, sáp động, thực vật",2009,0.689218399743813
Cơ cấu (%),"Dầu, mỡ, chất béo, sáp động, thực vật",2010,0.80387936623188
Cơ cấu (%),"Dầu, mỡ, chất béo, sáp động, thực vật",2011,0.836629202115601
Cơ cấu (%),"Dầu, mỡ, chất béo, sáp động, thực vật",2012,0.630512812400027
Cơ cấu (%),"Dầu, mỡ, chất béo, sáp động, thực vật",2013,0.506844521731754
Cơ cấu (%),"Dầu, mỡ, chất béo, sáp động, thực vật",2014,0.5
Cơ cấu (%),"Dầu, mỡ, chất béo, sáp động, thực vật",2015,0.4
Cơ cấu (%),"Dầu, mỡ, chất béo, sáp động, thực vật",2016,0.4
Cơ cấu (%),"Dầu, mỡ, chất béo, sáp động, thực vật",2017,0.3
Cơ cấu (%),"Dầu, mỡ, chất béo, sáp động, thực vật",2018,0.3
Cơ cấu (%),"Dầu, mỡ, chất béo, sáp động, thực vật",2019,0.3
Cơ cấu (%),"Dầu, mỡ, chất béo, sáp động, thực vật",2020,0.3
Cơ cấu (%),"Dầu, mỡ, chất béo, sáp động, thực vật",2021,0.400564459500487
Cơ cấu (%),"Dầu, mỡ, chất béo, sáp động, thực vật",2022,0.5
Cơ cấu (%),"Dầu, mỡ, chất béo, sáp động, thực vật",2023,0.4
Cơ cấu (%),"Dầu, mỡ, chất béo, sáp động, thực vật",Sơ bộ 2024,0.4
Cơ cấu (%),Hàng hóa thuộc ngành công nghiệp chế tạo,1995,
Cơ cấu (%),Hàng hóa thuộc ngành công nghiệp chế tạo,1996,
Cơ cấu (%),Hàng hóa thuộc ngành công nghiệp chế tạo,1997,
Cơ cấu (%),Hàng hóa thuộc ngành công nghiệp chế tạo,1998,
Cơ cấu (%),Hàng hóa thuộc ngành công nghiệp chế tạo,1999,
Cơ cấu (%),Hàng hóa thuộc ngành công nghiệp chế tạo,2000,
Cơ cấu (%),Hàng hóa thuộc ngành công nghiệp chế tạo,2001,
Cơ cấu (%),Hàng hóa thuộc ngành công nghiệp chế tạo,2002,
Cơ cấu (%),Hàng hóa thuộc ngành công nghiệp chế tạo,2003,
Cơ cấu (%),Hàng hóa thuộc ngành công nghiệp chế tạo,2004,
Cơ cấu (%),Hàng hóa thuộc ngành công nghiệp chế tạo,2005,
Cơ cấu (%),Hàng hóa thuộc ngành công nghiệp chế tạo,2006,
Cơ cấu (%),Hàng hóa thuộc ngành công nghiệp chế tạo,2007,
Cơ cấu (%),Hàng hóa thuộc ngành công nghiệp chế tạo,2008,
Cơ cấu (%),Hàng hóa thuộc ngành công nghiệp chế tạo,2009,
Cơ cấu (%),Hàng hóa thuộc ngành công nghiệp chế tạo,2010,
Cơ cấu (%),Hàng hóa thuộc ngành công nghiệp chế tạo,2011,
Cơ cấu (%),Hàng hóa thuộc ngành công nghiệp chế tạo,2012,
Cơ cấu (%),Hàng hóa thuộc ngành công nghiệp chế tạo,2013,
Cơ cấu (%),Hàng hóa thuộc ngành công nghiệp chế tạo,2014,
Cơ cấu (%),Hàng hóa thuộc ngành công nghiệp chế tạo,2015,
Cơ cấu (%),Hàng hóa thuộc ngành công nghiệp chế tạo,2016,
Cơ cấu (%),Hàng hóa thuộc ngành công nghiệp chế tạo,2017,
Cơ cấu (%),Hàng hóa thuộc ngành công nghiệp chế tạo,2018,
Cơ cấu (%),Hàng hóa thuộc ngành công nghiệp chế tạo,2019,
Cơ cấu (%),Hàng hóa thuộc ngành công nghiệp chế tạo,2020,
Cơ cấu (%),Hàng hóa thuộc ngành công nghiệp chế tạo,2021,
Cơ cấu (%),Hàng hóa thuộc ngành công nghiệp chế tạo,2022,
Cơ cấu (%),Hàng hóa thuộc ngành công nghiệp chế tạo,2023,
Cơ cấu (%),Hàng hóa thuộc ngành công nghiệp chế tạo,Sơ bộ 2024,
Cơ cấu (%),Hoá chất và sản phẩm liên quan,1995,15.75888368442995
Cơ cấu (%),Hoá chất và sản phẩm liên quan,1996,16.28378620912452
Cơ cấu (%),Hoá chất và sản phẩm liên quan,1997,16.80828319533126
Cơ cấu (%),Hoá chất và sản phẩm liên quan,1998,18.7291389864066
Cơ cấu (%),Hoá chất và sản phẩm liên quan,1999,17.37716268574794
Cơ cấu (%),Hoá chất và sản phẩm liên quan,2000,15.35957535254053
Cơ cấu (%),Hoá chất và sản phẩm liên quan,2001,15.35340580469728
Cơ cấu (%),Hoá chất và sản phẩm liên quan,2002,14.85191637630662
Cơ cấu (%),Hoá chất và sản phẩm liên quan,2003,14.34482376325438
Cơ cấu (%),Hoá chất và sản phẩm liên quan,2004,14.68150196441531
Cơ cấu (%),Hoá chất và sản phẩm liên quan,2005,14.44434470132831
Cơ cấu (%),Hoá chất và sản phẩm liên quan,2006,14.07272265549296
Cơ cấu (%),Hoá chất và sản phẩm liên quan,2007,13.33345017183226
Cơ cấu (%),Hoá chất và sản phẩm liên quan,2008,12.75841305947682
Cơ cấu (%),Hoá chất và sản phẩm liên quan,2009,14.61840660597465
Cơ cấu (%),Hoá chất và sản phẩm liên quan,2010,14.72360458564851
Cơ cấu (%),Hoá chất và sản phẩm liên quan,2011,14.56714673001729
Cơ cấu (%),Hoá chất và sản phẩm liên quan,2012,14.20402811028965
Cơ cấu (%),Hoá chất và sản phẩm liên quan,2013,13.78258096863956
Cơ cấu (%),Hoá chất và sản phẩm liên quan,2014,13.3
Cơ cấu (%),Hoá chất và sản phẩm liên quan,2015,12.2
Cơ cấu (%),Hoá chất và sản phẩm liên quan,2016,12.2
Cơ cấu (%),Hoá chất và sản phẩm liên quan,2017,12.2
Cơ cấu (%),Hoá chất và sản phẩm liên quan,2018,12.4
Cơ cấu (%),Hoá chất và sản phẩm liên quan,2019,11.8
Cơ cấu (%),Hoá chất và sản phẩm liên quan,2020,11.30881537990397
Cơ cấu (%),Hoá chất và sản phẩm liên quan,2021,11.99074249606149
Cơ cấu (%),Hoá chất và sản phẩm liên quan,2022,12
Cơ cấu (%),Hoá chất và sản phẩm liên quan,2023,11.3
Cơ cấu (%),Hoá chất và sản phẩm liên quan,Sơ bộ 2024,11
Cơ cấu (%),Hàng chế biến phân loại theo nguyên liệu,1995,18.53741079530127
Cơ cấu (%),Hàng chế biến phân loại theo nguyên liệu,1996,21.4401091209304
Cơ cấu (%),Hàng chế biến phân loại theo nguyên liệu,1997,23.08589518352553
Cơ cấu (%),Hàng chế biến phân loại theo nguyên liệu,1998,20.69508203792108
Cơ cấu (%),Hàng chế biến phân loại theo nguyên liệu,1999,23.30076805124827
Cơ cấu (%),Hàng chế biến phân loại theo nguyên liệu,2000,21.75742653407092
Cơ cấu (%),Hàng chế biến phân loại theo nguyên liệu,2001,22.99557895905142
Cơ cấu (%),Hàng chế biến phân loại theo nguyên liệu,2002,27.42281824811604
Cơ cấu (%),Hàng chế biến phân loại theo nguyên liệu,2003,26.41809010207556
Cơ cấu (%),Hàng chế biến phân loại theo nguyên liệu,2004,27.71170641375341
Cơ cấu (%),Hàng chế biến phân loại theo nguyên liệu,2005,27.67109798129001
Cơ cấu (%),Hàng chế biến phân loại theo nguyên liệu,2006,27.09668508902656
Cơ cấu (%),Hàng chế biến phân loại theo nguyên liệu,2007,27.18454800230066
Cơ cấu (%),Hàng chế biến phân loại theo nguyên liệu,2008,24.91866322735393
Cơ cấu (%),Hàng chế biến phân loại theo nguyên liệu,2009,25.41487487991216
Cơ cấu (%),Hàng chế biến phân loại theo nguyên liệu,2010,26.46153991225691
Cơ cấu (%),Hàng chế biến phân loại theo nguyên liệu,2011,23.97643836335056
Cơ cấu (%),Hàng chế biến phân loại theo nguyên liệu,2012,23.04562121419858
Cơ cấu (%),Hàng chế biến phân loại theo nguyên liệu,2013,22.76596840477276
Cơ cấu (%),Hàng chế biến phân loại theo nguyên liệu,2014,23.5
Cơ cấu (%),Hàng chế biến phân loại theo nguyên liệu,2015,22.4
Cơ cấu (%),Hàng chế biến phân loại theo nguyên liệu,2016,22
Cơ cấu (%),Hàng chế biến phân loại theo nguyên liệu,2017,20.2
Cơ cấu (%),Hàng chế biến phân loại theo nguyên liệu,2018,20.8
Cơ cấu (%),Hàng chế biến phân loại theo nguyên liệu,2019,19.7
Cơ cấu (%),Hàng chế biến phân loại theo nguyên liệu,2020,17.76013830019304
Cơ cấu (%),Hàng chế biến phân loại theo nguyên liệu,2021,17.78550248179865
Cơ cấu (%),Hàng chế biến phân loại theo nguyên liệu,2022,17.3
Cơ cấu (%),Hàng chế biến phân loại theo nguyên liệu,2023,16.9
Cơ cấu (%),Hàng chế biến phân loại theo nguyên liệu,Sơ bộ 2024,17.5
Cơ cấu (%),"Máy móc, phương tiện vận tảI và phụ tùng",1995,28.73310935085956
Cơ cấu (%),"Máy móc, phương tiện vận tảI và phụ tùng",1996,30.51347858860691
Cơ cấu (%),"Máy móc, phương tiện vận tảI và phụ tùng",1997,29.6111276258508
Cơ cấu (%),"Máy móc, phương tiện vận tảI và phụ tùng",1998,30.32502549431846
Cơ cấu (%),"Máy móc, phương tiện vận tảI và phụ tùng",1999,29.40453779172385
Cơ cấu (%),"Máy móc, phương tiện vận tảI và phụ tùng",2000,30.12822562593931
Cơ cấu (%),"Máy móc, phương tiện vận tảI và phụ tùng",2001,29.99833517286455
Cơ cấu (%),"Máy móc, phương tiện vận tảI và phụ tùng",2002,29.15890122356373
Cơ cấu (%),"Máy móc, phương tiện vận tảI và phụ tùng",2003,31.36507257738817
Cơ cấu (%),"Máy móc, phương tiện vận tảI và phụ tùng",2004,27.32852030729962
Cơ cấu (%),"Máy móc, phương tiện vận tảI và phụ tùng",2005,25.16872454850372
Cơ cấu (%),"Máy móc, phương tiện vận tảI và phụ tùng",2006,24.07091828892587
Cơ cấu (%),"Máy móc, phương tiện vận tảI và phụ tùng",2007,28.45516667808498
Cơ cấu (%),"Máy móc, phương tiện vận tảI và phụ tùng",2008,27.78372471621953
Cơ cấu (%),"Máy móc, phương tiện vận tảI và phụ tùng",2009,31.32005123747656
Cơ cấu (%),"Máy móc, phương tiện vận tảI và phụ tùng",2010,29.1300186471724
Cơ cấu (%),"Máy móc, phương tiện vận tảI và phụ tùng",2011,29.12614356186147
Cơ cấu (%),"Máy móc, phương tiện vận tảI và phụ tùng",2012,34.17574555898907
Cơ cấu (%),"Máy móc, phương tiện vận tảI và phụ tùng",2013,37.43007408776317
Cơ cấu (%),"Máy móc, phương tiện vận tảI và phụ tùng",2014,37.2
Cơ cấu (%),"Máy móc, phương tiện vận tảI và phụ tùng",2015,42.3
Cơ cấu (%),"Máy móc, phương tiện vận tảI và phụ tùng",2016,42.6
Cơ cấu (%),"Máy móc, phương tiện vận tảI và phụ tùng",2017,43
Cơ cấu (%),"Máy móc, phương tiện vận tảI và phụ tùng",2018,40.4
Cơ cấu (%),"Máy móc, phương tiện vận tảI và phụ tùng",2019,43.2
Cơ cấu (%),"Máy móc, phương tiện vận tảI và phụ tùng",2020,47.35028899538145
Cơ cấu (%),"Máy móc, phương tiện vận tảI và phụ tùng",2021,45.92972623172616
Cơ cấu (%),"Máy móc, phương tiện vận tảI và phụ tùng",2022,44.4
Cơ cấu (%),"Máy móc, phương tiện vận tảI và phụ tùng",2023,39.7
Cơ cấu (%),"Máy móc, phương tiện vận tảI và phụ tùng",Sơ bộ 2024,42.2
Cơ cấu (%),Hàng chế biến khác,1995,13.4953527723962
Cơ cấu (%),Hàng chế biến khác,1996,12.28597580674109
Cơ cấu (%),Hàng chế biến khác,1997,11.82937385021037
Cơ cấu (%),Hàng chế biến khác,1998,12.96627949738518
Cơ cấu (%),Hàng chế biến khác,1999,10.5718036578776
Cơ cấu (%),Hàng chế biến khác,2000,10.14549291721293
Cơ cấu (%),Hàng chế biến khác,2001,8.924090048649948
Cơ cấu (%),Hàng chế biến khác,2002,7.225913621262459
Cơ cấu (%),Hàng chế biến khác,2003,6.237775085326936
Cơ cấu (%),Hàng chế biến khác,2004,5.615162283226145
Cơ cấu (%),Hàng chế biến khác,2005,5.164970580314518
Cơ cấu (%),Hàng chế biến khác,2006,4.998540913455006
Cơ cấu (%),Hàng chế biến khác,2007,4.36073143024662
Cơ cấu (%),Hàng chế biến khác,2008,4.191972128681836
Cơ cấu (%),Hàng chế biến khác,2009,4.738608811016057
Cơ cấu (%),Hàng chế biến khác,2010,5.016820173835965
Cơ cấu (%),Hàng chế biến khác,2011,4.514106817998723
Cơ cấu (%),Hàng chế biến khác,2012,4.844771155664772
Cơ cấu (%),Hàng chế biến khác,2013,4.943400342036739
Cơ cấu (%),Hàng chế biến khác,2014,5.1
Cơ cấu (%),Hàng chế biến khác,2015,5.3
Cơ cấu (%),Hàng chế biến khác,2016,6.1
Cơ cấu (%),Hàng chế biến khác,2017,7
Cơ cấu (%),Hàng chế biến khác,2018,7
Cơ cấu (%),Hàng chế biến khác,2019,6.8
Cơ cấu (%),Hàng chế biến khác,2020,6.649827992347874
Cơ cấu (%),Hàng chế biến khác,2021,5.403858876002357
Cơ cấu (%),Hàng chế biến khác,2022,5.2
Cơ cấu (%),Hàng chế biến khác,2023,10.5
Cơ cấu (%),Hàng chế biến khác,Sơ bộ 2024,9.6
Cơ cấu (%),Hàng hoá không thuộc các nhóm trên,1995,0
Cơ cấu (%),Hàng hoá không thuộc các nhóm trên,1996,0.223446642018737
Cơ cấu (%),Hàng hoá không thuộc các nhóm trên,1997,0.235465874097184
Cơ cấu (%),Hàng hoá không thuộc các nhóm trên,1998,0.041827465444296
Cơ cấu (%),Hàng hoá không thuộc các nhóm trên,1999,0.060023564870033
Cơ cấu (%),Hàng hoá không thuộc các nhóm trên,2000,0.049243756595146
Cơ cấu (%),Hàng hoá không thuộc các nhóm trên,2001,0
Cơ cấu (%),Hàng hoá không thuộc các nhóm trên,2002,0.066850336277449
Cơ cấu (%),Hàng hoá không thuộc các nhóm trên,2003,0.717458959922077
Cơ cấu (%),Hàng hoá không thuộc các nhóm trên,2004,1.773604264157554
Cơ cấu (%),Hàng hoá không thuộc các nhóm trên,2005,2.230074725729099
Cơ cấu (%),Hàng hoá không thuộc các nhóm trên,2006,4.185239390435966
Cơ cấu (%),Hàng hoá không thuộc các nhóm trên,2007,2.096879296802183
Cơ cấu (%),Hàng hoá không thuộc các nhóm trên,2008,3.38021503138249
Cơ cấu (%),Hàng hoá không thuộc các nhóm trên,2009,0.546971499153667
Cơ cấu (%),Hàng hoá không thuộc các nhóm trên,2010,1.137925425454923
Cơ cấu (%),Hàng hoá không thuộc các nhóm trên,2011,1.942579751905858
Cơ cấu (%),Hàng hoá không thuộc các nhóm trên,2012,0.088855374036302
Cơ cấu (%),Hàng hoá không thuộc các nhóm trên,2013,0.089220389509863
Cơ cấu (%),Hàng hoá không thuộc các nhóm trên,2014,0.1
Cơ cấu (%),Hàng hoá không thuộc các nhóm trên,2015,0.1
Cơ cấu (%),Hàng hoá không thuộc các nhóm trên,2016,0.1
Cơ cấu (%),Hàng hoá không thuộc các nhóm trên,2017,0.1
Cơ cấu (%),Hàng hoá không thuộc các nhóm trên,2018,0.1
Cơ cấu (%),Hàng hoá không thuộc các nhóm trên,2019,0.1
Cơ cấu (%),Hàng hoá không thuộc các nhóm trên,2020,0.082434258515089
Cơ cấu (%),Hàng hoá không thuộc các nhóm trên,2021,0.257361471554271
Cơ cấu (%),Hàng hoá không thuộc các nhóm trên,2022,0.1
Cơ cấu (%),Hàng hoá không thuộc các nhóm trên,2023,0.1
Cơ cấu (%),Hàng hoá không thuộc các nhóm trên,Sơ bộ 2024,0.1
Cơ cấu (%),Hàng thô hoặc mới sơ chế,1995,23.47524339701302
Cơ cấu (%),Hàng thô hoặc mới sơ chế,1996,19.2541010086507
Cơ cấu (%),Hàng thô hoặc mới sơ chế,1997,18.42985427098485
Cơ cấu (%),Hàng thô hoặc mới sơ chế,1998,17.24264651852439
Cơ cấu (%),Hàng thô hoặc mới sơ chế,1999,19.28568721573864
Cơ cấu (%),Hàng thô hoặc mới sơ chế,2000,22.56003581364116
Cơ cấu (%),Hàng thô hoặc mới sơ chế,2001,22.7285900147368
Cơ cấu (%),Hàng thô hoặc mới sơ chế,2002,21.27360019447371
Cơ cấu (%),Hàng thô hoặc mới sơ chế,2003,20.91677951203288
Cơ cấu (%),Hàng thô hoặc mới sơ chế,2004,22.88950476714797
Cơ cấu (%),Hàng thô hoặc mới sơ chế,2005,25.32078746283436
Cơ cấu (%),Hàng thô hoặc mới sơ chế,2006,25.57589366266365
Cơ cấu (%),Hàng thô hoặc mới sơ chế,2007,24.56922442073331
Cơ cấu (%),Hàng thô hoặc mới sơ chế,2008,26.96701183688538
Cơ cấu (%),Hàng thô hoặc mới sơ chế,2009,23.3610869664669
Cơ cấu (%),Hàng thô hoặc mới sơ chế,2010,23.53009125563128
Cơ cấu (%),Hàng thô hoặc mới sơ chế,2011,25.87358477486609
Cơ cấu (%),Hàng thô hoặc mới sơ chế,2012,23.640978586821632
Cơ cấu (%),Hàng thô hoặc mới sơ chế,2013,20.9887558072779
Cơ cấu (%),Hàng thô hoặc mới sơ chế,2014,20.8
Cơ cấu (%),Hàng thô hoặc mới sơ chế,2015,17.7
Cơ cấu (%),Hàng thô hoặc mới sơ chế,2016,17
Cơ cấu (%),Hàng thô hoặc mới sơ chế,2017,17.5
Cơ cấu (%),Hàng thô hoặc mới sơ chế,2018,19.3
Cơ cấu (%),Hàng thô hoặc mới sơ chế,2019,18.4
Cơ cấu (%),Hàng thô hoặc mới sơ chế,2020,16.84849507365856
Cơ cấu (%),Hàng thô hoặc mới sơ chế,2021,18.63280844285706
Cơ cấu (%),Hàng thô hoặc mới sơ chế,2022,21
Cơ cấu (%),Hàng thô hoặc mới sơ chế,2023,21.5
Cơ cấu (%),Hàng thô hoặc mới sơ chế,Sơ bộ 2024,19.6
Cơ cấu (%),Hàng chế biến hoặc đã tinh chế,1995,76.52475660298698
Cơ cấu (%),Hàng chế biến hoặc đã tinh chế,1996,80.52245234933055
Cơ cấu (%),Hàng chế biến hoặc đã tinh chế,1997,81.33467985491797
Cơ cấu (%),Hàng chế biến hoặc đã tinh chế,1998,82.71552601603132
Cơ cấu (%),Hàng chế biến hoặc đã tinh chế,1999,80.65427218659765
Cơ cấu (%),Hàng chế biến hoặc đã tinh chế,2000,77.39072042976369
Cơ cấu (%),Hàng chế biến hoặc đã tinh chế,2001,77.27140998526319
Cơ cấu (%),Hàng chế biến hoặc đã tinh chế,2002,78.65954946924884
Cơ cấu (%),Hàng chế biến hoặc đã tinh chế,2003,78.36576152804506
Cơ cấu (%),Hàng chế biến hoặc đã tinh chế,2004,75.33689096869448
Cơ cấu (%),Hàng chế biến hoặc đã tinh chế,2005,72.44913781143654
Cơ cấu (%),Hàng chế biến hoặc đã tinh chế,2006,70.23886694690039
Cơ cấu (%),Hàng chế biến hoặc đã tinh chế,2007,73.33389628246452
Cơ cấu (%),Hàng chế biến hoặc đã tinh chế,2008,69.65277313173212
Cơ cấu (%),Hàng chế biến hoặc đã tinh chế,2009,76.09194153437943
Cơ cấu (%),Hàng chế biến hoặc đã tinh chế,2010,75.33198331891379
Cơ cấu (%),Hàng chế biến hoặc đã tinh chế,2011,72.18383547322806
Cơ cấu (%),Hàng chế biến hoặc đã tinh chế,2012,76.27016603914207
Cơ cấu (%),Hàng chế biến hoặc đã tinh chế,2013,78.92202380321224
Cơ cấu (%),Hàng chế biến hoặc đã tinh chế,2014,79.1
Cơ cấu (%),Hàng chế biến hoặc đã tinh chế,2015,82.2
Cơ cấu (%),Hàng chế biến hoặc đã tinh chế,2016,82.9
Cơ cấu (%),Hàng chế biến hoặc đã tinh chế,2017,82.4
Cơ cấu (%),Hàng chế biến hoặc đã tinh chế,2018,80.6
Cơ cấu (%),Hàng chế biến hoặc đã tinh chế,2019,81.5
Cơ cấu (%),Hàng chế biến hoặc đã tinh chế,2020,83.06907066782634
Cơ cấu (%),Hàng chế biến hoặc đã tinh chế,2021,81.10983008558867
Cơ cấu (%),Hàng chế biến hoặc đã tinh chế,2022,78.9
Cơ cấu (%),Hàng chế biến hoặc đã tinh chế,2023,78.4
Cơ cấu (%),Hàng chế biến hoặc đã tinh chế,Sơ bộ 2024,80.3
