"Khối nước, nước và vùng lãnh thổ chủ yếu",Năm,Giá trị
TỔNG SỐ,1995,8155.4
TỔNG SỐ,1996,11143.6
TỔNG SỐ,1997,11592.3
TỔNG SỐ,1998,11499.6
TỔNG SỐ,1999,11742.1
TỔNG SỐ,2000,15636.5
TỔNG SỐ,2001,16218
TỔNG SỐ,2002,19745.6
TỔNG SỐ,2003,25255.8
TỔNG SỐ,2004,31968.8
TỔNG SỐ,2005,36761.1
TỔNG SỐ,2006,44891.1
TỔNG SỐ,2007,62764.7
TỔNG SỐ,2008,80713.8
TỔNG SỐ,2009,69948.8
TỔNG SỐ,2010,84838.6
TỔNG SỐ,2011,106749.8
TỔNG SỐ,2012,113780.4
TỔNG SỐ,2013,132032.6
TỔNG SỐ,2014,147849.1
TỔNG SỐ,2015,165775.873
TỔNG SỐ,2016,174978.374
TỔNG SỐ,2017,213215.324
TỔNG SỐ,2018,237241.5518952
TỔNG SỐ,2019,253696.499
TỔNG SỐ,2020,262791.04604247
TỔNG SỐ,2021,332969.689169964
TỔNG SỐ,2022,359780.1473307
TỔNG SỐ,2023,326606.9
TỔNG SỐ,Sơ bộ 2024,380990.6
ASEAN,1995,2270.1
ASEAN,1996,2905.53
ASEAN,1997,3220.49
ASEAN,1998,3344.4
ASEAN,1999,3290.9
ASEAN,2000,4449
ASEAN,2001,4172.3
ASEAN,2002,4769.2
ASEAN,2003,5949.3
ASEAN,2004,7768.5
ASEAN,2005,9326.3
ASEAN,2006,12546.6
ASEAN,2007,15908.2
ASEAN,2008,19567.7
ASEAN,2009,16461.3
ASEAN,2010,16407.5
ASEAN,2011,20910.2
ASEAN,2012,20820.3
ASEAN,2013,21287.1
ASEAN,2014,22918.5
ASEAN,2015,23785.895
ASEAN,2016,24085.90305973
ASEAN,2017,28363.29
ASEAN,2018,31879.9456706
ASEAN,2019,32260.61740587
ASEAN,2020,30484.88765447
ASEAN,2021,41197.75913486
ASEAN,2022,47312.16038926
ASEAN,2023,41013.114
ASEAN,Sơ bộ 2024,46965.49913
APEC,1995,6493.6
APEC,1996,8959.066
APEC,1997,9391.503
APEC,1998,9444.498
APEC,1999,9578.8
APEC,2000,13242.9
APEC,2001,13185.9
APEC,2002,16296.8
APEC,2003,20560.1
APEC,2004,26386
APEC,2005,30686.8
APEC,2006,37467.7
APEC,2007,52637.9
APEC,2008,67232.2
APEC,2009,58925.1
APEC,2010,69924.6
APEC,2011,86518.6
APEC,2012,94259.8
APEC,2013,108579
APEC,2014,122467.5
APEC,2015,137971.046
APEC,2016,146836.366714871
APEC,2017,180055
APEC,2018,199039.1217776
APEC,2019,212550.31105086
APEC,2020,220538.43017541
APEC,2021,274726.94364628
APEC,2022,298512.22463233
APEC,2023,267659.88019102
APEC,Sơ bộ 2024,
EU,1995,710.4
EU,1996,1153.205
EU,1997,1335.212
EU,1998,1246.276
EU,1999,1094.9
EU,2000,1317.4
EU,2001,1506.3
EU,2002,1840.6
EU,2003,2477.7
EU,2004,2681.8
EU,2005,2581.2
EU,2006,3129.2
EU,2007,5142.4
EU,2008,5581.5
EU,2009,5343.3
EU,2010,6361.7
EU,2011,7745.8
EU,2012,8791
EU,2013,9425.6
EU,2014,8842.7
EU,2015,10450.282
EU,2016,11169.61234338
EU,2017,12201.794
EU,2018,13949.7105795
EU,2019,14097.24588466
EU,2020,14660.26549964
EU,2021,16862.45916135
EU,2022,15423.64870743
EU,2023,14937.17138772
EU,Sơ bộ 2024,16739.8
OPEC,1995,213.7
OPEC,1996,207.159
OPEC,1997,317.71
OPEC,1998,337.155
OPEC,1999,396.8
OPEC,2000,525.9
OPEC,2001,435.8
OPEC,2002,628.6
OPEC,2003,878
OPEC,2004,1122
OPEC,2005,1301
OPEC,2006,1408.8
OPEC,2007,1758.6
OPEC,2008,2346.9
OPEC,2009,710.5
OPEC,2010,1440
OPEC,2011,2282.2
OPEC,2012,2314.6
OPEC,2013,2622.8
OPEC,2014,2801.3
OPEC,2015,2104.187
OPEC,2016,2169.48367833
OPEC,2017,2748.831
OPEC,2018,5300.3426829
OPEC,2019,5780.43931744
OPEC,2020,5311.74288533
OPEC,2021,7823.73286291
OPEC,2022,10207.56593971
OPEC,2023,9267.15694623
OPEC,Sơ bộ 2024,
Bru-nây,1995,
Bru-nây,1996,
Bru-nây,1997,
Bru-nây,1998,
Bru-nây,1999,
Bru-nây,2000,
Bru-nây,2001,
Bru-nây,2002,
Bru-nây,2003,
Bru-nây,2004,
Bru-nây,2005,
Bru-nây,2006,
Bru-nây,2007,
Bru-nây,2008,
Bru-nây,2009,
Bru-nây,2010,10
Bru-nây,2011,189.2
Bru-nây,2012,610.6
Bru-nây,2013,607
Bru-nây,2014,102.3
Bru-nây,2015,48.10850416
Bru-nây,2016,70.50947054
Bru-nây,2017,51.656
Bru-nây,2018,36.6688248
Bru-nây,2019,192.14021019
Bru-nây,2020,265.55353588
Bru-nây,2021,258.14994957
Bru-nây,2022,634.90511255
Bru-nây,2023,175.2507166
Bru-nây,Sơ bộ 2024,526.895618
Cam-pu-chia,1995,23.5
Cam-pu-chia,1996,17.86
Cam-pu-chia,1997,24.679
Cam-pu-chia,1998,42.06
Cam-pu-chia,1999,12.7
Cam-pu-chia,2000,37.3
Cam-pu-chia,2001,22.8
Cam-pu-chia,2002,65.4
Cam-pu-chia,2003,94.7
Cam-pu-chia,2004,130.6
Cam-pu-chia,2005,160.2
Cam-pu-chia,2006,169.5
Cam-pu-chia,2007,205.5
Cam-pu-chia,2008,214.3
Cam-pu-chia,2009,197.1
Cam-pu-chia,2010,276.6
Cam-pu-chia,2011,429.6
Cam-pu-chia,2012,542.6
Cam-pu-chia,2013,503.6
Cam-pu-chia,2014,623.4
Cam-pu-chia,2015,949.48386616
Cam-pu-chia,2016,728.82802979
Cam-pu-chia,2017,1032.588
Cam-pu-chia,2018,972.0836069
Cam-pu-chia,2019,903.53666562
Cam-pu-chia,2020,1179.785773
Cam-pu-chia,2021,4710.75445516
Cam-pu-chia,2022,4823.14114759
Cam-pu-chia,2023,3669.42835709
Cam-pu-chia,Sơ bộ 2024,4780.118827
In-đô-nê-xi-a,1995,190
In-đô-nê-xi-a,1996,148.987
In-đô-nê-xi-a,1997,199.971
In-đô-nê-xi-a,1998,256.492
In-đô-nê-xi-a,1999,286.8
In-đô-nê-xi-a,2000,345.4
In-đô-nê-xi-a,2001,288.9
In-đô-nê-xi-a,2002,362.6
In-đô-nê-xi-a,2003,551.5
In-đô-nê-xi-a,2004,663.3
In-đô-nê-xi-a,2005,700
In-đô-nê-xi-a,2006,1012.8
In-đô-nê-xi-a,2007,1353.9
In-đô-nê-xi-a,2008,1728.9
In-đô-nê-xi-a,2009,1452.7
In-đô-nê-xi-a,2010,1909.2
In-đô-nê-xi-a,2011,2247.6
In-đô-nê-xi-a,2012,2247.4
In-đô-nê-xi-a,2013,2367.4
In-đô-nê-xi-a,2014,2488.5
In-đô-nê-xi-a,2015,2740.33631326
In-đô-nê-xi-a,2016,2992.4775868
In-đô-nê-xi-a,2017,3656.305
In-đô-nê-xi-a,2018,4938.3603172
In-đô-nê-xi-a,2019,5723.10127385
In-đô-nê-xi-a,2020,5381.80310665
In-đô-nê-xi-a,2021,7614.78772345
In-đô-nê-xi-a,2022,9627.78436796
In-đô-nê-xi-a,2023,8732.34638893
In-đô-nê-xi-a,Sơ bộ 2024,10517.004228
Lào,1995,84
Lào,1996,68.089
Lào,1997,52.676
Lào,1998,131.417
Lào,1999,197.4
Lào,2000,105.7
Lào,2001,68
Lào,2002,62.6
Lào,2003,60.7
Lào,2004,74.3
Lào,2005,97.5
Lào,2006,166.6
Lào,2007,211.3
Lào,2008,278.7
Lào,2009,254.2
Lào,2010,291.7
Lào,2011,460
Lào,2012,450.9
Lào,2013,668.7
Lào,2014,802.1
Lào,2015,588.32257622
Lào,2016,347.11250634
Lào,2017,370.609
Lào,2018,438.4561483
Lào,2019,462.36498906
Lào,2020,458.15983323
Lào,2021,777.97805932
Lào,2022,1047.44499099
Lào,2023,1097.11630811
Lào,Sơ bộ 2024,1497.072058
Ma-lai-xi-a,1995,190.5
Ma-lai-xi-a,1996,200.29
Ma-lai-xi-a,1997,226.79
Ma-lai-xi-a,1998,248.957
Ma-lai-xi-a,1999,305
Ma-lai-xi-a,2000,388.9
Ma-lai-xi-a,2001,464.4
Ma-lai-xi-a,2002,683.3
Ma-lai-xi-a,2003,925
Ma-lai-xi-a,2004,1215.3
Ma-lai-xi-a,2005,1256.5
Ma-lai-xi-a,2006,1482
Ma-lai-xi-a,2007,2289.9
Ma-lai-xi-a,2008,2596.1
Ma-lai-xi-a,2009,2561.3
Ma-lai-xi-a,2010,3413.4
Ma-lai-xi-a,2011,3919.7
Ma-lai-xi-a,2012,3412
Ma-lai-xi-a,2013,4095.9
Ma-lai-xi-a,2014,4203.6
Ma-lai-xi-a,2015,4188.0275942
Ma-lai-xi-a,2016,5174.3131522
Ma-lai-xi-a,2017,5945.356
Ma-lai-xi-a,2018,7454.0175946
Ma-lai-xi-a,2019,7336.6963394
Ma-lai-xi-a,2020,6576.26032116
Ma-lai-xi-a,2021,8164.95188016
Ma-lai-xi-a,2022,9126.61682014
Ma-lai-xi-a,2023,7811.61648886
Ma-lai-xi-a,Sơ bộ 2024,9069.889486
My-an-ma,1995,
My-an-ma,1996,0.6
My-an-ma,1997,1.4
My-an-ma,1998,1.5
My-an-ma,1999,1.2
My-an-ma,2000,3.6
My-an-ma,2001,4
My-an-ma,2002,5.9
My-an-ma,2003,18.3
My-an-ma,2004,19.3
My-an-ma,2005,45.8
My-an-ma,2006,64.6
My-an-ma,2007,75.4
My-an-ma,2008,75.6
My-an-ma,2009,59.1
My-an-ma,2010,102.8
My-an-ma,2011,84.8
My-an-ma,2012,109.5
My-an-ma,2013,123.5
My-an-ma,2014,134.6
My-an-ma,2015,58.92042704
My-an-ma,2016,88.82748914
My-an-ma,2017,127.543
My-an-ma,2018,160.9285425
My-an-ma,2019,234.48826691
My-an-ma,2020,219.91416305
My-an-ma,2021,382.65075491
My-an-ma,2022,369.60153898
My-an-ma,2023,250.96558782
My-an-ma,Sơ bộ 2024,291.831038
Phi-li-pin,1995,24.7
Phi-li-pin,1996,28.939
Phi-li-pin,1997,36.33
Phi-li-pin,1998,67.676
Phi-li-pin,1999,47.5
Phi-li-pin,2000,62.9
Phi-li-pin,2001,53.5
Phi-li-pin,2002,100.6
Phi-li-pin,2003,140.9
Phi-li-pin,2004,188.4
Phi-li-pin,2005,209.9
Phi-li-pin,2006,342.6
Phi-li-pin,2007,414.2
Phi-li-pin,2008,389.1
Phi-li-pin,2009,450.7
Phi-li-pin,2010,700.3
Phi-li-pin,2011,805.1
Phi-li-pin,2012,964.5
Phi-li-pin,2013,952.3
Phi-li-pin,2014,674.9
Phi-li-pin,2015,898.93597567
Phi-li-pin,2016,1060.16537298
Phi-li-pin,2017,1158.332
Phi-li-pin,2018,1256.7020272
Phi-li-pin,2019,1578.12190556
Phi-li-pin,2020,1754.47693763
Phi-li-pin,2021,2406.46818146
Phi-li-pin,2022,2713.07675279
Phi-li-pin,2023,2653.66228386
Phi-li-pin,Sơ bộ 2024,2476.643844
Xin-ga-po,1995,1425.2
Xin-ga-po,1996,2032.599
Xin-ga-po,1997,2127.957
Xin-ga-po,1998,1963.966
Xin-ga-po,1999,1878.5
Xin-ga-po,2000,2694.3
Xin-ga-po,2001,2478.3
Xin-ga-po,2002,2533.5
Xin-ga-po,2003,2875.8
Xin-ga-po,2004,3618.4
Xin-ga-po,2005,4482.3
Xin-ga-po,2006,6273.9
Xin-ga-po,2007,7613.7
Xin-ga-po,2008,9378
Xin-ga-po,2009,7015.2
Xin-ga-po,2010,4101.1
Xin-ga-po,2011,6390.6
Xin-ga-po,2012,6691
Xin-ga-po,2013,5685.2
Xin-ga-po,2014,6834.7
Xin-ga-po,2015,6038.25894563
Xin-ga-po,2016,4768.52924893
Xin-ga-po,2017,5318.587
Xin-ga-po,2018,4576.6608415
Xin-ga-po,2019,4166.97570385
Xin-ga-po,2020,3681.88339862
Xin-ga-po,2021,4289.18270262
Xin-ga-po,2022,4847.72497953
Xin-ga-po,2023,4722.28172385
Xin-ga-po,Sơ bộ 2024,5353.601364
Thái Lan,1995,439.8
Thái Lan,1996,494.539
Thái Lan,1997,575.166
Thái Lan,1998,673.507
Thái Lan,1999,561.8
Thái Lan,2000,810.9
Thái Lan,2001,792.3
Thái Lan,2002,955.2
Thái Lan,2003,1282.2
Thái Lan,2004,1858.6
Thái Lan,2005,2374.1
Thái Lan,2006,3034.4
Thái Lan,2007,3744.2
Thái Lan,2008,4905.6
Thái Lan,2009,4471.1
Thái Lan,2010,5602.3
Thái Lan,2011,6383.6
Thái Lan,2012,5791.9
Thái Lan,2013,6283.4
Thái Lan,2014,7053.3
Thái Lan,2015,8275.50044208
Thái Lan,2016,8855.14020301
Thái Lan,2017,10702.329
Thái Lan,2018,12046.0677676
Thái Lan,2019,11663.19205143
Thái Lan,2020,10967.05058525
Thái Lan,2021,12592.83542821
Thái Lan,2022,14121.86467873
Thái Lan,2023,11900.44657271
Thái Lan,Sơ bộ 2024,12452.442667
Đài Loan,1995,901.3
Đài Loan,1996,1263.222
Đài Loan,1997,1484.658
Đài Loan,1998,1377.608
Đài Loan,1999,1566.4
Đài Loan,2000,1879.9
Đài Loan,2001,2008.7
Đài Loan,2002,2525.3
Đài Loan,2003,2915.5
Đài Loan,2004,3698.3
Đài Loan,2005,4304.2
Đài Loan,2006,4824.9
Đài Loan,2007,6946.7
Đài Loan,2008,8362.6
Đài Loan,2009,6112.9
Đài Loan,2010,6976.9
Đài Loan,2011,8556.8
Đài Loan,2012,8534.2
Đài Loan,2013,9402
Đài Loan,2014,11063.6
Đài Loan,2015,10951.27
Đài Loan,2016,11241.77914797
Đài Loan,2017,12709.685
Đài Loan,2018,13243.2922767
Đài Loan,2019,15162.51469504
Đài Loan,2020,16702.77512815
Đài Loan,2021,20779.69652909
Đài Loan,2022,22632.9381773
Đài Loan,2023,18421.67618604
Đài Loan,Sơ bộ 2024,22746.097266
Hàn Quốc,1995,1253.6
Hàn Quốc,1996,1781.42
Hàn Quốc,1997,1564.486
Hàn Quốc,1998,1420.86
Hàn Quốc,1999,1485.8
Hàn Quốc,2000,1753.6
Hàn Quốc,2001,1886.8
Hàn Quốc,2002,2279.6
Hàn Quốc,2003,2625.4
Hàn Quốc,2004,3359.4
Hàn Quốc,2005,3594.1
Hàn Quốc,2006,3908.4
Hàn Quốc,2007,5340.4
Hàn Quốc,2008,7255.2
Hàn Quốc,2009,6707.6
Hàn Quốc,2010,9757.6
Hàn Quốc,2011,13175.9
Hàn Quốc,2012,15535.4
Hàn Quốc,2013,20677.9
Hàn Quốc,2014,21728.5
Hàn Quốc,2015,27578.526
Hàn Quốc,2016,32193.12147704
Hàn Quốc,2017,46943.334
Hàn Quốc,2018,47629.3043539
Hàn Quốc,2019,47058.02669749
Hàn Quốc,2020,46926.00799746
Hàn Quốc,2021,56213.30850388
Hàn Quốc,2022,62167.60037716
Hàn Quốc,2023,52463.86373712
Hàn Quốc,Sơ bộ 2024,55987.800082
ĐKHC Hồng Công (TQ),1995,419
ĐKHC Hồng Công (TQ),1996,795.391
ĐKHC Hồng Công (TQ),1997,598.88
ĐKHC Hồng Công (TQ),1998,557.344
ĐKHC Hồng Công (TQ),1999,504.7
ĐKHC Hồng Công (TQ),2000,598.1
ĐKHC Hồng Công (TQ),2001,537.6
ĐKHC Hồng Công (TQ),2002,804.8
ĐKHC Hồng Công (TQ),2003,990.9
ĐKHC Hồng Công (TQ),2004,1074.3
ĐKHC Hồng Công (TQ),2005,1235
ĐKHC Hồng Công (TQ),2006,1440.8
ĐKHC Hồng Công (TQ),2007,1950.7
ĐKHC Hồng Công (TQ),2008,2633.3
ĐKHC Hồng Công (TQ),2009,2120.9
ĐKHC Hồng Công (TQ),2010,860.4
ĐKHC Hồng Công (TQ),2011,969.7
ĐKHC Hồng Công (TQ),2012,969.5
ĐKHC Hồng Công (TQ),2013,1049
ĐKHC Hồng Công (TQ),2014,1036.9
ĐKHC Hồng Công (TQ),2015,1320.362
ĐKHC Hồng Công (TQ),2016,1500.2839052
ĐKHC Hồng Công (TQ),2017,1664.884
ĐKHC Hồng Công (TQ),2018,1551.9550481
ĐKHC Hồng Công (TQ),2019,1317.96035902
ĐKHC Hồng Công (TQ),2020,1113.51237585
ĐKHC Hồng Công (TQ),2021,1633.38311068
ĐKHC Hồng Công (TQ),2022,1910.56788295
ĐKHC Hồng Công (TQ),2023,1625.8157987
ĐKHC Hồng Công (TQ),Sơ bộ 2024,1104.516068
Nhật Bản,1995,915.7
Nhật Bản,1996,1260.342
Nhật Bản,1997,1509.284
Nhật Bản,1998,1481.663
Nhật Bản,1999,1618.3
Nhật Bản,2000,2300.9
Nhật Bản,2001,2183.1
Nhật Bản,2002,2504.7
Nhật Bản,2003,2982.1
Nhật Bản,2004,3552.6
Nhật Bản,2005,4074.1
Nhật Bản,2006,4702.1
Nhật Bản,2007,6188.9
Nhật Bản,2008,8240.3
Nhật Bản,2009,6836.4
Nhật Bản,2010,9016.1
Nhật Bản,2011,10400.7
Nhật Bản,2012,11602.1
Nhật Bản,2013,11558.3
Nhật Bản,2014,12857
Nhật Bản,2015,14225.051
Nhật Bản,2016,15098.32264727
Nhật Bản,2017,16916.806
Nhật Bản,2018,19108.1483879
Nhật Bản,2019,19621.14482014
Nhật Bản,2020,20369.1411932
Nhật Bản,2021,22805.92101156
Nhật Bản,2022,23406.54304969
Nhật Bản,2023,21662.95391447
Nhật Bản,Sơ bộ 2024,21622.233459
CHND Trung Hoa,1995,329.7
CHND Trung Hoa,1996,328.982
CHND Trung Hoa,1997,404.371
CHND Trung Hoa,1998,514.991
CHND Trung Hoa,1999,673.1
CHND Trung Hoa,2000,1401.1
CHND Trung Hoa,2001,1606.2
CHND Trung Hoa,2002,2158.8
CHND Trung Hoa,2003,3138.6
CHND Trung Hoa,2004,4595.1
CHND Trung Hoa,2005,5899.7
CHND Trung Hoa,2006,7391.3
CHND Trung Hoa,2007,12710
CHND Trung Hoa,2008,15973.6
CHND Trung Hoa,2009,15411.3
CHND Trung Hoa,2010,20203.6
CHND Trung Hoa,2011,24866.4
CHND Trung Hoa,2012,29035
CHND Trung Hoa,2013,36886.5
CHND Trung Hoa,2014,43647.6
CHND Trung Hoa,2015,49458.014
CHND Trung Hoa,2016,50018.80333899
CHND Trung Hoa,2017,58532.584
CHND Trung Hoa,2018,65573.225035
CHND Trung Hoa,2019,75508.20205523
CHND Trung Hoa,2020,84195.69839927
CHND Trung Hoa,2021,110075.43299487
CHND Trung Hoa,2022,117830.93278852
CHND Trung Hoa,2023,110656.42174507
CHND Trung Hoa,Sơ bộ 2024,144203.108225
Ấn Độ,1995,61.5
Ấn Độ,1996,88.447
Ấn Độ,1997,84.762
Ấn Độ,1998,108.658
Ấn Độ,1999,137.9
Ấn Độ,2000,178.4
Ấn Độ,2001,228
Ấn Độ,2002,324.7
Ấn Độ,2003,457.1
Ấn Độ,2004,593.5
Ấn Độ,2005,596
Ấn Độ,2006,880.3
Ấn Độ,2007,1357
Ấn Độ,2008,2094.3
Ấn Độ,2009,1536.1
Ấn Độ,2010,1762
Ấn Độ,2011,2346.4
Ấn Độ,2012,2160.5
Ấn Độ,2013,2879.3
Ấn Độ,2014,3111
Ấn Độ,2015,2655.163
Ấn Độ,2016,2745.5346095
Ấn Độ,2017,3954.592
Ấn Độ,2018,4149.8872609
Ấn Độ,2019,4528.28110478
Ấn Độ,2020,4436.51828814
Ấn Độ,2021,6964.34154819
Ấn Độ,2022,7103.96198423
Ấn Độ,2023,5863.0510332
Ấn Độ,Sơ bộ 2024,5832.21485
Pa-ki-xtan,1995,14.6
Pa-ki-xtan,1996,4.7
Pa-ki-xtan,1997,12.5
Pa-ki-xtan,1998,6.7
Pa-ki-xtan,1999,5.2
Pa-ki-xtan,2000,16.1
Pa-ki-xtan,2001,14.3
Pa-ki-xtan,2002,27.6
Pa-ki-xtan,2003,17.4
Pa-ki-xtan,2004,30.2
Pa-ki-xtan,2005,38.3
Pa-ki-xtan,2006,32.5
Pa-ki-xtan,2007,53.1
Pa-ki-xtan,2008,54.7
Pa-ki-xtan,2009,83.5
Pa-ki-xtan,2010,109.6
Pa-ki-xtan,2011,156
Pa-ki-xtan,2012,215.9
Pa-ki-xtan,2013,143.1
Pa-ki-xtan,2014,144.4
Pa-ki-xtan,2015,159.968
Pa-ki-xtan,2016,128.84200608
Pa-ki-xtan,2017,130.32
Pa-ki-xtan,2018,172.5815703
Pa-ki-xtan,2019,160.04707032
Pa-ki-xtan,2020,117.54908578
Pa-ki-xtan,2021,196.3495093
Pa-ki-xtan,2022,303.56162566
Pa-ki-xtan,2023,318.76522813
Pa-ki-xtan,Sơ bộ 2024,327.665821
A-rập Xê-út,1995,5.9
A-rập Xê-út,1996,24.8
A-rập Xê-út,1997,22.2
A-rập Xê-út,1998,17.1
A-rập Xê-út,1999,18
A-rập Xê-út,2000,14
A-rập Xê-út,2001,23.2
A-rập Xê-út,2002,28.8
A-rập Xê-út,2003,38.4
A-rập Xê-út,2004,65.7
A-rập Xê-út,2005,91.3
A-rập Xê-út,2006,102.3
A-rập Xê-út,2007,131.2
A-rập Xê-út,2008,173.2
A-rập Xê-út,2009,268.3
A-rập Xê-út,2010,601.5
A-rập Xê-út,2011,783.5
A-rập Xê-út,2012,886.5
A-rập Xê-út,2013,1238.8
A-rập Xê-út,2014,1336.9
A-rập Xê-út,2015,1105.81
A-rập Xê-út,2016,1165.27742074
A-rập Xê-út,2017,1308.62
A-rập Xê-út,2018,1482.4111768
A-rập Xê-út,2019,1204.74319828
A-rập Xê-út,2020,1150.91094521
A-rập Xê-út,2021,1649.20085185
A-rập Xê-út,2022,1917.28471163
A-rập Xê-út,2023,1553.58514985
A-rập Xê-út,Sơ bộ 2024,1463.613861
Các Tiểu vương quốc Ả-rập Thống nhất,1995,14.9
Các Tiểu vương quốc Ả-rập Thống nhất,1996,2.7
Các Tiểu vương quốc Ả-rập Thống nhất,1997,4.5
Các Tiểu vương quốc Ả-rập Thống nhất,1998,5.8
Các Tiểu vương quốc Ả-rập Thống nhất,1999,11.4
Các Tiểu vương quốc Ả-rập Thống nhất,2000,8.8
Các Tiểu vương quốc Ả-rập Thống nhất,2001,10.1
Các Tiểu vương quốc Ả-rập Thống nhất,2002,28.3
Các Tiểu vương quốc Ả-rập Thống nhất,2003,53.5
Các Tiểu vương quốc Ả-rập Thống nhất,2004,54
Các Tiểu vương quốc Ả-rập Thống nhất,2005,69.2
Các Tiểu vương quốc Ả-rập Thống nhất,2006,44
Các Tiểu vương quốc Ả-rập Thống nhất,2007,110.2
Các Tiểu vương quốc Ả-rập Thống nhất,2008,132.4
Các Tiểu vương quốc Ả-rập Thống nhất,2009,189.8
Các Tiểu vương quốc Ả-rập Thống nhất,2010,223.3
Các Tiểu vương quốc Ả-rập Thống nhất,2011,384.6
Các Tiểu vương quốc Ả-rập Thống nhất,2012,303.8
Các Tiểu vương quốc Ả-rập Thống nhất,2013,326.2
Các Tiểu vương quốc Ả-rập Thống nhất,2014,466.1
Các Tiểu vương quốc Ả-rập Thống nhất,2015,521.548
Các Tiểu vương quốc Ả-rập Thống nhất,2016,450.36892673
Các Tiểu vương quốc Ả-rập Thống nhất,2017,569.834
Các Tiểu vương quốc Ả-rập Thống nhất,2018,468.6001185
Các Tiểu vương quốc Ả-rập Thống nhất,2019,395.63748548
Các Tiểu vương quốc Ả-rập Thống nhất,2020,416.63112952
Các Tiểu vương quốc Ả-rập Thống nhất,2021,575.86972991
Các Tiểu vương quốc Ả-rập Thống nhất,2022,582.60004757
Các Tiểu vương quốc Ả-rập Thống nhất,2023,682.0960289
Các Tiểu vương quốc Ả-rập Thống nhất,Sơ bộ 2024,849.412582
Cô-Oét,1995,
Cô-Oét,1996,27.6
Cô-Oét,1997,84.1
Cô-Oét,1998,43.2
Cô-Oét,1999,48.6
Cô-Oét,2000,112.5
Cô-Oét,2001,45.7
Cô-Oét,2002,151.1
Cô-Oét,2003,172.5
Cô-Oét,2004,256.5
Cô-Oét,2005,358.7
Cô-Oét,2006,144.9
Cô-Oét,2007,21.8
Cô-Oét,2008,77
Cô-Oét,2009,21.2
Cô-Oét,2010,372.8
Cô-Oét,2011,807.9
Cô-Oét,2012,708.7
Cô-Oét,2013,704.8
Cô-Oét,2014,611.1
Cô-Oét,2015,130.606
Cô-Oét,2016,110.35943099
Cô-Oét,2017,287.977
Cô-Oét,2018,2603.8455212
Cô-Oét,2019,3545.4313918
Cô-Oét,2020,3168.07813971
Cô-Oét,2021,4709.95283501
Cô-Oét,2022,6562.29150836
Cô-Oét,2023,5857.0862773
Cô-Oét,Sơ bộ 2024,7252.187267
I-xra-en,1995,1.1
I-xra-en,1996,6.1
I-xra-en,1997,5.2
I-xra-en,1998,12.3
I-xra-en,1999,17.4
I-xra-en,2000,7.3
I-xra-en,2001,14.3
I-xra-en,2002,16.9
I-xra-en,2003,21.6
I-xra-en,2004,34.9
I-xra-en,2005,36.2
I-xra-en,2006,41.3
I-xra-en,2007,82.8
I-xra-en,2008,76.9
I-xra-en,2009,115.5
I-xra-en,2010,124.9
I-xra-en,2011,205.2
I-xra-en,2012,158.9
I-xra-en,2013,204.4
I-xra-en,2014,570.1
I-xra-en,2015,1161.387
I-xra-en,2016,688.26861835
I-xra-en,2017,344.962
I-xra-en,2018,420.6565445
I-xra-en,2019,381.92928408
I-xra-en,2020,893.20085876
I-xra-en,2021,1109.71393856
I-xra-en,2022,1442.21364692
I-xra-en,2023,2053.24952592
I-xra-en,Sơ bộ 2024,2452.157082
Qua-ta,1995,0.3
Qua-ta,1996,2.7
Qua-ta,1997,1.2
Qua-ta,1998,8.4
Qua-ta,1999,11.7
Qua-ta,2000,10.3
Qua-ta,2001,39.6
Qua-ta,2002,31.3
Qua-ta,2003,26.5
Qua-ta,2004,25.6
Qua-ta,2005,29
Qua-ta,2006,19.7
Qua-ta,2007,67.3
Qua-ta,2008,71.5
Qua-ta,2009,114.4
Qua-ta,2010,83.3
Qua-ta,2011,178.4
Qua-ta,2012,233.5
Qua-ta,2013,253.2
Qua-ta,2014,220.3
Qua-ta,2015,187.567
Qua-ta,2016,181.28304192
Qua-ta,2017,138.253
Qua-ta,2018,291.2545808
Qua-ta,2019,179.87653996
Qua-ta,2020,174.41738702
Qua-ta,2021,315.54408738
Qua-ta,2022,295.34433951
Qua-ta,2023,285.5776657
Qua-ta,Sơ bộ 2024,579.754766
Síp,1995,6.2
Síp,1996,1.7
Síp,1997,1.4
Síp,1998,0.7
Síp,1999,0.6
Síp,2000,4.6
Síp,2001,10.5
Síp,2002,3.2
Síp,2003,4.2
Síp,2004,8.6
Síp,2005,10.7
Síp,2006,6.9
Síp,2007,8.1
Síp,2008,15.8
Síp,2009,12.4
Síp,2010,10.7
Síp,2011,10.8
Síp,2012,11.2
Síp,2013,11.1
Síp,2014,17.7
Síp,2015,25.298
Síp,2016,35.56708436
Síp,2017,44.557
Síp,2018,49.3460344
Síp,2019,44.78655282
Síp,2020,61.31039101
Síp,2021,46.84835859
Síp,2022,45.80390641
Síp,2023,45.81680792
Síp,Sơ bộ 2024,45.472916
Thổ Nhĩ Kỳ,1995,5.8
Thổ Nhĩ Kỳ,1996,16.5
Thổ Nhĩ Kỳ,1997,36.7
Thổ Nhĩ Kỳ,1998,3
Thổ Nhĩ Kỳ,1999,4.8
Thổ Nhĩ Kỳ,2000,2
Thổ Nhĩ Kỳ,2001,8
Thổ Nhĩ Kỳ,2002,15.6
Thổ Nhĩ Kỳ,2003,24.8
Thổ Nhĩ Kỳ,2004,31.4
Thổ Nhĩ Kỳ,2005,43
Thổ Nhĩ Kỳ,2006,28.3
Thổ Nhĩ Kỳ,2007,41.6
Thổ Nhĩ Kỳ,2008,111
Thổ Nhĩ Kỳ,2009,141
Thổ Nhĩ Kỳ,2010,107.7
Thổ Nhĩ Kỳ,2011,80.2
Thổ Nhĩ Kỳ,2012,90.1
Thổ Nhĩ Kỳ,2013,96.1
Thổ Nhĩ Kỳ,2014,129
Thổ Nhĩ Kỳ,2015,147.338
Thổ Nhĩ Kỳ,2016,171.38364433
Thổ Nhĩ Kỳ,2017,222.985
Thổ Nhĩ Kỳ,2018,285.7106366
Thổ Nhĩ Kỳ,2019,352.29184161
Thổ Nhĩ Kỳ,2020,275.98047234
Thổ Nhĩ Kỳ,2021,387.26833305
Thổ Nhĩ Kỳ,2022,419.94769739
Thổ Nhĩ Kỳ,2023,468.91923315
Thổ Nhĩ Kỳ,Sơ bộ 2024,442.789178
Ba Lan,1995,22
Ba Lan,1996,24.477
Ba Lan,1997,17.648
Ba Lan,1998,11.618
Ba Lan,1999,13.7
Ba Lan,2000,18.4
Ba Lan,2001,18.2
Ba Lan,2002,14.2
Ba Lan,2003,38
Ba Lan,2004,38.9
Ba Lan,2005,42.9
Ba Lan,2006,57.8
Ba Lan,2007,109.6
Ba Lan,2008,116
Ba Lan,2009,74.4
Ba Lan,2010,105.6
Ba Lan,2011,124.3
Ba Lan,2012,163.7
Ba Lan,2013,150.6
Ba Lan,2014,150.6
Ba Lan,2015,175.4
Ba Lan,2016,191.74516678
Ba Lan,2017,229.592
Ba Lan,2018,266.6144714
Ba Lan,2019,298.94231767
Ba Lan,2020,340.60674829
Ba Lan,2021,510.08849768
Ba Lan,2022,375.26188402
Ba Lan,2023,373.60504994
Ba Lan,Sơ bộ 2024,387.737747
Bê-la-rút,1995,2.3
Bê-la-rút,1996,2.7
Bê-la-rút,1997,3.7
Bê-la-rút,1998,6.7
Bê-la-rút,1999,5.6
Bê-la-rút,2000,15.8
Bê-la-rút,2001,6.1
Bê-la-rút,2002,11.1
Bê-la-rút,2003,6.2
Bê-la-rút,2004,11.2
Bê-la-rút,2005,23
Bê-la-rút,2006,22.7
Bê-la-rút,2007,65.1
Bê-la-rút,2008,96.5
Bê-la-rút,2009,63.1
Bê-la-rút,2010,85.7
Bê-la-rút,2011,199.3
Bê-la-rút,2012,167.2
Bê-la-rút,2013,138.2
Bê-la-rút,2014,93.1
Bê-la-rút,2015,120.125
Bê-la-rút,2016,92.01732421
Bê-la-rút,2017,94.34
Bê-la-rút,2018,81.4813298
Bê-la-rút,2019,90.59069516
Bê-la-rút,2020,77.45537537
Bê-la-rút,2021,109.52611937
Bê-la-rút,2022,53.77585166
Bê-la-rút,2023,41.05263638
Bê-la-rút,Sơ bộ 2024,31.847386
Bun-ga-ri,1995,4
Bun-ga-ri,1996,1.446
Bun-ga-ri,1997,1.135
Bun-ga-ri,1998,0.905
Bun-ga-ri,1999,1.9
Bun-ga-ri,2000,4.5
Bun-ga-ri,2001,2.8
Bun-ga-ri,2002,2.3
Bun-ga-ri,2003,7.2
Bun-ga-ri,2004,2.7
Bun-ga-ri,2005,5.7
Bun-ga-ri,2006,7.4
Bun-ga-ri,2007,10.3
Bun-ga-ri,2008,16
Bun-ga-ri,2009,27.3
Bun-ga-ri,2010,49.2
Bun-ga-ri,2011,42.2
Bun-ga-ri,2012,21.7
Bun-ga-ri,2013,26.3
Bun-ga-ri,2014,39.4
Bun-ga-ri,2015,61.575
Bun-ga-ri,2016,171.02653781
Bun-ga-ri,2017,71.116
Bun-ga-ri,2018,52.5324942
Bun-ga-ri,2019,49.7940708
Bun-ga-ri,2020,60.51249608
Bun-ga-ri,2021,112.43725377
Bun-ga-ri,2022,62.79848863
Bun-ga-ri,2023,70.93678259
Bun-ga-ri,Sơ bộ 2024,76.010727
Hung-ga-ri,1995,19.3
Hung-ga-ri,1996,10.808
Hung-ga-ri,1997,19.017
Hung-ga-ri,1998,22.203
Hung-ga-ri,1999,13.9
Hung-ga-ri,2000,15.2
Hung-ga-ri,2001,14.7
Hung-ga-ri,2002,14
Hung-ga-ri,2003,19
Hung-ga-ri,2004,16.4
Hung-ga-ri,2005,18.5
Hung-ga-ri,2006,25.6
Hung-ga-ri,2007,28.9
Hung-ga-ri,2008,43
Hung-ga-ri,2009,66.7
Hung-ga-ri,2010,106.3
Hung-ga-ri,2011,117
Hung-ga-ri,2012,63.4
Hung-ga-ri,2013,87.6
Hung-ga-ri,2014,120.5
Hung-ga-ri,2015,129.373
Hung-ga-ri,2016,173.16007019
Hung-ga-ri,2017,147.902
Hung-ga-ri,2018,244.3305556
Hung-ga-ri,2019,337.81772947
Hung-ga-ri,2020,371.83344304
Hung-ga-ri,2021,532.17116726
Hung-ga-ri,2022,612.94714652
Hung-ga-ri,2023,429.70849941
Hung-ga-ri,Sơ bộ 2024,226.005322
Liên Bang Nga,1995,144.8
Liên Bang Nga,1996,186.509
Liên Bang Nga,1997,158.014
Liên Bang Nga,1998,216.304
Liên Bang Nga,1999,245.6
Liên Bang Nga,2000,240.5
Liên Bang Nga,2001,376.4
Liên Bang Nga,2002,500.6
Liên Bang Nga,2003,491.8
Liên Bang Nga,2004,671.5
Liên Bang Nga,2005,766.6
Liên Bang Nga,2006,455.8
Liên Bang Nga,2007,552.2
Liên Bang Nga,2008,969.6
Liên Bang Nga,2009,1288.1
Liên Bang Nga,2010,999.1
Liên Bang Nga,2011,694
Liên Bang Nga,2012,829.4
Liên Bang Nga,2013,855.1
Liên Bang Nga,2014,826.7
Liên Bang Nga,2015,748.249
Liên Bang Nga,2016,1136.83298272
Liên Bang Nga,2017,1392.33
Liên Bang Nga,2018,2136.9000114
Liên Bang Nga,2019,1830.34424701
Liên Bang Nga,2020,2002.98214203
Liên Bang Nga,2021,2335.8008176
Liên Bang Nga,2022,1994.55877514
Liên Bang Nga,2023,1889.6424398
Liên Bang Nga,Sơ bộ 2024,2248.938649
Ru-ma-ni,1995,
Ru-ma-ni,1996,0.2
Ru-ma-ni,1997,1
Ru-ma-ni,1998,1.1
Ru-ma-ni,1999,0.7
Ru-ma-ni,2000,2
Ru-ma-ni,2001,3.1
Ru-ma-ni,2002,1.8
Ru-ma-ni,2003,22.7
Ru-ma-ni,2004,12.1
Ru-ma-ni,2005,10.4
Ru-ma-ni,2006,7.3
Ru-ma-ni,2007,9
Ru-ma-ni,2008,12.7
Ru-ma-ni,2009,14.2
Ru-ma-ni,2010,32.1
Ru-ma-ni,2011,29
Ru-ma-ni,2012,21.9
Ru-ma-ni,2013,46.7
Ru-ma-ni,2014,51.3
Ru-ma-ni,2015,73.423
Ru-ma-ni,2016,168.39126006
Ru-ma-ni,2017,85.373
Ru-ma-ni,2018,71.4743732
Ru-ma-ni,2019,67.43697283
Ru-ma-ni,2020,68.19450537
Ru-ma-ni,2021,134.51535558
Ru-ma-ni,2022,102.59953866
Ru-ma-ni,2023,148.54380485
Ru-ma-ni,Sơ bộ 2024,155.546807
Cộng hòa Séc,1995,4
Cộng hòa Séc,1996,6.794
Cộng hòa Séc,1997,7.684
Cộng hòa Séc,1998,6.92
Cộng hòa Séc,1999,6.5
Cộng hòa Séc,2000,6.3
Cộng hòa Séc,2001,7.6
Cộng hòa Séc,2002,8.8
Cộng hòa Séc,2003,14.2
Cộng hòa Séc,2004,14.4
Cộng hòa Séc,2005,15.9
Cộng hòa Séc,2006,22
Cộng hòa Séc,2007,23.1
Cộng hòa Séc,2008,23
Cộng hòa Séc,2009,24.6
Cộng hòa Séc,2010,70.3
Cộng hòa Séc,2011,36.5
Cộng hòa Séc,2012,62.1
Cộng hòa Séc,2013,57.3
Cộng hòa Séc,2014,74.9
Cộng hòa Séc,2015,75.55
Cộng hòa Séc,2016,104.58787076
Cộng hòa Séc,2017,112.922
Cộng hòa Séc,2018,141.7338431
Cộng hòa Séc,2019,122.9042968
Cộng hòa Séc,2020,130.26273214
Cộng hòa Séc,2021,153.90773953
Cộng hòa Séc,2022,160.74988639
Cộng hòa Séc,2023,176.91975276
Cộng hòa Séc,Sơ bộ 2024,229.688006
Slô-va-ki-a,1995,3.1
Slô-va-ki-a,1996,3.383
Slô-va-ki-a,1997,1.661
Slô-va-ki-a,1998,1.523
Slô-va-ki-a,1999,6.9
Slô-va-ki-a,2000,2.9
Slô-va-ki-a,2001,1.8
Slô-va-ki-a,2002,1.7
Slô-va-ki-a,2003,1.4
Slô-va-ki-a,2004,3.1
Slô-va-ki-a,2005,2.1
Slô-va-ki-a,2006,2.6
Slô-va-ki-a,2007,2.3
Slô-va-ki-a,2008,4.4
Slô-va-ki-a,2009,3.8
Slô-va-ki-a,2010,15.7
Slô-va-ki-a,2011,13.5
Slô-va-ki-a,2012,16.5
Slô-va-ki-a,2013,15.4
Slô-va-ki-a,2014,28.3
Slô-va-ki-a,2015,18.091
Slô-va-ki-a,2016,32.31280204
Slô-va-ki-a,2017,35.614
Slô-va-ki-a,2018,43.2379401
Slô-va-ki-a,2019,44.52933759
Slô-va-ki-a,2020,47.05641017
Slô-va-ki-a,2021,68.22015411
Slô-va-ki-a,2022,68.02703464
Slô-va-ki-a,2023,65.22779674
Slô-va-ki-a,Sơ bộ 2024,59.380543
U-crai-na,1995,5.9
U-crai-na,1996,6.314
U-crai-na,1997,30.776
U-crai-na,1998,24.385
U-crai-na,1999,45.5
U-crai-na,2000,85.9
U-crai-na,2001,94.8
U-crai-na,2002,239
U-crai-na,2003,224.1
U-crai-na,2004,240.6
U-crai-na,2005,191.5
U-crai-na,2006,118.1
U-crai-na,2007,38.5
U-crai-na,2008,289.6
U-crai-na,2009,309.4
U-crai-na,2010,140
U-crai-na,2011,105.2
U-crai-na,2012,92.4
U-crai-na,2013,146
U-crai-na,2014,116.4
U-crai-na,2015,74.543
U-crai-na,2016,75.94491607
U-crai-na,2017,109.498
U-crai-na,2018,145.8495525
U-crai-na,2019,121.84822669
U-crai-na,2020,193.52756526
U-crai-na,2021,369.30342539
U-crai-na,2022,178.56747347
U-crai-na,2023,219.70411236
U-crai-na,Sơ bộ 2024,474.628801
Đan Mạch,1995,
Đan Mạch,1996,32.4
Đan Mạch,1997,21.8
Đan Mạch,1998,38.4
Đan Mạch,1999,26.5
Đan Mạch,2000,27.8
Đan Mạch,2001,65.5
Đan Mạch,2002,75.3
Đan Mạch,2003,72
Đan Mạch,2004,77.2
Đan Mạch,2005,70.2
Đan Mạch,2006,111.2
Đan Mạch,2007,170.6
Đan Mạch,2008,146.4
Đan Mạch,2009,106.1
Đan Mạch,2010,116.4
Đan Mạch,2011,149.6
Đan Mạch,2012,191.9
Đan Mạch,2013,186.9
Đan Mạch,2014,176.6
Đan Mạch,2015,243.99
Đan Mạch,2016,331.76352973
Đan Mạch,2017,321.435
Đan Mạch,2018,323.7702379
Đan Mạch,2019,243.98072507
Đan Mạch,2020,203.6853882
Đan Mạch,2021,233.79991838
Đan Mạch,2022,226.43391404
Đan Mạch,2023,210.16041964
Đan Mạch,Sơ bộ 2024,231.905503
Ai-len,1995,
Ai-len,1996,2.4
Ai-len,1997,5.9
Ai-len,1998,5.7
Ai-len,1999,11.9
Ai-len,2000,8.9
Ai-len,2001,5.3
Ai-len,2002,12.2
Ai-len,2003,15.7
Ai-len,2004,14.9
Ai-len,2005,22.2
Ai-len,2006,22.1
Ai-len,2007,40.9
Ai-len,2008,43.6
Ai-len,2009,50.3
Ai-len,2010,110.5
Ai-len,2011,267.3
Ai-len,2012,647
Ai-len,2013,958.3
Ai-len,2014,211.6
Ai-len,2015,286.235
Ai-len,2016,1026.83084058
Ai-len,2017,1381.464
Ai-len,2018,1792.2018286
Ai-len,2019,2497.45914489
Ai-len,2020,4060.57840667
Ai-len,2021,4438.39132104
Ai-len,2022,3347.26970525
Ai-len,2023,3104.83772697
Ai-len,Sơ bộ 2024,3662.770677
Vương quốc Anh,1995,50.7
Vương quốc Anh,1996,83.68
Vương quốc Anh,1997,103.933
Vương quốc Anh,1998,96.367
Vương quốc Anh,1999,109.2
Vương quốc Anh,2000,149.9
Vương quốc Anh,2001,171.6
Vương quốc Anh,2002,166.5
Vương quốc Anh,2003,219.8
Vương quốc Anh,2004,227.7
Vương quốc Anh,2005,182.4
Vương quốc Anh,2006,202.1
Vương quốc Anh,2007,237
Vương quốc Anh,2008,386.3
Vương quốc Anh,2009,342.5
Vương quốc Anh,2010,511.1
Vương quốc Anh,2011,646.1
Vương quốc Anh,2012,542.1
Vương quốc Anh,2013,570.5
Vương quốc Anh,2014,644.5
Vương quốc Anh,2015,737.498
Vương quốc Anh,2016,724.36668715
Vương quốc Anh,2017,747.14
Vương quốc Anh,2018,976.4710305
Vương quốc Anh,2019,871.8445273
Vương quốc Anh,2020,691.93528712
Vương quốc Anh,2021,861.17376499
Vương quốc Anh,2022,780.11845733
Vương quốc Anh,2023,794.04112329
Vương quốc Anh,Sơ bộ 2024,883.513992
Na Uy,1995,1.1
Na Uy,1996,7.341
Na Uy,1997,2.535
Na Uy,1998,5.372
Na Uy,1999,1.7
Na Uy,2000,7.5
Na Uy,2001,5.369
Na Uy,2002,5.6
Na Uy,2003,6.7
Na Uy,2004,18.4
Na Uy,2005,15.8
Na Uy,2006,23.5
Na Uy,2007,24.6
Na Uy,2008,76.8
Na Uy,2009,72.4
Na Uy,2010,129.5
Na Uy,2011,166
Na Uy,2012,131.3
Na Uy,2013,131.1
Na Uy,2014,189.9
Na Uy,2015,202.615
Na Uy,2016,263.69773389
Na Uy,2017,238.403
Na Uy,2018,288.3657858
Na Uy,2019,312.62309426
Na Uy,2020,311.66529071
Na Uy,2021,352.37730867
Na Uy,2022,419.44231241
Na Uy,2023,430.2211505
Na Uy,Sơ bộ 2024,516.969886
Phần Lan,1995,11.7
Phần Lan,1996,17.278
Phần Lan,1997,25.964
Phần Lan,1998,24.103
Phần Lan,1999,19.1
Phần Lan,2000,14
Phần Lan,2001,19.5
Phần Lan,2002,35.4
Phần Lan,2003,33.5
Phần Lan,2004,53.6
Phần Lan,2005,42.7
Phần Lan,2006,82.3
Phần Lan,2007,78.5
Phần Lan,2008,105.2
Phần Lan,2009,126.6
Phần Lan,2010,122.3
Phần Lan,2011,124
Phần Lan,2012,204.3
Phần Lan,2013,149.5
Phần Lan,2014,159.5
Phần Lan,2015,204.418
Phần Lan,2016,224.83660248
Phần Lan,2017,292.768
Phần Lan,2018,234.9947954
Phần Lan,2019,247.7949777
Phần Lan,2020,196.64237744
Phần Lan,2021,245.12626579
Phần Lan,2022,208.4028681
Phần Lan,2023,179.90055051
Phần Lan,Sơ bộ 2024,217.953443
Thụy Điển,1995,22.6
Thụy Điển,1996,60.49
Thụy Điển,1997,65.055
Thụy Điển,1998,77.797
Thụy Điển,1999,58.1
Thụy Điển,2000,43.7
Thụy Điển,2001,73.6
Thụy Điển,2002,62.5
Thụy Điển,2003,114.2
Thụy Điển,2004,125.1
Thụy Điển,2005,139.3
Thụy Điển,2006,164.2
Thụy Điển,2007,209.9
Thụy Điển,2008,230.1
Thụy Điển,2009,375.1
Thụy Điển,2010,317
Thụy Điển,2011,258.2
Thụy Điển,2012,241.2
Thụy Điển,2013,225.6
Thụy Điển,2014,255.9
Thụy Điển,2015,239.247
Thụy Điển,2016,311.06486114
Thụy Điển,2017,340.942
Thụy Điển,2018,344.5724041
Thụy Điển,2019,372.80397473
Thụy Điển,2020,352.4293762
Thụy Điển,2021,321.69578658
Thụy Điển,2022,353.47087344
Thụy Điển,2023,342.01330358
Thụy Điển,Sơ bộ 2024,425.770298
Bồ Đào Nha,1995,
Bồ Đào Nha,1996,0.4
Bồ Đào Nha,1997,1.1
Bồ Đào Nha,1998,2.5
Bồ Đào Nha,1999,3.4
Bồ Đào Nha,2000,2.9
Bồ Đào Nha,2001,7
Bồ Đào Nha,2002,3.5
Bồ Đào Nha,2003,3.2
Bồ Đào Nha,2004,4.2
Bồ Đào Nha,2005,11.9
Bồ Đào Nha,2006,10.8
Bồ Đào Nha,2007,10.2
Bồ Đào Nha,2008,15.1
Bồ Đào Nha,2009,12.4
Bồ Đào Nha,2010,13.4
Bồ Đào Nha,2011,17.2
Bồ Đào Nha,2012,12.4
Bồ Đào Nha,2013,32.8
Bồ Đào Nha,2014,73.4
Bồ Đào Nha,2015,67.904
Bồ Đào Nha,2016,50.6165896
Bồ Đào Nha,2017,62.028
Bồ Đào Nha,2018,115.593668
Bồ Đào Nha,2019,104.46606515
Bồ Đào Nha,2020,94.77095486
Bồ Đào Nha,2021,125.62052166
Bồ Đào Nha,2022,98.41596333
Bồ Đào Nha,2023,120.565417
Bồ Đào Nha,Sơ bộ 2024,169.259117
Hy Lạp,1995,
Hy Lạp,1996,0.2
Hy Lạp,1997,0.5
Hy Lạp,1998,0.3
Hy Lạp,1999,1.1
Hy Lạp,2000,2.5
Hy Lạp,2001,0.9
Hy Lạp,2002,2.8
Hy Lạp,2003,1.1
Hy Lạp,2004,2
Hy Lạp,2005,4.9
Hy Lạp,2006,1.9
Hy Lạp,2007,6.9
Hy Lạp,2008,28.1
Hy Lạp,2009,7.3
Hy Lạp,2010,5.8
Hy Lạp,2011,11.9
Hy Lạp,2012,22.5
Hy Lạp,2013,17.8
Hy Lạp,2014,22.1
Hy Lạp,2015,28.51
Hy Lạp,2016,50.39820995
Hy Lạp,2017,65.564
Hy Lạp,2018,69.0111894
Hy Lạp,2019,103.82062512
Hy Lạp,2020,77.69214596
Hy Lạp,2021,88.19895365
Hy Lạp,2022,78.53341387
Hy Lạp,2023,93.90000013
Hy Lạp,Sơ bộ 2024,112.505294
I-ta-li-a,1995,53.6
I-ta-li-a,1996,111.273
I-ta-li-a,1997,102.17
I-ta-li-a,1998,87.093
I-ta-li-a,1999,95.7
I-ta-li-a,2000,170.3
I-ta-li-a,2001,196.8
I-ta-li-a,2002,276.8
I-ta-li-a,2003,373.9
I-ta-li-a,2004,309.7
I-ta-li-a,2005,288.1
I-ta-li-a,2006,335.3
I-ta-li-a,2007,686.1
I-ta-li-a,2008,668.3
I-ta-li-a,2009,618.2
I-ta-li-a,2010,822.5
I-ta-li-a,2011,998.8
I-ta-li-a,2012,972.1
I-ta-li-a,2013,1172.7
I-ta-li-a,2014,1332.4
I-ta-li-a,2015,1451.477
I-ta-li-a,2016,1427.00219024
I-ta-li-a,2017,1650.004
I-ta-li-a,2018,1772.5384485
I-ta-li-a,2019,1877.81427056
I-ta-li-a,2020,1511.12232797
I-ta-li-a,2021,1726.51386063
I-ta-li-a,2022,1788.57957486
I-ta-li-a,2023,1626.70741579
I-ta-li-a,Sơ bộ 2024,1974.413501
Tây Ban Nha,1995,
Tây Ban Nha,1996,8.1
Tây Ban Nha,1997,28.1
Tây Ban Nha,1998,23.9
Tây Ban Nha,1999,31
Tây Ban Nha,2000,59
Tây Ban Nha,2001,46.9
Tây Ban Nha,2002,67.2
Tây Ban Nha,2003,78.7
Tây Ban Nha,2004,94.1
Tây Ban Nha,2005,76.7
Tây Ban Nha,2006,96.8
Tây Ban Nha,2007,139.4
Tây Ban Nha,2008,199.8
Tây Ban Nha,2009,141.4
Tây Ban Nha,2010,230.6
Tây Ban Nha,2011,262.2
Tây Ban Nha,2012,283.7
Tây Ban Nha,2013,311.5
Tây Ban Nha,2014,352.3
Tây Ban Nha,2015,399.79
Tây Ban Nha,2016,451.38993648
Tây Ban Nha,2017,501.78
Tây Ban Nha,2018,514.2516861
Tây Ban Nha,2019,540.01424082
Tây Ban Nha,2020,526.46568718
Tây Ban Nha,2021,578.78689096
Tây Ban Nha,2022,572.84364579
Tây Ban Nha,2023,625.19728831
Tây Ban Nha,Sơ bộ 2024,717.893942
Áo,1995,15.3
Áo,1996,13.335
Áo,1997,15.053
Áo,1998,21.526
Áo,1999,27.3
Áo,2000,31.6
Áo,2001,34.7
Áo,2002,71.6
Áo,2003,43.8
Áo,2004,57.1
Áo,2005,51
Áo,2006,56.2
Áo,2007,63.8
Áo,2008,92.6
Áo,2009,110.4
Áo,2010,123.4
Áo,2011,165.4
Áo,2012,157.5
Áo,2013,196.6
Áo,2014,225.3
Áo,2015,412.102
Áo,2016,350.97846497
Áo,2017,303.079
Áo,2018,291.0227742
Áo,2019,339.45038971
Áo,2020,298.24517974
Áo,2021,332.27381543
Áo,2022,334.44760076
Áo,2023,393.22512372
Áo,Sơ bộ 2024,455.506431
CHLB Đức,1995,175.5
CHLB Đức,1996,288.201
CHLB Đức,1997,280.813
CHLB Đức,1998,359.949
CHLB Đức,1999,268.7
CHLB Đức,2000,295.2
CHLB Đức,2001,396.7
CHLB Đức,2002,558.1
CHLB Đức,2003,614.6
CHLB Đức,2004,694.3
CHLB Đức,2005,661.9
CHLB Đức,2006,914.5
CHLB Đức,2007,1308.5
CHLB Đức,2008,1479.9
CHLB Đức,2009,1421.5
CHLB Đức,2010,1742.4
CHLB Đức,2011,2198.6
CHLB Đức,2012,2377.3
CHLB Đức,2013,2954
CHLB Đức,2014,2606.6
CHLB Đức,2015,3219.225
CHLB Đức,2016,2861.35970981
CHLB Đức,2017,3203.719
CHLB Đức,2018,3828.2471322
CHLB Đức,2019,3722.66775147
CHLB Đức,2020,3353.11886943
CHLB Đức,2021,3951.89829125
CHLB Đức,2022,3623.92634919
CHLB Đức,2023,3690.8559674
CHLB Đức,Sơ bộ 2024,3771.009009
Bỉ,1995,21.7
Bỉ,1996,59.945
Bỉ,1997,79.964
Bỉ,1998,69.503
Bỉ,1999,85.2
Bỉ,2000,92
Bỉ,2001,72.2
Bỉ,2002,94.7
Bỉ,2003,167.8
Bỉ,2004,137.6
Bỉ,2005,171.2
Bỉ,2006,225.4
Bỉ,2007,312.2
Bỉ,2008,348.3
Bỉ,2009,300.9
Bỉ,2010,320.2
Bỉ,2011,346.9
Bỉ,2012,411.5
Bỉ,2013,500.8
Bỉ,2014,519.5
Bỉ,2015,494.242
Bỉ,2016,475.97703099
Bỉ,2017,447.44
Bỉ,2018,470.8461001
Bỉ,2019,559.42851052
Bỉ,2020,473.82395313
Bỉ,2021,685.64329937
Bỉ,2022,754.90734671
Bỉ,2023,615.17738931
Bỉ,Sơ bộ 2024,671.876891
Hà Lan,1995,36.3
Hà Lan,1996,51.381
Hà Lan,1997,51.5
Hà Lan,1998,53.956
Hà Lan,1999,48.5
Hà Lan,2000,84.6
Hà Lan,2001,114.6
Hà Lan,2002,114.3
Hà Lan,2003,324.9
Hà Lan,2004,179.4
Hà Lan,2005,312.1
Hà Lan,2006,360.8
Hà Lan,2007,510.3
Hà Lan,2008,710.5
Hà Lan,2009,701.4
Hà Lan,2010,527.8
Hà Lan,2011,669.4
Hà Lan,2012,704.1
Hà Lan,2013,675.2
Hà Lan,2014,549.9
Hà Lan,2015,690.108
Hà Lan,2016,676.89074504
Hà Lan,2017,670.42
Hà Lan,2018,764.4255053
Hà Lan,2019,661.1673108
Hà Lan,2020,656.98921217
Hà Lan,2021,686.96013033
Hà Lan,2022,668.86033559
Hà Lan,2023,666.83852271
Hà Lan,Sơ bộ 2024,784.137397
Pháp,1995,276.6
Pháp,1996,416.782
Pháp,1997,550.752
Pháp,1998,379.826
Pháp,1999,309.3
Pháp,2000,334.2
Pháp,2001,300.4
Pháp,2002,299.2
Pháp,2003,411
Pháp,2004,617.4
Pháp,2005,447.7
Pháp,2006,421.1
Pháp,2007,1155.4
Pháp,2008,816.5
Pháp,2009,753.9
Pháp,2010,969
Pháp,2011,1205
Pháp,2012,1589.1
Pháp,2013,992.8
Pháp,2014,1111.4
Pháp,2015,1281.385
Pháp,2016,1159.79257646
Pháp,2017,1319.237
Pháp,2018,1380.052915
Pháp,2019,1618.86844865
Pháp,2020,1526.74510789
Pháp,2021,1596.90777107
Pháp,2022,1647.02384105
Pháp,2023,1636.51028229
Pháp,Sơ bộ 2024,2016.420069
Thụy Sĩ,1995,74.6
Thụy Sĩ,1996,141.293
Thụy Sĩ,1997,144.617
Thụy Sĩ,1998,93.742
Thụy Sĩ,1999,101.8
Thụy Sĩ,2000,103.9
Thụy Sĩ,2001,94.7
Thụy Sĩ,2002,129.9
Thụy Sĩ,2003,292.3
Thụy Sĩ,2004,686.8
Thụy Sĩ,2005,893.4
Thụy Sĩ,2006,1357.1
Thụy Sĩ,2007,1016.2
Thụy Sĩ,2008,1898.6
Thụy Sĩ,2009,436.1
Thụy Sĩ,2010,1006.6
Thụy Sĩ,2011,1771
Thụy Sĩ,2012,398.1
Thụy Sĩ,2013,409.7
Thụy Sĩ,2014,367.3
Thụy Sĩ,2015,437.04
Thụy Sĩ,2016,505.87307941
Thụy Sĩ,2017,598.881
Thụy Sĩ,2018,684.2549313
Thụy Sĩ,2019,719.80591207
Thụy Sĩ,2020,594.31349987
Thụy Sĩ,2021,623.27620946
Thụy Sĩ,2022,622.68377542
Thụy Sĩ,2023,626.16823888
Thụy Sĩ,Sơ bộ 2024,628.484121
Ca-na-đa,1995,24.9
Ca-na-đa,1996,35.058
Ca-na-đa,1997,36.881
Ca-na-đa,1998,41.258
Ca-na-đa,1999,49.5
Ca-na-đa,2000,37.6
Ca-na-đa,2001,56.8
Ca-na-đa,2002,63.7
Ca-na-đa,2003,76.6
Ca-na-đa,2004,96.8
Ca-na-đa,2005,173.6
Ca-na-đa,2006,178.6
Ca-na-đa,2007,287.2
Ca-na-đa,2008,297.8
Ca-na-đa,2009,235.8
Ca-na-đa,2010,349.3
Ca-na-đa,2011,342.1
Ca-na-đa,2012,455.7
Ca-na-đa,2013,406.4
Ca-na-đa,2014,385.2
Ca-na-đa,2015,448.3
Ca-na-đa,2016,395.47076582
Ca-na-đa,2017,799.306
Ca-na-đa,2018,857.1355265
Ca-na-đa,2019,853.61016754
Ca-na-đa,2020,726.37957974
Ca-na-đa,2021,759.92166425
Ca-na-đa,2022,711.71487282
Ca-na-đa,2023,626.00103151
Ca-na-đa,Sơ bộ 2024,863.868554
Hoa Kỳ,1995,130.4
Hoa Kỳ,1996,245.789
Hoa Kỳ,1997,251.509
Hoa Kỳ,1998,324.912
Hoa Kỳ,1999,322.7
Hoa Kỳ,2000,363.4
Hoa Kỳ,2001,410.8
Hoa Kỳ,2002,458.3
Hoa Kỳ,2003,1143.3
Hoa Kỳ,2004,1133.9
Hoa Kỳ,2005,862.9
Hoa Kỳ,2006,987
Hoa Kỳ,2007,1700.5
Hoa Kỳ,2008,2646.6
Hoa Kỳ,2009,2710.5
Hoa Kỳ,2010,3766.9
Hoa Kỳ,2011,4529.2
Hoa Kỳ,2012,4826.4
Hoa Kỳ,2013,5223.8
Hoa Kỳ,2014,6287
Hoa Kỳ,2015,7785.008
Hoa Kỳ,2016,8701.60214445
Hoa Kỳ,2017,9336.712
Hoa Kỳ,2018,12747.6059043
Hoa Kỳ,2019,14434.02601439
Hoa Kỳ,2020,13712.30124631
Hoa Kỳ,2021,15270.74690887
Hoa Kỳ,2022,14480.5207273
Hoa Kỳ,2023,13820.07108433
Hoa Kỳ,Sơ bộ 2024,15102.01182
Ác-hen-ti-na,1995,2.3
Ác-hen-ti-na,1996,0.905
Ác-hen-ti-na,1997,3.3
Ác-hen-ti-na,1998,4.735
Ác-hen-ti-na,1999,26.4
Ác-hen-ti-na,2000,29.4
Ác-hen-ti-na,2001,58.7
Ác-hen-ti-na,2002,90
Ác-hen-ti-na,2003,165.4
Ác-hen-ti-na,2004,172.2
Ác-hen-ti-na,2005,271.2
Ác-hen-ti-na,2006,240.8
Ác-hen-ti-na,2007,409.4
Ác-hen-ti-na,2008,379.1
Ác-hen-ti-na,2009,580.2
Ác-hen-ti-na,2010,826.3
Ác-hen-ti-na,2011,858.9
Ác-hen-ti-na,2012,915.5
Ác-hen-ti-na,2013,1241.6
Ác-hen-ti-na,2014,1715.3
Ác-hen-ti-na,2015,2163.189
Ác-hen-ti-na,2016,2672.22500937
Ác-hen-ti-na,2017,2552.952
Ác-hen-ti-na,2018,2452.4936736
Ác-hen-ti-na,2019,3233.62046012
Ác-hen-ti-na,2020,3384.70076711
Ác-hen-ti-na,2021,3672.50086107
Ác-hen-ti-na,2022,4043.39905809
Ác-hen-ti-na,2023,2470.29136288
Ác-hen-ti-na,Sơ bộ 2024,3584.434665
Bra-xin,1995,9.8
Bra-xin,1996,4.765
Bra-xin,1997,3.185
Bra-xin,1998,8.923
Bra-xin,1999,8.2
Bra-xin,2000,10.7
Bra-xin,2001,12.6
Bra-xin,2002,29.1
Bra-xin,2003,33.4
Bra-xin,2004,46.6
Bra-xin,2005,75.6
Bra-xin,2006,146.6
Bra-xin,2007,230.7
Bra-xin,2008,373.9
Bra-xin,2009,346.8
Bra-xin,2010,543.6
Bra-xin,2011,938.3
Bra-xin,2012,1019.3
Bra-xin,2013,1294.5
Bra-xin,2014,1849.3
Bra-xin,2015,2437.061
Bra-xin,2016,1722.31035949
Bra-xin,2017,1837.885
Bra-xin,2018,2386.6795127
Bra-xin,2019,2746.52573174
Bra-xin,2020,2903.57178161
Bra-xin,2021,4106.12325735
Bra-xin,2022,4547.58052481
Bra-xin,2023,4674.02025853
Bra-xin,Sơ bộ 2024,5371.838544
Chi-lê,1995,
Chi-lê,1996,
Chi-lê,1997,
Chi-lê,1998,
Chi-lê,1999,
Chi-lê,2000,3.6
Chi-lê,2001,3.1
Chi-lê,2002,9.1
Chi-lê,2003,19.9
Chi-lê,2004,43.5
Chi-lê,2005,77.5
Chi-lê,2006,104.7
Chi-lê,2007,110.1
Chi-lê,2008,104.4
Chi-lê,2009,105.4
Chi-lê,2010,291.2
Chi-lê,2011,335.7
Chi-lê,2012,370.1
Chi-lê,2013,314.8
Chi-lê,2014,367.5
Chi-lê,2015,290.519
Chi-lê,2016,231.73809108
Chi-lê,2017,282.885
Chi-lê,2018,306.7612302
Chi-lê,2019,288.918637
Chi-lê,2020,265.5547533
Chi-lê,2021,322.08782399
Chi-lê,2022,432.43574046
Chi-lê,2023,375.20062986
Chi-lê,Sơ bộ 2024,326.544852
Mê-hi-cô,1995,0.2
Mê-hi-cô,1996,2.674
Mê-hi-cô,1997,1.485
Mê-hi-cô,1998,3.294
Mê-hi-cô,1999,6.4
Mê-hi-cô,2000,2.5
Mê-hi-cô,2001,5.7
Mê-hi-cô,2002,6.5
Mê-hi-cô,2003,11.2
Mê-hi-cô,2004,13
Mê-hi-cô,2005,7.9
Mê-hi-cô,2006,18.6
Mê-hi-cô,2007,58.7
Mê-hi-cô,2008,61.6
Mê-hi-cô,2009,111.2
Mê-hi-cô,2010,89.1
Mê-hi-cô,2011,91.3
Mê-hi-cô,2012,111.8
Mê-hi-cô,2013,114.3
Mê-hi-cô,2014,262.7
Mê-hi-cô,2015,476.979
Mê-hi-cô,2016,483.93712327
Mê-hi-cô,2017,787.52
Mê-hi-cô,2018,1124.6191528
Mê-hi-cô,2019,641.76497621
Mê-hi-cô,2020,523.00353995
Mê-hi-cô,2021,499.41554751
Mê-hi-cô,2022,888.8125539
Mê-hi-cô,2023,833.27465468
Mê-hi-cô,Sơ bộ 2024,949.149207
Pê-ru,1995,
Pê-ru,1996,
Pê-ru,1997,
Pê-ru,1998,
Pê-ru,1999,
Pê-ru,2000,4.5
Pê-ru,2001,9.6
Pê-ru,2002,3.5
Pê-ru,2003,11.2
Pê-ru,2004,17
Pê-ru,2005,31.9
Pê-ru,2006,39
Pê-ru,2007,48
Pê-ru,2008,71.1
Pê-ru,2009,70.6
Pê-ru,2010,69
Pê-ru,2011,89.9
Pê-ru,2012,96.6
Pê-ru,2013,42.8
Pê-ru,2014,98
Pê-ru,2015,59.99
Pê-ru,2016,76.49039565
Pê-ru,2017,117.133
Pê-ru,2018,83.5953933
Pê-ru,2019,81.40645449
Pê-ru,2020,87.4340612
Pê-ru,2021,73.80514375
Pê-ru,2022,69.41011909
Pê-ru,2023,47.02317653
Pê-ru,Sơ bộ 2024,73.972502
Tuy-ni-di,1995,
Tuy-ni-di,1996,
Tuy-ni-di,1997,
Tuy-ni-di,1998,
Tuy-ni-di,1999,
Tuy-ni-di,2000,8.3
Tuy-ni-di,2001,4.3
Tuy-ni-di,2002,6
Tuy-ni-di,2003,6.2
Tuy-ni-di,2004,5.7
Tuy-ni-di,2005,5.1
Tuy-ni-di,2006,9.9
Tuy-ni-di,2007,1.4
Tuy-ni-di,2008,65.3
Tuy-ni-di,2009,5.9
Tuy-ni-di,2010,5.2
Tuy-ni-di,2011,4.2
Tuy-ni-di,2012,7.6
Tuy-ni-di,2013,6.6
Tuy-ni-di,2014,6
Tuy-ni-di,2015,5.776
Tuy-ni-di,2016,8.67131751
Tuy-ni-di,2017,10.9
Tuy-ni-di,2018,10.6866961
Tuy-ni-di,2019,14.7803172
Tuy-ni-di,2020,10.65752077
Tuy-ni-di,2021,11.08018649
Tuy-ni-di,2022,14.19091206
Tuy-ni-di,2023,12.61318513
Tuy-ni-di,Sơ bộ 2024,14.487681
Cốt-đi-voa (Bờ biển Ngà),1995,
Cốt-đi-voa (Bờ biển Ngà),1996,
Cốt-đi-voa (Bờ biển Ngà),1997,
Cốt-đi-voa (Bờ biển Ngà),1998,
Cốt-đi-voa (Bờ biển Ngà),1999,
Cốt-đi-voa (Bờ biển Ngà),2000,1.1
Cốt-đi-voa (Bờ biển Ngà),2001,5.8
Cốt-đi-voa (Bờ biển Ngà),2002,2.9
Cốt-đi-voa (Bờ biển Ngà),2003,5.1
Cốt-đi-voa (Bờ biển Ngà),2004,8.4
Cốt-đi-voa (Bờ biển Ngà),2005,12.8
Cốt-đi-voa (Bờ biển Ngà),2006,14.2
Cốt-đi-voa (Bờ biển Ngà),2007,36.3
Cốt-đi-voa (Bờ biển Ngà),2008,100.2
Cốt-đi-voa (Bờ biển Ngà),2009,74.2
Cốt-đi-voa (Bờ biển Ngà),2010,129.5
Cốt-đi-voa (Bờ biển Ngà),2011,174.5
Cốt-đi-voa (Bờ biển Ngà),2012,135.9
Cốt-đi-voa (Bờ biển Ngà),2013,255.3
Cốt-đi-voa (Bờ biển Ngà),2014,250.3
Cốt-đi-voa (Bờ biển Ngà),2015,450.392
Cốt-đi-voa (Bờ biển Ngà),2016,702.96080682
Cốt-đi-voa (Bờ biển Ngà),2017,904.7
Cốt-đi-voa (Bờ biển Ngà),2018,798.1601743
Cốt-đi-voa (Bờ biển Ngà),2019,703.34278618
Cốt-đi-voa (Bờ biển Ngà),2020,644.37824103
Cốt-đi-voa (Bờ biển Ngà),2021,1046.74539471
Cốt-đi-voa (Bờ biển Ngà),2022,694.16470415
Cốt-đi-voa (Bờ biển Ngà),2023,1025.40721178
Cốt-đi-voa (Bờ biển Ngà),Sơ bộ 2024,0
Nam Phi,1995,2.6
Nam Phi,1996,2.472
Nam Phi,1997,13.04
Nam Phi,1998,2.636
Nam Phi,1999,4.3
Nam Phi,2000,4.2
Nam Phi,2001,5.1
Nam Phi,2002,24.8
Nam Phi,2003,78.5
Nam Phi,2004,90.5
Nam Phi,2005,108
Nam Phi,2006,54
Nam Phi,2007,73.2
Nam Phi,2008,137.3
Nam Phi,2009,104
Nam Phi,2010,165.1
Nam Phi,2011,223.8
Nam Phi,2012,111.1
Nam Phi,2013,154.7
Nam Phi,2014,144.6
Nam Phi,2015,115.022
Nam Phi,2016,149.49797011
Nam Phi,2017,242.306
Nam Phi,2018,387.211544
Nam Phi,2019,329.29806238
Nam Phi,2020,707.55616875
Nam Phi,2021,426.54969527
Nam Phi,2022,399.38418107
Nam Phi,2023,404.04053673
Nam Phi,Sơ bộ 2024,946.210419
Niu Di-Lân,1995,3.3
Niu Di-Lân,1996,20.644
Niu Di-Lân,1997,22.322
Niu Di-Lân,1998,40.49
Niu Di-Lân,1999,55.2
Niu Di-Lân,2000,61.3
Niu Di-Lân,2001,141.9
Niu Di-Lân,2002,60.4
Niu Di-Lân,2003,90.1
Niu Di-Lân,2004,109.2
Niu Di-Lân,2005,118.7
Niu Di-Lân,2006,159.7
Niu Di-Lân,2007,246.4
Niu Di-Lân,2008,237.2
Niu Di-Lân,2009,207.4
Niu Di-Lân,2010,353
Niu Di-Lân,2011,383.9
Niu Di-Lân,2012,384.9
Niu Di-Lân,2013,454.8
Niu Di-Lân,2014,478.3
Niu Di-Lân,2015,377.8
Niu Di-Lân,2016,356.85176716
Niu Di-Lân,2017,502.212
Niu Di-Lân,2018,532.0058181
Niu Di-Lân,2019,552.97326083
Niu Di-Lân,2020,557.78458467
Niu Di-Lân,2021,635.67736333
Niu Di-Lân,2022,714.57876382
Niu Di-Lân,2023,680.36496182
Niu Di-Lân,Sơ bộ 2024,604.423984
Ô-xtrây-li-a,1995,100.6
Ô-xtrây-li-a,1996,132.835
Ô-xtrây-li-a,1997,192.609
Ô-xtrây-li-a,1998,253.893
Ô-xtrây-li-a,1999,215.7
Ô-xtrây-li-a,2000,293.5
Ô-xtrây-li-a,2001,266.4
Ô-xtrây-li-a,2002,286.3
Ô-xtrây-li-a,2003,278
Ô-xtrây-li-a,2004,458.8
Ô-xtrây-li-a,2005,498.5
Ô-xtrây-li-a,2006,1099.7
Ô-xtrây-li-a,2007,1059.4
Ô-xtrây-li-a,2008,1357.9
Ô-xtrây-li-a,2009,1045.9
Ô-xtrây-li-a,2010,1443.6
Ô-xtrây-li-a,2011,2123.3
Ô-xtrây-li-a,2012,1772.2
Ô-xtrây-li-a,2013,1586
Ô-xtrây-li-a,2014,2054.7
Ô-xtrây-li-a,2015,2039.7
Ô-xtrây-li-a,2016,2442.13840398
Ô-xtrây-li-a,2017,3200.104
Ô-xtrây-li-a,2018,3779.0726207
Ô-xtrây-li-a,2019,4480.63916788
Ô-xtrây-li-a,2020,4685.53352425
Ô-xtrây-li-a,2021,7967.62564694
Ô-xtrây-li-a,2022,10134.1515476
Ô-xtrây-li-a,2023,8527.26012858
Ô-xtrây-li-a,Sơ bộ 2024,7595.419267
