Trị giá và cơ cấu,Khu vực kinh tế và nhóm hàng,Năm,Giá trị
Trị giá (Triệu đô la Mỹ),TỔNG SỐ,1995,5448.9
Trị giá (Triệu đô la Mỹ),TỔNG SỐ,1996,7255.9
Trị giá (Triệu đô la Mỹ),TỔNG SỐ,1997,9185
Trị giá (Triệu đô la Mỹ),TỔNG SỐ,1998,9360.3
Trị giá (Triệu đô la Mỹ),TỔNG SỐ,1999,11541.4
Trị giá (Triệu đô la Mỹ),TỔNG SỐ,2000,14482.7
Trị giá (Triệu đô la Mỹ),TỔNG SỐ,2001,15029.2
Trị giá (Triệu đô la Mỹ),TỔNG SỐ,2002,16706.1
Trị giá (Triệu đô la Mỹ),TỔNG SỐ,2003,20149.3
Trị giá (Triệu đô la Mỹ),TỔNG SỐ,2004,26485
Trị giá (Triệu đô la Mỹ),TỔNG SỐ,2005,32447.1
Trị giá (Triệu đô la Mỹ),TỔNG SỐ,2006,39826.2
Trị giá (Triệu đô la Mỹ),TỔNG SỐ,2007,48561.4
Trị giá (Triệu đô la Mỹ),TỔNG SỐ,2008,62685.1
Trị giá (Triệu đô la Mỹ),TỔNG SỐ,2009,57096.3
Trị giá (Triệu đô la Mỹ),TỔNG SỐ,2010,72236.7
Trị giá (Triệu đô la Mỹ),TỔNG SỐ,2011,96905.7
Trị giá (Triệu đô la Mỹ),TỔNG SỐ,2012,114529.2
Trị giá (Triệu đô la Mỹ),TỔNG SỐ,2013,132032.9
Trị giá (Triệu đô la Mỹ),TỔNG SỐ,2014,150217.1
Trị giá (Triệu đô la Mỹ),TỔNG SỐ,2015,162016.7
Trị giá (Triệu đô la Mỹ),TỔNG SỐ,2016,176580.8
Trị giá (Triệu đô la Mỹ),TỔNG SỐ,2017,215118.6
Trị giá (Triệu đô la Mỹ),TỔNG SỐ,2018,243696.8
Trị giá (Triệu đô la Mỹ),TỔNG SỐ,2019,264267.211
Trị giá (Triệu đô la Mỹ),TỔNG SỐ,2020,282628.93845943
Trị giá (Triệu đô la Mỹ),TỔNG SỐ,2021,336166.83951
Trị giá (Triệu đô la Mỹ),TỔNG SỐ,2022,371715.4
Trị giá (Triệu đô la Mỹ),TỔNG SỐ,2023,354721
Trị giá (Triệu đô la Mỹ),TỔNG SỐ,Sơ bộ 2024,405935.4
Trị giá (Triệu đô la Mỹ),Khu vực kinh tế trong nước,1995,3975.8
Trị giá (Triệu đô la Mỹ),Khu vực kinh tế trong nước,1996,5100.9
Trị giá (Triệu đô la Mỹ),Khu vực kinh tế trong nước,1997,5972
Trị giá (Triệu đô la Mỹ),Khu vực kinh tế trong nước,1998,6145.3
Trị giá (Triệu đô la Mỹ),Khu vực kinh tế trong nước,1999,6859.4
Trị giá (Triệu đô la Mỹ),Khu vực kinh tế trong nước,2000,7672.4
Trị giá (Triệu đô la Mỹ),Khu vực kinh tế trong nước,2001,8230.9
Trị giá (Triệu đô la Mỹ),Khu vực kinh tế trong nước,2002,8834.3
Trị giá (Triệu đô la Mỹ),Khu vực kinh tế trong nước,2003,9988.1
Trị giá (Triệu đô la Mỹ),Khu vực kinh tế trong nước,2004,11997.3
Trị giá (Triệu đô la Mỹ),Khu vực kinh tế trong nước,2005,13893.4
Trị giá (Triệu đô la Mỹ),Khu vực kinh tế trong nước,2006,16764.9
Trị giá (Triệu đô la Mỹ),Khu vực kinh tế trong nước,2007,20786.8
Trị giá (Triệu đô la Mỹ),Khu vực kinh tế trong nước,2008,28162.3
Trị giá (Triệu đô la Mỹ),Khu vực kinh tế trong nước,2009,26724
Trị giá (Triệu đô la Mỹ),Khu vực kinh tế trong nước,2010,33084.3
Trị giá (Triệu đô la Mỹ),Khu vực kinh tế trong nước,2011,41781.4
Trị giá (Triệu đô la Mỹ),Khu vực kinh tế trong nước,2012,42277.2
Trị giá (Triệu đô la Mỹ),Khu vực kinh tế trong nước,2013,43882.7
Trị giá (Triệu đô la Mỹ),Khu vực kinh tế trong nước,2014,49037.3
Trị giá (Triệu đô la Mỹ),Khu vực kinh tế trong nước,2015,47636.3
Trị giá (Triệu đô la Mỹ),Khu vực kinh tế trong nước,2016,50345.2
Trị giá (Triệu đô la Mỹ),Khu vực kinh tế trong nước,2017,60208.4
Trị giá (Triệu đô la Mỹ),Khu vực kinh tế trong nước,2018,69733.1
Trị giá (Triệu đô la Mỹ),Khu vực kinh tế trong nước,2019,78989.269
Trị giá (Triệu đô la Mỹ),Khu vực kinh tế trong nước,2020,78196.8
Trị giá (Triệu đô la Mỹ),Khu vực kinh tế trong nước,2021,89290.04527921995
Trị giá (Triệu đô la Mỹ),Khu vực kinh tế trong nước,2022,95842.6
Trị giá (Triệu đô la Mỹ),Khu vực kinh tế trong nước,2023,95655.9
Trị giá (Triệu đô la Mỹ),Khu vực kinh tế trong nước,Sơ bộ 2024,114910.4
Trị giá (Triệu đô la Mỹ),Khu vực có vốn đầu tư nước ngoài(*),1995,1473.1
Trị giá (Triệu đô la Mỹ),Khu vực có vốn đầu tư nước ngoài(*),1996,2155
Trị giá (Triệu đô la Mỹ),Khu vực có vốn đầu tư nước ngoài(*),1997,3213
Trị giá (Triệu đô la Mỹ),Khu vực có vốn đầu tư nước ngoài(*),1998,3215
Trị giá (Triệu đô la Mỹ),Khu vực có vốn đầu tư nước ngoài(*),1999,4682
Trị giá (Triệu đô la Mỹ),Khu vực có vốn đầu tư nước ngoài(*),2000,6810.3
Trị giá (Triệu đô la Mỹ),Khu vực có vốn đầu tư nước ngoài(*),2001,6798.3
Trị giá (Triệu đô la Mỹ),Khu vực có vốn đầu tư nước ngoài(*),2002,7871.8
Trị giá (Triệu đô la Mỹ),Khu vực có vốn đầu tư nước ngoài(*),2003,10161.2
Trị giá (Triệu đô la Mỹ),Khu vực có vốn đầu tư nước ngoài(*),2004,14487.7
Trị giá (Triệu đô la Mỹ),Khu vực có vốn đầu tư nước ngoài(*),2005,18553.7
Trị giá (Triệu đô la Mỹ),Khu vực có vốn đầu tư nước ngoài(*),2006,23061.3
Trị giá (Triệu đô la Mỹ),Khu vực có vốn đầu tư nước ngoài(*),2007,27774.6
Trị giá (Triệu đô la Mỹ),Khu vực có vốn đầu tư nước ngoài(*),2008,34522.8
Trị giá (Triệu đô la Mỹ),Khu vực có vốn đầu tư nước ngoài(*),2009,30372.3
Trị giá (Triệu đô la Mỹ),Khu vực có vốn đầu tư nước ngoài(*),2010,39152.4
Trị giá (Triệu đô la Mỹ),Khu vực có vốn đầu tư nước ngoài(*),2011,55124.3
Trị giá (Triệu đô la Mỹ),Khu vực có vốn đầu tư nước ngoài(*),2012,72252
Trị giá (Triệu đô la Mỹ),Khu vực có vốn đầu tư nước ngoài(*),2013,88150.2
Trị giá (Triệu đô la Mỹ),Khu vực có vốn đầu tư nước ngoài(*),2014,101179.8
Trị giá (Triệu đô la Mỹ),Khu vực có vốn đầu tư nước ngoài(*),2015,114380.4
Trị giá (Triệu đô la Mỹ),Khu vực có vốn đầu tư nước ngoài(*),2016,126235.6
Trị giá (Triệu đô la Mỹ),Khu vực có vốn đầu tư nước ngoài(*),2017,154910.2
Trị giá (Triệu đô la Mỹ),Khu vực có vốn đầu tư nước ngoài(*),2018,173963.7
Trị giá (Triệu đô la Mỹ),Khu vực có vốn đầu tư nước ngoài(*),2019,185277.942
Trị giá (Triệu đô la Mỹ),Khu vực có vốn đầu tư nước ngoài(*),2020,204432.065
Trị giá (Triệu đô la Mỹ),Khu vực có vốn đầu tư nước ngoài(*),2021,246876.79423078
Trị giá (Triệu đô la Mỹ),Khu vực có vốn đầu tư nước ngoài(*),2022,275872.8
Trị giá (Triệu đô la Mỹ),Khu vực có vốn đầu tư nước ngoài(*),2023,259065.1
Trị giá (Triệu đô la Mỹ),Khu vực có vốn đầu tư nước ngoài(*),Sơ bộ 2024,291025
Trị giá (Triệu đô la Mỹ),Nhiên liệu và khoáng sản,1995,
Trị giá (Triệu đô la Mỹ),Nhiên liệu và khoáng sản,1996,
Trị giá (Triệu đô la Mỹ),Nhiên liệu và khoáng sản,1997,
Trị giá (Triệu đô la Mỹ),Nhiên liệu và khoáng sản,1998,
Trị giá (Triệu đô la Mỹ),Nhiên liệu và khoáng sản,1999,
Trị giá (Triệu đô la Mỹ),Nhiên liệu và khoáng sản,2000,
Trị giá (Triệu đô la Mỹ),Nhiên liệu và khoáng sản,2001,
Trị giá (Triệu đô la Mỹ),Nhiên liệu và khoáng sản,2002,
Trị giá (Triệu đô la Mỹ),Nhiên liệu và khoáng sản,2003,
Trị giá (Triệu đô la Mỹ),Nhiên liệu và khoáng sản,2004,
Trị giá (Triệu đô la Mỹ),Nhiên liệu và khoáng sản,2005,
Trị giá (Triệu đô la Mỹ),Nhiên liệu và khoáng sản,2006,
Trị giá (Triệu đô la Mỹ),Nhiên liệu và khoáng sản,2007,
Trị giá (Triệu đô la Mỹ),Nhiên liệu và khoáng sản,2008,
Trị giá (Triệu đô la Mỹ),Nhiên liệu và khoáng sản,2009,
Trị giá (Triệu đô la Mỹ),Nhiên liệu và khoáng sản,2010,
Trị giá (Triệu đô la Mỹ),Nhiên liệu và khoáng sản,2011,
Trị giá (Triệu đô la Mỹ),Nhiên liệu và khoáng sản,2012,
Trị giá (Triệu đô la Mỹ),Nhiên liệu và khoáng sản,2013,
Trị giá (Triệu đô la Mỹ),Nhiên liệu và khoáng sản,2014,
Trị giá (Triệu đô la Mỹ),Nhiên liệu và khoáng sản,2015,5307.853854099997
Trị giá (Triệu đô la Mỹ),Nhiên liệu và khoáng sản,2016,3837.48053309
Trị giá (Triệu đô la Mỹ),Nhiên liệu và khoáng sản,2017,5167.395179399999
Trị giá (Triệu đô la Mỹ),Nhiên liệu và khoáng sản,2018,5239.159192400001
Trị giá (Triệu đô la Mỹ),Nhiên liệu và khoáng sản,2019,5054.355
Trị giá (Triệu đô la Mỹ),Nhiên liệu và khoáng sản,2020,3407.23
Trị giá (Triệu đô la Mỹ),Nhiên liệu và khoáng sản,2021,4209.063108609043
Trị giá (Triệu đô la Mỹ),Nhiên liệu và khoáng sản,2022,5313.3
Trị giá (Triệu đô la Mỹ),Nhiên liệu và khoáng sản,2023,4854.5
Trị giá (Triệu đô la Mỹ),Nhiên liệu và khoáng sản,Sơ bộ 2024,3381.6
Trị giá (Triệu đô la Mỹ),Công nghiệp chế biến,1995,
Trị giá (Triệu đô la Mỹ),Công nghiệp chế biến,1996,
Trị giá (Triệu đô la Mỹ),Công nghiệp chế biến,1997,
Trị giá (Triệu đô la Mỹ),Công nghiệp chế biến,1998,
Trị giá (Triệu đô la Mỹ),Công nghiệp chế biến,1999,
Trị giá (Triệu đô la Mỹ),Công nghiệp chế biến,2000,
Trị giá (Triệu đô la Mỹ),Công nghiệp chế biến,2001,
Trị giá (Triệu đô la Mỹ),Công nghiệp chế biến,2002,
Trị giá (Triệu đô la Mỹ),Công nghiệp chế biến,2003,
Trị giá (Triệu đô la Mỹ),Công nghiệp chế biến,2004,
Trị giá (Triệu đô la Mỹ),Công nghiệp chế biến,2005,
Trị giá (Triệu đô la Mỹ),Công nghiệp chế biến,2006,
Trị giá (Triệu đô la Mỹ),Công nghiệp chế biến,2007,
Trị giá (Triệu đô la Mỹ),Công nghiệp chế biến,2008,
Trị giá (Triệu đô la Mỹ),Công nghiệp chế biến,2009,
Trị giá (Triệu đô la Mỹ),Công nghiệp chế biến,2010,
Trị giá (Triệu đô la Mỹ),Công nghiệp chế biến,2011,
Trị giá (Triệu đô la Mỹ),Công nghiệp chế biến,2012,
Trị giá (Triệu đô la Mỹ),Công nghiệp chế biến,2013,
Trị giá (Triệu đô la Mỹ),Công nghiệp chế biến,2014,
Trị giá (Triệu đô la Mỹ),Công nghiệp chế biến,2015,133028.2251459
Trị giá (Triệu đô la Mỹ),Công nghiệp chế biến,2016,148224.37290033
Trị giá (Triệu đô la Mỹ),Công nghiệp chế biến,2017,181991.6108206
Trị giá (Triệu đô la Mỹ),Công nghiệp chế biến,2018,209277.1333606101
Trị giá (Triệu đô la Mỹ),Công nghiệp chế biến,2019,230824.8011960455
Trị giá (Triệu đô la Mỹ),Công nghiệp chế biến,2020,251487.089
Trị giá (Triệu đô la Mỹ),Công nghiệp chế biến,2021,300460.6565117902
Trị giá (Triệu đô la Mỹ),Công nghiệp chế biến,2022,330925.4
Trị giá (Triệu đô la Mỹ),Công nghiệp chế biến,2023,312568.2
Trị giá (Triệu đô la Mỹ),Công nghiệp chế biến,Sơ bộ 2024,357673.5
Trị giá (Triệu đô la Mỹ),Hàng nông sản,1995,1745.8
Trị giá (Triệu đô la Mỹ),Hàng nông sản,1996,2159.6
Trị giá (Triệu đô la Mỹ),Hàng nông sản,1997,2231.4
Trị giá (Triệu đô la Mỹ),Hàng nông sản,1998,2274.3
Trị giá (Triệu đô la Mỹ),Hàng nông sản,1999,2545.9
Trị giá (Triệu đô la Mỹ),Hàng nông sản,2000,2563.3
Trị giá (Triệu đô la Mỹ),Hàng nông sản,2001,2421.3
Trị giá (Triệu đô la Mỹ),Hàng nông sản,2002,2396.6
Trị giá (Triệu đô la Mỹ),Hàng nông sản,2003,2672
Trị giá (Triệu đô la Mỹ),Hàng nông sản,2004,3383.6
Trị giá (Triệu đô la Mỹ),Hàng nông sản,2005,4467.4
Trị giá (Triệu đô la Mỹ),Hàng nông sản,2006,5352.4
Trị giá (Triệu đô la Mỹ),Hàng nông sản,2007,7032.8
Trị giá (Triệu đô la Mỹ),Hàng nông sản,2008,9239.6
Trị giá (Triệu đô la Mỹ),Hàng nông sản,2009,8352.8
Trị giá (Triệu đô la Mỹ),Hàng nông sản,2010,10639.5
Trị giá (Triệu đô la Mỹ),Hàng nông sản,2011,14447.5
Trị giá (Triệu đô la Mỹ),Hàng nông sản,2012,15463.4
Trị giá (Triệu đô la Mỹ),Hàng nông sản,2013,14053.3
Trị giá (Triệu đô la Mỹ),Hàng nông sản,2014,15213
Trị giá (Triệu đô la Mỹ),Hàng nông sản,2015,14810.7
Trị giá (Triệu đô la Mỹ),Hàng nông sản,2016,15432.1
Trị giá (Triệu đô la Mỹ),Hàng nông sản,2017,17388.6
Trị giá (Triệu đô la Mỹ),Hàng nông sản,2018,17484.6
Trị giá (Triệu đô la Mỹ),Hàng nông sản,2019,16593.568506375
Trị giá (Triệu đô la Mỹ),Hàng nông sản,2020,16027.67576821543
Trị giá (Triệu đô la Mỹ),Hàng nông sản,2021,18310.95848469516
Trị giá (Triệu đô la Mỹ),Hàng nông sản,2022,18995.8
Trị giá (Triệu đô la Mỹ),Hàng nông sản,2023,23430.9
Trị giá (Triệu đô la Mỹ),Hàng nông sản,Sơ bộ 2024,28812.3
Trị giá (Triệu đô la Mỹ),Hàng lâm sản,1995,153.9
Trị giá (Triệu đô la Mỹ),Hàng lâm sản,1996,212.2
Trị giá (Triệu đô la Mỹ),Hàng lâm sản,1997,225.2
Trị giá (Triệu đô la Mỹ),Hàng lâm sản,1998,191.4
Trị giá (Triệu đô la Mỹ),Hàng lâm sản,1999,169.2
Trị giá (Triệu đô la Mỹ),Hàng lâm sản,2000,155.7
Trị giá (Triệu đô la Mỹ),Hàng lâm sản,2001,176
Trị giá (Triệu đô la Mỹ),Hàng lâm sản,2002,197.8
Trị giá (Triệu đô la Mỹ),Hàng lâm sản,2003,195.3
Trị giá (Triệu đô la Mỹ),Hàng lâm sản,2004,180.6
Trị giá (Triệu đô la Mỹ),Hàng lâm sản,2005,252.5
Trị giá (Triệu đô la Mỹ),Hàng lâm sản,2006,297.6
Trị giá (Triệu đô la Mỹ),Hàng lâm sản,2007,408.4
Trị giá (Triệu đô la Mỹ),Hàng lâm sản,2008,468.7
Trị giá (Triệu đô la Mỹ),Hàng lâm sản,2009,463.4
Trị giá (Triệu đô la Mỹ),Hàng lâm sản,2010,803.9
Trị giá (Triệu đô la Mỹ),Hàng lâm sản,2011,1220.7
Trị giá (Triệu đô la Mỹ),Hàng lâm sản,2012,1363.7
Trị giá (Triệu đô la Mỹ),Hàng lâm sản,2013,1906.2
Trị giá (Triệu đô la Mỹ),Hàng lâm sản,2014,1952.6
Trị giá (Triệu đô la Mỹ),Hàng lâm sản,2015,2296.6
Trị giá (Triệu đô la Mỹ),Hàng lâm sản,2016,2045.8
Trị giá (Triệu đô la Mỹ),Hàng lâm sản,2017,2215.5
Trị giá (Triệu đô la Mỹ),Hàng lâm sản,2018,2919.1
Trị giá (Triệu đô la Mỹ),Hàng lâm sản,2019,3273.6670084095
Trị giá (Triệu đô la Mỹ),Hàng lâm sản,2020,3311.5
Trị giá (Triệu đô la Mỹ),Hàng lâm sản,2021,4325.522881498282
Trị giá (Triệu đô la Mỹ),Hàng lâm sản,2022,5573.9
Trị giá (Triệu đô la Mỹ),Hàng lâm sản,2023,4914
Trị giá (Triệu đô la Mỹ),Hàng lâm sản,Sơ bộ 2024,6005.7
Trị giá (Triệu đô la Mỹ),Hàng thủy sản,1995,621.4
Trị giá (Triệu đô la Mỹ),Hàng thủy sản,1996,696.5
Trị giá (Triệu đô la Mỹ),Hàng thủy sản,1997,782
Trị giá (Triệu đô la Mỹ),Hàng thủy sản,1998,858
Trị giá (Triệu đô la Mỹ),Hàng thủy sản,1999,973.6
Trị giá (Triệu đô la Mỹ),Hàng thủy sản,2000,1478.5
Trị giá (Triệu đô la Mỹ),Hàng thủy sản,2001,1816.4
Trị giá (Triệu đô la Mỹ),Hàng thủy sản,2002,2021.7
Trị giá (Triệu đô la Mỹ),Hàng thủy sản,2003,2199.6
Trị giá (Triệu đô la Mỹ),Hàng thủy sản,2004,2408.1
Trị giá (Triệu đô la Mỹ),Hàng thủy sản,2005,2732.5
Trị giá (Triệu đô la Mỹ),Hàng thủy sản,2006,3358
Trị giá (Triệu đô la Mỹ),Hàng thủy sản,2007,3763.4
Trị giá (Triệu đô la Mỹ),Hàng thủy sản,2008,4510.1
Trị giá (Triệu đô la Mỹ),Hàng thủy sản,2009,4255.3
Trị giá (Triệu đô la Mỹ),Hàng thủy sản,2010,5016.9
Trị giá (Triệu đô la Mỹ),Hàng thủy sản,2011,6112.4
Trị giá (Triệu đô la Mỹ),Hàng thủy sản,2012,6088.5
Trị giá (Triệu đô la Mỹ),Hàng thủy sản,2013,6692.6
Trị giá (Triệu đô la Mỹ),Hàng thủy sản,2014,7825.3
Trị giá (Triệu đô la Mỹ),Hàng thủy sản,2015,6568.8
Trị giá (Triệu đô la Mỹ),Hàng thủy sản,2016,7036
Trị giá (Triệu đô la Mỹ),Hàng thủy sản,2017,8349.2
Trị giá (Triệu đô la Mỹ),Hàng thủy sản,2018,8771
Trị giá (Triệu đô la Mỹ),Hàng thủy sản,2019,8514.02088762
Trị giá (Triệu đô la Mỹ),Hàng thủy sản,2020,8388.953893029999
Trị giá (Triệu đô la Mỹ),Hàng thủy sản,2021,8853.337363030001
Trị giá (Triệu đô la Mỹ),Hàng thủy sản,2022,10895.4
Trị giá (Triệu đô la Mỹ),Hàng thủy sản,2023,8934.5
Trị giá (Triệu đô la Mỹ),Hàng thủy sản,Sơ bộ 2024,10039.6
Trị giá (Triệu đô la Mỹ),Vàng phi tiền tệ(**),1995,
Trị giá (Triệu đô la Mỹ),Vàng phi tiền tệ(**),1996,
Trị giá (Triệu đô la Mỹ),Vàng phi tiền tệ(**),1997,
Trị giá (Triệu đô la Mỹ),Vàng phi tiền tệ(**),1998,
Trị giá (Triệu đô la Mỹ),Vàng phi tiền tệ(**),1999,
Trị giá (Triệu đô la Mỹ),Vàng phi tiền tệ(**),2000,
Trị giá (Triệu đô la Mỹ),Vàng phi tiền tệ(**),2001,
Trị giá (Triệu đô la Mỹ),Vàng phi tiền tệ(**),2002,
Trị giá (Triệu đô la Mỹ),Vàng phi tiền tệ(**),2003,
Trị giá (Triệu đô la Mỹ),Vàng phi tiền tệ(**),2004,
Trị giá (Triệu đô la Mỹ),Vàng phi tiền tệ(**),2005,5.3
Trị giá (Triệu đô la Mỹ),Vàng phi tiền tệ(**),2006,7.2
Trị giá (Triệu đô la Mỹ),Vàng phi tiền tệ(**),2007,16.5
Trị giá (Triệu đô la Mỹ),Vàng phi tiền tệ(**),2008,360.9
Trị giá (Triệu đô la Mỹ),Vàng phi tiền tệ(**),2009,822.6
Trị giá (Triệu đô la Mỹ),Vàng phi tiền tệ(**),2010,36.6
Trị giá (Triệu đô la Mỹ),Vàng phi tiền tệ(**),2011,62.8
Trị giá (Triệu đô la Mỹ),Vàng phi tiền tệ(**),2012,86.7
Trị giá (Triệu đô la Mỹ),Vàng phi tiền tệ(**),2013,76.9
Trị giá (Triệu đô la Mỹ),Vàng phi tiền tệ(**),2014,9.4
Trị giá (Triệu đô la Mỹ),Vàng phi tiền tệ(**),2015,4.5
Trị giá (Triệu đô la Mỹ),Vàng phi tiền tệ(**),2016,5
Trị giá (Triệu đô la Mỹ),Vàng phi tiền tệ(**),2017,6.4
Trị giá (Triệu đô la Mỹ),Vàng phi tiền tệ(**),2018,5.8
Trị giá (Triệu đô la Mỹ),Vàng phi tiền tệ(**),2019,6.79840155
Trị giá (Triệu đô la Mỹ),Vàng phi tiền tệ(**),2020,6.436194593856158
Trị giá (Triệu đô la Mỹ),Vàng phi tiền tệ(**),2021,7.30116037728854
Trị giá (Triệu đô la Mỹ),Vàng phi tiền tệ(**),2022,11.6
Trị giá (Triệu đô la Mỹ),Vàng phi tiền tệ(**),2023,18.9
Trị giá (Triệu đô la Mỹ),Vàng phi tiền tệ(**),Sơ bộ 2024,22.7
Cơ cấu (%),TỔNG SỐ,1995,100
Cơ cấu (%),TỔNG SỐ,1996,100
Cơ cấu (%),TỔNG SỐ,1997,100
Cơ cấu (%),TỔNG SỐ,1998,100
Cơ cấu (%),TỔNG SỐ,1999,100
Cơ cấu (%),TỔNG SỐ,2000,100
Cơ cấu (%),TỔNG SỐ,2001,100
Cơ cấu (%),TỔNG SỐ,2002,100
Cơ cấu (%),TỔNG SỐ,2003,100
Cơ cấu (%),TỔNG SỐ,2004,100
Cơ cấu (%),TỔNG SỐ,2005,100
Cơ cấu (%),TỔNG SỐ,2006,100
Cơ cấu (%),TỔNG SỐ,2007,100
Cơ cấu (%),TỔNG SỐ,2008,100
Cơ cấu (%),TỔNG SỐ,2009,100
Cơ cấu (%),TỔNG SỐ,2010,100
Cơ cấu (%),TỔNG SỐ,2011,100
Cơ cấu (%),TỔNG SỐ,2012,100
Cơ cấu (%),TỔNG SỐ,2013,100
Cơ cấu (%),TỔNG SỐ,2014,100
Cơ cấu (%),TỔNG SỐ,2015,100
Cơ cấu (%),TỔNG SỐ,2016,100
Cơ cấu (%),TỔNG SỐ,2017,100
Cơ cấu (%),TỔNG SỐ,2018,100
Cơ cấu (%),TỔNG SỐ,2019,100
Cơ cấu (%),TỔNG SỐ,2020,100
Cơ cấu (%),TỔNG SỐ,2021,100
Cơ cấu (%),TỔNG SỐ,2022,100
Cơ cấu (%),TỔNG SỐ,2023,100
Cơ cấu (%),TỔNG SỐ,Sơ bộ 2024,100
Cơ cấu (%),Khu vực kinh tế trong nước,1995,73
Cơ cấu (%),Khu vực kinh tế trong nước,1996,70.3
Cơ cấu (%),Khu vực kinh tế trong nước,1997,65
Cơ cấu (%),Khu vực kinh tế trong nước,1998,65.7
Cơ cấu (%),Khu vực kinh tế trong nước,1999,59.43299772991145
Cơ cấu (%),Khu vực kinh tế trong nước,2000,53
Cơ cấu (%),Khu vực kinh tế trong nước,2001,54.8
Cơ cấu (%),Khu vực kinh tế trong nước,2002,52.9
Cơ cấu (%),Khu vực kinh tế trong nước,2003,49.6
Cơ cấu (%),Khu vực kinh tế trong nước,2004,45.3
Cơ cấu (%),Khu vực kinh tế trong nước,2005,42.8
Cơ cấu (%),Khu vực kinh tế trong nước,2006,42.1
Cơ cấu (%),Khu vực kinh tế trong nước,2007,42.8
Cơ cấu (%),Khu vực kinh tế trong nước,2008,44.9
Cơ cấu (%),Khu vực kinh tế trong nước,2009,46.8
Cơ cấu (%),Khu vực kinh tế trong nước,2010,45.8
Cơ cấu (%),Khu vực kinh tế trong nước,2011,43.1
Cơ cấu (%),Khu vực kinh tế trong nước,2012,36.9
Cơ cấu (%),Khu vực kinh tế trong nước,2013,33.2
Cơ cấu (%),Khu vực kinh tế trong nước,2014,32.6
Cơ cấu (%),Khu vực kinh tế trong nước,2015,29.4
Cơ cấu (%),Khu vực kinh tế trong nước,2016,28.5
Cơ cấu (%),Khu vực kinh tế trong nước,2017,28
Cơ cấu (%),Khu vực kinh tế trong nước,2018,28.6
Cơ cấu (%),Khu vực kinh tế trong nước,2019,29.88992417981056
Cơ cấu (%),Khu vực kinh tế trong nước,2020,27.66768112482395
Cơ cấu (%),Khu vực kinh tế trong nước,2021,26.56122936139983
Cơ cấu (%),Khu vực kinh tế trong nước,2022,25.8
Cơ cấu (%),Khu vực kinh tế trong nước,2023,27
Cơ cấu (%),Khu vực kinh tế trong nước,Sơ bộ 2024,28.3
Cơ cấu (%),Khu vực có vốn đầu tư nước ngoài(*),1995,27
Cơ cấu (%),Khu vực có vốn đầu tư nước ngoài(*),1996,29.7
Cơ cấu (%),Khu vực có vốn đầu tư nước ngoài(*),1997,35
Cơ cấu (%),Khu vực có vốn đầu tư nước ngoài(*),1998,34.3
Cơ cấu (%),Khu vực có vốn đầu tư nước ngoài(*),1999,40.56700227008855
Cơ cấu (%),Khu vực có vốn đầu tư nước ngoài(*),2000,47
Cơ cấu (%),Khu vực có vốn đầu tư nước ngoài(*),2001,45.2
Cơ cấu (%),Khu vực có vốn đầu tư nước ngoài(*),2002,47.1
Cơ cấu (%),Khu vực có vốn đầu tư nước ngoài(*),2003,50.4
Cơ cấu (%),Khu vực có vốn đầu tư nước ngoài(*),2004,54.7
Cơ cấu (%),Khu vực có vốn đầu tư nước ngoài(*),2005,57.2
Cơ cấu (%),Khu vực có vốn đầu tư nước ngoài(*),2006,57.9
Cơ cấu (%),Khu vực có vốn đầu tư nước ngoài(*),2007,57.2
Cơ cấu (%),Khu vực có vốn đầu tư nước ngoài(*),2008,55.1
Cơ cấu (%),Khu vực có vốn đầu tư nước ngoài(*),2009,53.2
Cơ cấu (%),Khu vực có vốn đầu tư nước ngoài(*),2010,54.2
Cơ cấu (%),Khu vực có vốn đầu tư nước ngoài(*),2011,56.9
Cơ cấu (%),Khu vực có vốn đầu tư nước ngoài(*),2012,63.1
Cơ cấu (%),Khu vực có vốn đầu tư nước ngoài(*),2013,66.8
Cơ cấu (%),Khu vực có vốn đầu tư nước ngoài(*),2014,67.4
Cơ cấu (%),Khu vực có vốn đầu tư nước ngoài(*),2015,70.6
Cơ cấu (%),Khu vực có vốn đầu tư nước ngoài(*),2016,71.5
Cơ cấu (%),Khu vực có vốn đầu tư nước ngoài(*),2017,72
Cơ cấu (%),Khu vực có vốn đầu tư nước ngoài(*),2018,71.4
Cơ cấu (%),Khu vực có vốn đầu tư nước ngoài(*),2019,70.11007582018944
Cơ cấu (%),Khu vực có vốn đầu tư nước ngoài(*),2020,72.33231887517604
Cơ cấu (%),Khu vực có vốn đầu tư nước ngoài(*),2021,73.43877063860018
Cơ cấu (%),Khu vực có vốn đầu tư nước ngoài(*),2022,74.2
Cơ cấu (%),Khu vực có vốn đầu tư nước ngoài(*),2023,73
Cơ cấu (%),Khu vực có vốn đầu tư nước ngoài(*),Sơ bộ 2024,71.7
Cơ cấu (%),Nhiên liệu và khoáng sản,1995,
Cơ cấu (%),Nhiên liệu và khoáng sản,1996,
Cơ cấu (%),Nhiên liệu và khoáng sản,1997,
Cơ cấu (%),Nhiên liệu và khoáng sản,1998,
Cơ cấu (%),Nhiên liệu và khoáng sản,1999,
Cơ cấu (%),Nhiên liệu và khoáng sản,2000,
Cơ cấu (%),Nhiên liệu và khoáng sản,2001,
Cơ cấu (%),Nhiên liệu và khoáng sản,2002,
Cơ cấu (%),Nhiên liệu và khoáng sản,2003,
Cơ cấu (%),Nhiên liệu và khoáng sản,2004,
Cơ cấu (%),Nhiên liệu và khoáng sản,2005,
Cơ cấu (%),Nhiên liệu và khoáng sản,2006,
Cơ cấu (%),Nhiên liệu và khoáng sản,2007,
Cơ cấu (%),Nhiên liệu và khoáng sản,2008,
Cơ cấu (%),Nhiên liệu và khoáng sản,2009,
Cơ cấu (%),Nhiên liệu và khoáng sản,2010,
Cơ cấu (%),Nhiên liệu và khoáng sản,2011,
Cơ cấu (%),Nhiên liệu và khoáng sản,2012,
Cơ cấu (%),Nhiên liệu và khoáng sản,2013,
Cơ cấu (%),Nhiên liệu và khoáng sản,2014,
Cơ cấu (%),Nhiên liệu và khoáng sản,2015,3.276115273363793
Cơ cấu (%),Nhiên liệu và khoáng sản,2016,2.173215056840835
Cơ cấu (%),Nhiên liệu và khoáng sản,2017,2.402114466741596
Cơ cấu (%),Nhiên liệu và khoáng sản,2018,2.149867883458649
Cơ cấu (%),Nhiên liệu và khoáng sản,2019,1.9125925539056
Cơ cấu (%),Nhiên liệu và khoáng sản,2020,1.20554887923803
Cơ cấu (%),Nhiên liệu và khoáng sản,2021,1.252075640400527
Cơ cấu (%),Nhiên liệu và khoáng sản,2022,1.4
Cơ cấu (%),Nhiên liệu và khoáng sản,2023,1.4
Cơ cấu (%),Nhiên liệu và khoáng sản,Sơ bộ 2024,0.8
Cơ cấu (%),Công nghiệp chế biến,1995,
Cơ cấu (%),Công nghiệp chế biến,1996,
Cơ cấu (%),Công nghiệp chế biến,1997,
Cơ cấu (%),Công nghiệp chế biến,1998,
Cơ cấu (%),Công nghiệp chế biến,1999,
Cơ cấu (%),Công nghiệp chế biến,2000,
Cơ cấu (%),Công nghiệp chế biến,2001,
Cơ cấu (%),Công nghiệp chế biến,2002,
Cơ cấu (%),Công nghiệp chế biến,2003,
Cơ cấu (%),Công nghiệp chế biến,2004,
Cơ cấu (%),Công nghiệp chế biến,2005,
Cơ cấu (%),Công nghiệp chế biến,2006,
Cơ cấu (%),Công nghiệp chế biến,2007,
Cơ cấu (%),Công nghiệp chế biến,2008,
Cơ cấu (%),Công nghiệp chế biến,2009,
Cơ cấu (%),Công nghiệp chế biến,2010,
Cơ cấu (%),Công nghiệp chế biến,2011,
Cơ cấu (%),Công nghiệp chế biến,2012,
Cơ cấu (%),Công nghiệp chế biến,2013,
Cơ cấu (%),Công nghiệp chế biến,2014,
Cơ cấu (%),Công nghiệp chế biến,2015,82.10772417034788
Cơ cấu (%),Công nghiệp chế biến,2016,83.94138711588688
Cơ cấu (%),Công nghiệp chế biến,2017,84.60059004593684
Cơ cấu (%),Công nghiệp chế biến,2018,85.87602919318161
Cơ cấu (%),Công nghiệp chế biến,2019,87.3452292180302
Cơ cấu (%),Công nghiệp chế biến,2020,88.98136559222147
Cơ cấu (%),Công nghiệp chế biến,2021,89.37843391981926
Cơ cấu (%),Công nghiệp chế biến,2022,89.1
Cơ cấu (%),Công nghiệp chế biến,2023,88.1
Cơ cấu (%),Công nghiệp chế biến,Sơ bộ 2024,88.1
Cơ cấu (%),Hàng nông sản,1995,32.03949420984052
Cơ cấu (%),Hàng nông sản,1996,29.8
Cơ cấu (%),Hàng nông sản,1997,24.3
Cơ cấu (%),Hàng nông sản,1998,24.3
Cơ cấu (%),Hàng nông sản,1999,22.1
Cơ cấu (%),Hàng nông sản,2000,17.7
Cơ cấu (%),Hàng nông sản,2001,16.1
Cơ cấu (%),Hàng nông sản,2002,14.3
Cơ cấu (%),Hàng nông sản,2003,13.3
Cơ cấu (%),Hàng nông sản,2004,12.8
Cơ cấu (%),Hàng nông sản,2005,13.7
Cơ cấu (%),Hàng nông sản,2006,13.4
Cơ cấu (%),Hàng nông sản,2007,14.5
Cơ cấu (%),Hàng nông sản,2008,14.7
Cơ cấu (%),Hàng nông sản,2009,14.6
Cơ cấu (%),Hàng nông sản,2010,14.7
Cơ cấu (%),Hàng nông sản,2011,14.9
Cơ cấu (%),Hàng nông sản,2012,13.5
Cơ cấu (%),Hàng nông sản,2013,10.6
Cơ cấu (%),Hàng nông sản,2014,10.1
Cơ cấu (%),Hàng nông sản,2015,9.1
Cơ cấu (%),Hàng nông sản,2016,8.7
Cơ cấu (%),Hàng nông sản,2017,8.1
Cơ cấu (%),Hàng nông sản,2018,7.2
Cơ cấu (%),Hàng nông sản,2019,6.279087157118027
Cơ cấu (%),Hàng nông sản,2020,5.67092522640463
Cơ cấu (%),Hàng nông sản,2021,5.446985345546096
Cơ cấu (%),Hàng nông sản,2022,5.1
Cơ cấu (%),Hàng nông sản,2023,6.6
Cơ cấu (%),Hàng nông sản,Sơ bộ 2024,7.1
Cơ cấu (%),Hàng lâm sản,1995,2.824423278092827
Cơ cấu (%),Hàng lâm sản,1996,2.9
Cơ cấu (%),Hàng lâm sản,1997,2.5
Cơ cấu (%),Hàng lâm sản,1998,2
Cơ cấu (%),Hàng lâm sản,1999,1.5
Cơ cấu (%),Hàng lâm sản,2000,1.1
Cơ cấu (%),Hàng lâm sản,2001,1.2
Cơ cấu (%),Hàng lâm sản,2002,1.2
Cơ cấu (%),Hàng lâm sản,2003,1
Cơ cấu (%),Hàng lâm sản,2004,0.7
Cơ cấu (%),Hàng lâm sản,2005,0.8
Cơ cấu (%),Hàng lâm sản,2006,0.8
Cơ cấu (%),Hàng lâm sản,2007,0.8
Cơ cấu (%),Hàng lâm sản,2008,0.7
Cơ cấu (%),Hàng lâm sản,2009,0.8
Cơ cấu (%),Hàng lâm sản,2010,1.1
Cơ cấu (%),Hàng lâm sản,2011,1.3
Cơ cấu (%),Hàng lâm sản,2012,1.2
Cơ cấu (%),Hàng lâm sản,2013,1.4
Cơ cấu (%),Hàng lâm sản,2014,1.3
Cơ cấu (%),Hàng lâm sản,2015,1.4
Cơ cấu (%),Hàng lâm sản,2016,1.2
Cơ cấu (%),Hàng lâm sản,2017,1
Cơ cấu (%),Hàng lâm sản,2018,1.2
Cơ cấu (%),Hàng lâm sản,2019,1.238771543401766
Cơ cấu (%),Hàng lâm sản,2020,1.171696559493035
Cơ cấu (%),Hàng lâm sản,2021,1.286719085024331
Cơ cấu (%),Hàng lâm sản,2022,1.5
Cơ cấu (%),Hàng lâm sản,2023,1.4
Cơ cấu (%),Hàng lâm sản,Sơ bộ 2024,1.5
Cơ cấu (%),Hàng thủy sản,1995,11.40413661472958
Cơ cấu (%),Hàng thủy sản,1996,9.6
Cơ cấu (%),Hàng thủy sản,1997,8.5
Cơ cấu (%),Hàng thủy sản,1998,9.2
Cơ cấu (%),Hàng thủy sản,1999,8.4
Cơ cấu (%),Hàng thủy sản,2000,10.1
Cơ cấu (%),Hàng thủy sản,2001,12.1
Cơ cấu (%),Hàng thủy sản,2002,12.1
Cơ cấu (%),Hàng thủy sản,2003,10.8
Cơ cấu (%),Hàng thủy sản,2004,9.1
Cơ cấu (%),Hàng thủy sản,2005,8.4
Cơ cấu (%),Hàng thủy sản,2006,8.4
Cơ cấu (%),Hàng thủy sản,2007,7.7
Cơ cấu (%),Hàng thủy sản,2008,7.2
Cơ cấu (%),Hàng thủy sản,2009,7.5
Cơ cấu (%),Hàng thủy sản,2010,7
Cơ cấu (%),Hàng thủy sản,2011,6.3
Cơ cấu (%),Hàng thủy sản,2012,5.3
Cơ cấu (%),Hàng thủy sản,2013,5.1
Cơ cấu (%),Hàng thủy sản,2014,5.2
Cơ cấu (%),Hàng thủy sản,2015,4.1
Cơ cấu (%),Hàng thủy sản,2016,4
Cơ cấu (%),Hàng thủy sản,2017,3.9
Cơ cấu (%),Hàng thủy sản,2018,3.6
Cơ cấu (%),Hàng thủy sản,2019,3.221746979279998
Cơ cấu (%),Hàng thủy sản,2020,2.968186463409228
Cơ cấu (%),Hàng thủy sản,2021,2.633614123253415
Cơ cấu (%),Hàng thủy sản,2022,2.9
Cơ cấu (%),Hàng thủy sản,2023,2.5
Cơ cấu (%),Hàng thủy sản,Sơ bộ 2024,2.5
Cơ cấu (%),Vàng phi tiền tệ(**),1995,
Cơ cấu (%),Vàng phi tiền tệ(**),1996,
Cơ cấu (%),Vàng phi tiền tệ(**),1997,
Cơ cấu (%),Vàng phi tiền tệ(**),1998,
Cơ cấu (%),Vàng phi tiền tệ(**),1999,
Cơ cấu (%),Vàng phi tiền tệ(**),2000,
Cơ cấu (%),Vàng phi tiền tệ(**),2001,
Cơ cấu (%),Vàng phi tiền tệ(**),2002,
Cơ cấu (%),Vàng phi tiền tệ(**),2003,
Cơ cấu (%),Vàng phi tiền tệ(**),2004,
Cơ cấu (%),Vàng phi tiền tệ(**),2005,
Cơ cấu (%),Vàng phi tiền tệ(**),2006,
Cơ cấu (%),Vàng phi tiền tệ(**),2007,
Cơ cấu (%),Vàng phi tiền tệ(**),2008,0.6
Cơ cấu (%),Vàng phi tiền tệ(**),2009,1.4
Cơ cấu (%),Vàng phi tiền tệ(**),2010,0.050666766338994
Cơ cấu (%),Vàng phi tiền tệ(**),2011,0.1
Cơ cấu (%),Vàng phi tiền tệ(**),2012,0.1
Cơ cấu (%),Vàng phi tiền tệ(**),2013,0.1
Cơ cấu (%),Vàng phi tiền tệ(**),2014,0.01
Cơ cấu (%),Vàng phi tiền tệ(**),2015,0.003
Cơ cấu (%),Vàng phi tiền tệ(**),2016,0.003
Cơ cấu (%),Vàng phi tiền tệ(**),2017,0.003
Cơ cấu (%),Vàng phi tiền tệ(**),2018,0.002
Cơ cấu (%),Vàng phi tiền tệ(**),2019,0.002572548264416
Cơ cấu (%),Vàng phi tiền tệ(**),2020,0.002277259585992
Cơ cấu (%),Vàng phi tiền tệ(**),2021,0.002171885956369
Cơ cấu (%),Vàng phi tiền tệ(**),2022,0.003120667047962
Cơ cấu (%),Vàng phi tiền tệ(**),2023,0.005340432889951
Cơ cấu (%),Vàng phi tiền tệ(**),Sơ bộ 2024,0.005582065025084
