Ngành kinh tế,Năm,Số dự án và tổng vốn đăng ký,Giá trị
Tổng số,2015,Số dự án,2120
Tổng số,2015,Tổng vốn đăng ký (*) (Triệu đô la Mỹ),24115
Tổng số,2016,Số dự án,2613
Tổng số,2016,Tổng vốn đăng ký (*) (Triệu đô la Mỹ),26890.5
Tổng số,2017,Số dự án,2741
Tổng số,2017,Tổng vốn đăng ký (*) (Triệu đô la Mỹ),37100.59568499979
Tổng số,2018,Số dự án,3147
Tổng số,2018,Tổng vốn đăng ký (*) (Triệu đô la Mỹ),36368.55478681847
Tổng số,2019,Số dự án,4028
Tổng số,2019,Tổng vốn đăng ký (*) (Triệu đô la Mỹ),38951.68864441194
Tổng số,2020,Số dự án,2610
Tổng số,2020,Tổng vốn đăng ký (*) (Triệu đô la Mỹ),31045.3
Tổng số,2021,Số dự án,1818
Tổng số,2021,Tổng vốn đăng ký (*) (Triệu đô la Mỹ),38854.30038597938
Tổng số,2022,Số dự án,2169
Tổng số,2022,Tổng vốn đăng ký (*) (Triệu đô la Mỹ),29288.20985157336
Tổng số,2023,Số dự án,3314
Tổng số,2023,Tổng vốn đăng ký (*) (Triệu đô la Mỹ),39390.33861168286
Tổng số,2024,Số dự án,3375
Tổng số,2024,Tổng vốn đăng ký (*) (Triệu đô la Mỹ),38226.17020822613
"Nông nghiệp, lâm nghiệp và thủy sản",2015,Số dự án,17
"Nông nghiệp, lâm nghiệp và thủy sản",2015,Tổng vốn đăng ký (*) (Triệu đô la Mỹ),258
"Nông nghiệp, lâm nghiệp và thủy sản",2016,Số dự án,16
"Nông nghiệp, lâm nghiệp và thủy sản",2016,Tổng vốn đăng ký (*) (Triệu đô la Mỹ),133.5
"Nông nghiệp, lâm nghiệp và thủy sản",2017,Số dự án,17
"Nông nghiệp, lâm nghiệp và thủy sản",2017,Tổng vốn đăng ký (*) (Triệu đô la Mỹ),191.6040294870222
"Nông nghiệp, lâm nghiệp và thủy sản",2018,Số dự án,11
"Nông nghiệp, lâm nghiệp và thủy sản",2018,Tổng vốn đăng ký (*) (Triệu đô la Mỹ),180.6294124707555
"Nông nghiệp, lâm nghiệp và thủy sản",2019,Số dự án,18
"Nông nghiệp, lâm nghiệp và thủy sản",2019,Tổng vốn đăng ký (*) (Triệu đô la Mỹ),104.0758091618675
"Nông nghiệp, lâm nghiệp và thủy sản",2020,Số dự án,13
"Nông nghiệp, lâm nghiệp và thủy sản",2020,Tổng vốn đăng ký (*) (Triệu đô la Mỹ),228.6
"Nông nghiệp, lâm nghiệp và thủy sản",2021,Số dự án,15
"Nông nghiệp, lâm nghiệp và thủy sản",2021,Tổng vốn đăng ký (*) (Triệu đô la Mỹ),161.3917851475
"Nông nghiệp, lâm nghiệp và thủy sản",2022,Số dự án,12
"Nông nghiệp, lâm nghiệp và thủy sản",2022,Tổng vốn đăng ký (*) (Triệu đô la Mỹ),73.9422224875
"Nông nghiệp, lâm nghiệp và thủy sản",2023,Số dự án,19
"Nông nghiệp, lâm nghiệp và thủy sản",2023,Tổng vốn đăng ký (*) (Triệu đô la Mỹ),68.45287354
"Nông nghiệp, lâm nghiệp và thủy sản",2024,Số dự án,11
"Nông nghiệp, lâm nghiệp và thủy sản",2024,Tổng vốn đăng ký (*) (Triệu đô la Mỹ),77.63635099
Khai khoáng,2015,Số dự án,3
Khai khoáng,2015,Tổng vốn đăng ký (*) (Triệu đô la Mỹ),25.4
Khai khoáng,2016,Số dự án,1
Khai khoáng,2016,Tổng vốn đăng ký (*) (Triệu đô la Mỹ),71.5
Khai khoáng,2017,Số dự án,3
Khai khoáng,2017,Tổng vốn đăng ký (*) (Triệu đô la Mỹ),1292.6996564992
Khai khoáng,2018,Số dự án,2
Khai khoáng,2018,Tổng vốn đăng ký (*) (Triệu đô la Mỹ),26.270372
Khai khoáng,2019,Số dự án,2
Khai khoáng,2019,Tổng vốn đăng ký (*) (Triệu đô la Mỹ),35.5882054171615
Khai khoáng,2020,Số dự án,1
Khai khoáng,2020,Tổng vốn đăng ký (*) (Triệu đô la Mỹ),23
Khai khoáng,2021,Số dự án,
Khai khoáng,2021,Tổng vốn đăng ký (*) (Triệu đô la Mỹ),1.47143631
Khai khoáng,2022,Số dự án,1
Khai khoáng,2022,Tổng vốn đăng ký (*) (Triệu đô la Mỹ),19.69933514
Khai khoáng,2023,Số dự án,0
Khai khoáng,2023,Tổng vốn đăng ký (*) (Triệu đô la Mỹ),1.02872326
Khai khoáng,2024,Số dự án,1
Khai khoáng,2024,Tổng vốn đăng ký (*) (Triệu đô la Mỹ),3.82934205
"Công nghiệp chế biến, chế tạo",2015,Số dự án,1012
"Công nghiệp chế biến, chế tạo",2015,Tổng vốn đăng ký (*) (Triệu đô la Mỹ),16428.8
"Công nghiệp chế biến, chế tạo",2016,Số dự án,1042
"Công nghiệp chế biến, chế tạo",2016,Tổng vốn đăng ký (*) (Triệu đô la Mỹ),16936.9
"Công nghiệp chế biến, chế tạo",2017,Số dự án,968
"Công nghiệp chế biến, chế tạo",2017,Tổng vốn đăng ký (*) (Triệu đô la Mỹ),16437.58505929267
"Công nghiệp chế biến, chế tạo",2018,Số dự án,1106
"Công nghiệp chế biến, chế tạo",2018,Tổng vốn đăng ký (*) (Triệu đô la Mỹ),19378.01363355108
"Công nghiệp chế biến, chế tạo",2019,Số dự án,1365
"Công nghiệp chế biến, chế tạo",2019,Tổng vốn đăng ký (*) (Triệu đô la Mỹ),25196.0170963025
"Công nghiệp chế biến, chế tạo",2020,Số dự án,828
"Công nghiệp chế biến, chế tạo",2020,Tổng vốn đăng ký (*) (Triệu đô la Mỹ),14786.7
"Công nghiệp chế biến, chế tạo",2021,Số dự án,551
"Công nghiệp chế biến, chế tạo",2021,Tổng vốn đăng ký (*) (Triệu đô la Mỹ),22500.67798815812
"Công nghiệp chế biến, chế tạo",2022,Số dự án,533
"Công nghiệp chế biến, chế tạo",2022,Tổng vốn đăng ký (*) (Triệu đô la Mỹ),17836.00685638727
"Công nghiệp chế biến, chế tạo",2023,Số dự án,1119
"Công nghiệp chế biến, chế tạo",2023,Tổng vốn đăng ký (*) (Triệu đô la Mỹ),25299.48297829606
"Công nghiệp chế biến, chế tạo",2024,Số dự án,1169
"Công nghiệp chế biến, chế tạo",2024,Tổng vốn đăng ký (*) (Triệu đô la Mỹ),25578.25029902257
"Sản xuất và phân phối điện, khí đốt, nước nóng, hơi nước và điều hoà không khí",2015,Số dự án,10
"Sản xuất và phân phối điện, khí đốt, nước nóng, hơi nước và điều hoà không khí",2015,Tổng vốn đăng ký (*) (Triệu đô la Mỹ),2799.4
"Sản xuất và phân phối điện, khí đốt, nước nóng, hơi nước và điều hoà không khí",2016,Số dự án,3
"Sản xuất và phân phối điện, khí đốt, nước nóng, hơi nước và điều hoà không khí",2016,Tổng vốn đăng ký (*) (Triệu đô la Mỹ),310.4
"Sản xuất và phân phối điện, khí đốt, nước nóng, hơi nước và điều hoà không khí",2017,Số dự án,13
"Sản xuất và phân phối điện, khí đốt, nước nóng, hơi nước và điều hoà không khí",2017,Tổng vốn đăng ký (*) (Triệu đô la Mỹ),8374.065685
"Sản xuất và phân phối điện, khí đốt, nước nóng, hơi nước và điều hoà không khí",2018,Số dự án,20
"Sản xuất và phân phối điện, khí đốt, nước nóng, hơi nước và điều hoà không khí",2018,Tổng vốn đăng ký (*) (Triệu đô la Mỹ),1817.4280167744
"Sản xuất và phân phối điện, khí đốt, nước nóng, hơi nước và điều hoà không khí",2019,Số dự án,15
"Sản xuất và phân phối điện, khí đốt, nước nóng, hơi nước và điều hoà không khí",2019,Tổng vốn đăng ký (*) (Triệu đô la Mỹ),1010.645964143704
"Sản xuất và phân phối điện, khí đốt, nước nóng, hơi nước và điều hoà không khí",2020,Số dự án,20
"Sản xuất và phân phối điện, khí đốt, nước nóng, hơi nước và điều hoà không khí",2020,Tổng vốn đăng ký (*) (Triệu đô la Mỹ),5185.1
"Sản xuất và phân phối điện, khí đốt, nước nóng, hơi nước và điều hoà không khí",2021,Số dự án,24
"Sản xuất và phân phối điện, khí đốt, nước nóng, hơi nước và điều hoà không khí",2021,Tổng vốn đăng ký (*) (Triệu đô la Mỹ),7990.290080209999
"Sản xuất và phân phối điện, khí đốt, nước nóng, hơi nước và điều hoà không khí",2022,Số dự án,11
"Sản xuất và phân phối điện, khí đốt, nước nóng, hơi nước và điều hoà không khí",2022,Tổng vốn đăng ký (*) (Triệu đô la Mỹ),2261.51467008
"Sản xuất và phân phối điện, khí đốt, nước nóng, hơi nước và điều hoà không khí",2023,Số dự án,12
"Sản xuất và phân phối điện, khí đốt, nước nóng, hơi nước và điều hoà không khí",2023,Tổng vốn đăng ký (*) (Triệu đô la Mỹ),2381.93194866
"Sản xuất và phân phối điện, khí đốt, nước nóng, hơi nước và điều hoà không khí",2024,Số dự án,4
"Sản xuất và phân phối điện, khí đốt, nước nóng, hơi nước và điều hoà không khí",2024,Tổng vốn đăng ký (*) (Triệu đô la Mỹ),1421.4961459
"Cung cấp nước; hoạt động quản lý và xử lý rác thải, nước thải",2015,Số dự án,3
"Cung cấp nước; hoạt động quản lý và xử lý rác thải, nước thải",2015,Tổng vốn đăng ký (*) (Triệu đô la Mỹ),17.6
"Cung cấp nước; hoạt động quản lý và xử lý rác thải, nước thải",2016,Số dự án,13
"Cung cấp nước; hoạt động quản lý và xử lý rác thải, nước thải",2016,Tổng vốn đăng ký (*) (Triệu đô la Mỹ),491.5
"Cung cấp nước; hoạt động quản lý và xử lý rác thải, nước thải",2017,Số dự án,13
"Cung cấp nước; hoạt động quản lý và xử lý rác thải, nước thải",2017,Tổng vốn đăng ký (*) (Triệu đô la Mỹ),887.460029
"Cung cấp nước; hoạt động quản lý và xử lý rác thải, nước thải",2018,Số dự án,7
"Cung cấp nước; hoạt động quản lý và xử lý rác thải, nước thải",2018,Tổng vốn đăng ký (*) (Triệu đô la Mỹ),299.7870833333333
"Cung cấp nước; hoạt động quản lý và xử lý rác thải, nước thải",2019,Số dự án,6
"Cung cấp nước; hoạt động quản lý và xử lý rác thải, nước thải",2019,Tổng vốn đăng ký (*) (Triệu đô la Mỹ),250.0223915621529
"Cung cấp nước; hoạt động quản lý và xử lý rác thải, nước thải",2020,Số dự án,5
"Cung cấp nước; hoạt động quản lý và xử lý rác thải, nước thải",2020,Tổng vốn đăng ký (*) (Triệu đô la Mỹ),90.8
"Cung cấp nước; hoạt động quản lý và xử lý rác thải, nước thải",2021,Số dự án,3
"Cung cấp nước; hoạt động quản lý và xử lý rác thải, nước thải",2021,Tổng vốn đăng ký (*) (Triệu đô la Mỹ),119.25198769
"Cung cấp nước; hoạt động quản lý và xử lý rác thải, nước thải",2022,Số dự án,4
"Cung cấp nước; hoạt động quản lý và xử lý rác thải, nước thải",2022,Tổng vốn đăng ký (*) (Triệu đô la Mỹ),64.45958184
"Cung cấp nước; hoạt động quản lý và xử lý rác thải, nước thải",2023,Số dự án,3
"Cung cấp nước; hoạt động quản lý và xử lý rác thải, nước thải",2023,Tổng vốn đăng ký (*) (Triệu đô la Mỹ),116.17831175
"Cung cấp nước; hoạt động quản lý và xử lý rác thải, nước thải",2024,Số dự án,1
"Cung cấp nước; hoạt động quản lý và xử lý rác thải, nước thải",2024,Tổng vốn đăng ký (*) (Triệu đô la Mỹ),20.6290898500024
Xây dựng,2015,Số dự án,115
Xây dựng,2015,Tổng vốn đăng ký (*) (Triệu đô la Mỹ),738.6
Xây dựng,2016,Số dự án,127
Xây dựng,2016,Tổng vốn đăng ký (*) (Triệu đô la Mỹ),634.1
Xây dựng,2017,Số dự án,128
Xây dựng,2017,Tổng vốn đăng ký (*) (Triệu đô la Mỹ),1260.416957786372
Xây dựng,2018,Số dự án,118
Xây dựng,2018,Tổng vốn đăng ký (*) (Triệu đô la Mỹ),659.1907302185335
Xây dựng,2019,Số dự án,139
Xây dựng,2019,Tổng vốn đăng ký (*) (Triệu đô la Mỹ),993.8463692530316
Xây dựng,2020,Số dự án,79
Xây dựng,2020,Tổng vốn đăng ký (*) (Triệu đô la Mỹ),618.6
Xây dựng,2021,Số dự án,28
Xây dựng,2021,Tổng vốn đăng ký (*) (Triệu đô la Mỹ),465.1203141699999
Xây dựng,2022,Số dự án,36
Xây dựng,2022,Tổng vốn đăng ký (*) (Triệu đô la Mỹ),311.4139726032813
Xây dựng,2023,Số dự án,40
Xây dựng,2023,Tổng vốn đăng ký (*) (Triệu đô la Mỹ),352.770729730625
Xây dựng,2024,Số dự án,52
Xây dựng,2024,Tổng vốn đăng ký (*) (Triệu đô la Mỹ),642.7667952318749
"Bán buôn và bán lẻ; sử chữa ô tô, mô tô, xe máy và xe có động cơ khác",2015,Số dự án,328
"Bán buôn và bán lẻ; sử chữa ô tô, mô tô, xe máy và xe có động cơ khác",2015,Tổng vốn đăng ký (*) (Triệu đô la Mỹ),684.4
"Bán buôn và bán lẻ; sử chữa ô tô, mô tô, xe máy và xe có động cơ khác",2016,Số dự án,514
"Bán buôn và bán lẻ; sử chữa ô tô, mô tô, xe máy và xe có động cơ khác",2016,Tổng vốn đăng ký (*) (Triệu đô la Mỹ),1972.1
"Bán buôn và bán lẻ; sử chữa ô tô, mô tô, xe máy và xe có động cơ khác",2017,Số dự án,619
"Bán buôn và bán lẻ; sử chữa ô tô, mô tô, xe máy và xe có động cơ khác",2017,Tổng vốn đăng ký (*) (Triệu đô la Mỹ),2213.077426192152
"Bán buôn và bán lẻ; sử chữa ô tô, mô tô, xe máy và xe có động cơ khác",2018,Số dự án,788
"Bán buôn và bán lẻ; sử chữa ô tô, mô tô, xe máy và xe có động cơ khác",2018,Tổng vốn đăng ký (*) (Triệu đô la Mỹ),1727.615464418623
"Bán buôn và bán lẻ; sử chữa ô tô, mô tô, xe máy và xe có động cơ khác",2019,Số dự án,1140
"Bán buôn và bán lẻ; sử chữa ô tô, mô tô, xe máy và xe có động cơ khác",2019,Tổng vốn đăng ký (*) (Triệu đô la Mỹ),2594.014139128593
"Bán buôn và bán lẻ; sử chữa ô tô, mô tô, xe máy và xe có động cơ khác",2020,Số dự án,722
"Bán buôn và bán lẻ; sử chữa ô tô, mô tô, xe máy và xe có động cơ khác",2020,Tổng vốn đăng ký (*) (Triệu đô la Mỹ),1785.3
"Bán buôn và bán lẻ; sử chữa ô tô, mô tô, xe máy và xe có động cơ khác",2021,Số dự án,507
"Bán buôn và bán lẻ; sử chữa ô tô, mô tô, xe máy và xe có động cơ khác",2021,Tổng vốn đăng ký (*) (Triệu đô la Mỹ),1426.481840066249
"Bán buôn và bán lẻ; sử chữa ô tô, mô tô, xe máy và xe có động cơ khác",2022,Số dự án,643
"Bán buôn và bán lẻ; sử chữa ô tô, mô tô, xe máy và xe có động cơ khác",2022,Tổng vốn đăng ký (*) (Triệu đô la Mỹ),1120.206551155781
"Bán buôn và bán lẻ; sử chữa ô tô, mô tô, xe máy và xe có động cơ khác",2023,Số dự án,981
"Bán buôn và bán lẻ; sử chữa ô tô, mô tô, xe máy và xe có động cơ khác",2023,Tổng vốn đăng ký (*) (Triệu đô la Mỹ),1334.428992791171
"Bán buôn và bán lẻ; sử chữa ô tô, mô tô, xe máy và xe có động cơ khác",2024,Số dự án,1172
"Bán buôn và bán lẻ; sử chữa ô tô, mô tô, xe máy và xe có động cơ khác",2024,Tổng vốn đăng ký (*) (Triệu đô la Mỹ),1407.474534665625
"Vận tải, kho bãi",2015,Số dự án,55
"Vận tải, kho bãi",2015,Tổng vốn đăng ký (*) (Triệu đô la Mỹ),145
"Vận tải, kho bãi",2016,Số dự án,89
"Vận tải, kho bãi",2016,Tổng vốn đăng ký (*) (Triệu đô la Mỹ),903
"Vận tải, kho bãi",2017,Số dự án,82
"Vận tải, kho bãi",2017,Tổng vốn đăng ký (*) (Triệu đô la Mỹ),450.4057765901333
"Vận tải, kho bãi",2018,Số dự án,77
"Vận tải, kho bãi",2018,Tổng vốn đăng ký (*) (Triệu đô la Mỹ),440.7835969888889
"Vận tải, kho bãi",2019,Số dự án,105
"Vận tải, kho bãi",2019,Tổng vốn đăng ký (*) (Triệu đô la Mỹ),356.5200964185038
"Vận tải, kho bãi",2020,Số dự án,62
"Vận tải, kho bãi",2020,Tổng vốn đăng ký (*) (Triệu đô la Mỹ),666.3
"Vận tải, kho bãi",2021,Số dự án,56
"Vận tải, kho bãi",2021,Tổng vốn đăng ký (*) (Triệu đô la Mỹ),741.90947862
"Vận tải, kho bãi",2022,Số dự án,78
"Vận tải, kho bãi",2022,Tổng vốn đăng ký (*) (Triệu đô la Mỹ),453.7639027
"Vận tải, kho bãi",2023,Số dự án,122
"Vận tải, kho bãi",2023,Tổng vốn đăng ký (*) (Triệu đô la Mỹ),490.7760292803125
"Vận tải, kho bãi",2024,Số dự án,115
"Vận tải, kho bãi",2024,Tổng vốn đăng ký (*) (Triệu đô la Mỹ),487.7886425141463
Dịch vụ lưu trú và ăn uống,2015,Số dự án,65
Dịch vụ lưu trú và ăn uống,2015,Tổng vốn đăng ký (*) (Triệu đô la Mỹ),139.4
Dịch vụ lưu trú và ăn uống,2016,Số dự án,100
Dịch vụ lưu trú và ăn uống,2016,Tổng vốn đăng ký (*) (Triệu đô la Mỹ),474.7
Dịch vụ lưu trú và ăn uống,2017,Số dự án,113
Dịch vụ lưu trú và ăn uống,2017,Tổng vốn đăng ký (*) (Triệu đô la Mỹ),534.112720529733
Dịch vụ lưu trú và ăn uống,2018,Số dự án,104
Dịch vụ lưu trú và ăn uống,2018,Tổng vốn đăng ký (*) (Triệu đô la Mỹ),373.8348187801333
Dịch vụ lưu trú và ăn uống,2019,Số dự án,106
Dịch vụ lưu trú và ăn uống,2019,Tổng vốn đăng ký (*) (Triệu đô la Mỹ),490.5599594665163
Dịch vụ lưu trú và ăn uống,2020,Số dự án,58
Dịch vụ lưu trú và ăn uống,2020,Tổng vốn đăng ký (*) (Triệu đô la Mỹ),354.5
Dịch vụ lưu trú và ăn uống,2021,Số dự án,26
Dịch vụ lưu trú và ăn uống,2021,Tổng vốn đăng ký (*) (Triệu đô la Mỹ),170.58982113
Dịch vụ lưu trú và ăn uống,2022,Số dự án,37
Dịch vụ lưu trú và ăn uống,2022,Tổng vốn đăng ký (*) (Triệu đô la Mỹ),14.31649194
Dịch vụ lưu trú và ăn uống,2023,Số dự án,66
Dịch vụ lưu trú và ăn uống,2023,Tổng vốn đăng ký (*) (Triệu đô la Mỹ),89.0601869909375
Dịch vụ lưu trú và ăn uống,2024,Số dự án,38
Dịch vụ lưu trú và ăn uống,2024,Tổng vốn đăng ký (*) (Triệu đô la Mỹ),123.6541152302539
Thông tin và truyền thông,2015,Số dự án,171
Thông tin và truyền thông,2015,Tổng vốn đăng ký (*) (Triệu đô la Mỹ),96.9
Thông tin và truyền thông,2016,Số dự án,200
Thông tin và truyền thông,2016,Tổng vốn đăng ký (*) (Triệu đô la Mỹ),377.5
Thông tin và truyền thông,2017,Số dự án,197
Thông tin và truyền thông,2017,Tổng vốn đăng ký (*) (Triệu đô la Mỹ),239.820416955379
Thông tin và truyền thông,2018,Số dự án,248
Thông tin và truyền thông,2018,Tổng vốn đăng ký (*) (Triệu đô la Mỹ),591.7697498097334
Thông tin và truyền thông,2019,Số dự án,310
Thông tin và truyền thông,2019,Tổng vốn đăng ký (*) (Triệu đô la Mỹ),530.410439390517
Thông tin và truyền thông,2020,Số dự án,219
Thông tin và truyền thông,2020,Tổng vốn đăng ký (*) (Triệu đô la Mỹ),282.1
Thông tin và truyền thông,2021,Số dự án,168
Thông tin và truyền thông,2021,Tổng vốn đăng ký (*) (Triệu đô la Mỹ),412.9159191699999
Thông tin và truyền thông,2022,Số dự án,260
Thông tin và truyền thông,2022,Tổng vốn đăng ký (*) (Triệu đô la Mỹ),675.1120593890626
Thông tin và truyền thông,2023,Số dự án,301
Thông tin và truyền thông,2023,Tổng vốn đăng ký (*) (Triệu đô la Mỹ),420.93315818625
Thông tin và truyền thông,2024,Số dự án,235
Thông tin và truyền thông,2024,Tổng vốn đăng ký (*) (Triệu đô la Mỹ),281.676608539821
"Hoạt động tài chính, ngân hàng và bảo hiểm",2015,Số dự án,
"Hoạt động tài chính, ngân hàng và bảo hiểm",2015,Tổng vốn đăng ký (*) (Triệu đô la Mỹ),1.1
"Hoạt động tài chính, ngân hàng và bảo hiểm",2016,Số dự án,12
"Hoạt động tài chính, ngân hàng và bảo hiểm",2016,Tổng vốn đăng ký (*) (Triệu đô la Mỹ),582.7
"Hoạt động tài chính, ngân hàng và bảo hiểm",2017,Số dự án,3
"Hoạt động tài chính, ngân hàng và bảo hiểm",2017,Tổng vốn đăng ký (*) (Triệu đô la Mỹ),245.772653702
"Hoạt động tài chính, ngân hàng và bảo hiểm",2018,Số dự án,5
"Hoạt động tài chính, ngân hàng và bảo hiểm",2018,Tổng vốn đăng ký (*) (Triệu đô la Mỹ),34.2989034266667
"Hoạt động tài chính, ngân hàng và bảo hiểm",2019,Số dự án,13
"Hoạt động tài chính, ngân hàng và bảo hiểm",2019,Tổng vốn đăng ký (*) (Triệu đô la Mỹ),1171.93125209979
"Hoạt động tài chính, ngân hàng và bảo hiểm",2020,Số dự án,8
"Hoạt động tài chính, ngân hàng và bảo hiểm",2020,Tổng vốn đăng ký (*) (Triệu đô la Mỹ),287.8
"Hoạt động tài chính, ngân hàng và bảo hiểm",2021,Số dự án,1
"Hoạt động tài chính, ngân hàng và bảo hiểm",2021,Tổng vốn đăng ký (*) (Triệu đô la Mỹ),59.6260256
"Hoạt động tài chính, ngân hàng và bảo hiểm",2022,Số dự án,8
"Hoạt động tài chính, ngân hàng và bảo hiểm",2022,Tổng vốn đăng ký (*) (Triệu đô la Mỹ),84.20346011
"Hoạt động tài chính, ngân hàng và bảo hiểm",2023,Số dự án,12
"Hoạt động tài chính, ngân hàng và bảo hiểm",2023,Tổng vốn đăng ký (*) (Triệu đô la Mỹ),1557.10481025
"Hoạt động tài chính, ngân hàng và bảo hiểm",2024,Số dự án,6
"Hoạt động tài chính, ngân hàng và bảo hiểm",2024,Tổng vốn đăng ký (*) (Triệu đô la Mỹ),123.59411296
Hoạt động kinh doanh bất động sản,2015,Số dự án,34
Hoạt động kinh doanh bất động sản,2015,Tổng vốn đăng ký (*) (Triệu đô la Mỹ),2394.7
Hoạt động kinh doanh bất động sản,2016,Số dự án,62
Hoạt động kinh doanh bất động sản,2016,Tổng vốn đăng ký (*) (Triệu đô la Mỹ),2355
Hoạt động kinh doanh bất động sản,2017,Số dự án,74
Hoạt động kinh doanh bất động sản,2017,Tổng vốn đăng ký (*) (Triệu đô la Mỹ),3107.532571176133
Hoạt động kinh doanh bất động sản,2018,Số dự án,95
Hoạt động kinh doanh bất động sản,2018,Tổng vốn đăng ký (*) (Triệu đô la Mỹ),8253.30282344576
Hoạt động kinh doanh bất động sản,2019,Số dự án,127
Hoạt động kinh doanh bất động sản,2019,Tổng vốn đăng ký (*) (Triệu đô la Mỹ),3860.356454598808
Hoạt động kinh doanh bất động sản,2020,Số dự án,71
Hoạt động kinh doanh bất động sản,2020,Tổng vốn đăng ký (*) (Triệu đô la Mỹ),4976
Hoạt động kinh doanh bất động sản,2021,Số dự án,63
Hoạt động kinh doanh bất động sản,2021,Tổng vốn đăng ký (*) (Triệu đô la Mỹ),3607.174195080001
Hoạt động kinh doanh bất động sản,2022,Số dự án,79
Hoạt động kinh doanh bất động sản,2022,Tổng vốn đăng ký (*) (Triệu đô la Mỹ),4533.994299800001
Hoạt động kinh doanh bất động sản,2023,Số dự án,75
Hoạt động kinh doanh bất động sản,2023,Tổng vốn đăng ký (*) (Triệu đô la Mỹ),5310.456135684364
Hoạt động kinh doanh bất động sản,2024,Số dự án,81
Hoạt động kinh doanh bất động sản,2024,Tổng vốn đăng ký (*) (Triệu đô la Mỹ),6309.454257112509
"Hoạt động chuyên môn, khoa học và công nghệ",2015,Số dự án,215
"Hoạt động chuyên môn, khoa học và công nghệ",2015,Tổng vốn đăng ký (*) (Triệu đô la Mỹ),250.1
"Hoạt động chuyên môn, khoa học và công nghệ",2016,Số dự án,285
"Hoạt động chuyên môn, khoa học và công nghệ",2016,Tổng vốn đăng ký (*) (Triệu đô la Mỹ),938.8
"Hoạt động chuyên môn, khoa học và công nghệ",2017,Số dự án,342
"Hoạt động chuyên môn, khoa học và công nghệ",2017,Tổng vốn đăng ký (*) (Triệu đô la Mỹ),1155.222407924631
"Hoạt động chuyên môn, khoa học và công nghệ",2018,Số dự án,391
"Hoạt động chuyên môn, khoa học và công nghệ",2018,Tổng vốn đăng ký (*) (Triệu đô la Mỹ),997.0085461071956
"Hoạt động chuyên môn, khoa học và công nghệ",2019,Số dự án,518
"Hoạt động chuyên môn, khoa học và công nghệ",2019,Tổng vốn đăng ký (*) (Triệu đô la Mỹ),1839.863807263077
"Hoạt động chuyên môn, khoa học và công nghệ",2020,Số dự án,389
"Hoạt động chuyên môn, khoa học và công nghệ",2020,Tổng vốn đăng ký (*) (Triệu đô la Mỹ),1524.6
"Hoạt động chuyên môn, khoa học và công nghệ",2021,Số dự án,307
"Hoạt động chuyên môn, khoa học và công nghệ",2021,Tổng vốn đăng ký (*) (Triệu đô la Mỹ),1089.036211612499
"Hoạt động chuyên môn, khoa học và công nghệ",2022,Số dự án,358
"Hoạt động chuyên môn, khoa học và công nghệ",2022,Tổng vốn đăng ký (*) (Triệu đô la Mỹ),1486.309505145
"Hoạt động chuyên môn, khoa học và công nghệ",2023,Số dự án,414
"Hoạt động chuyên môn, khoa học và công nghệ",2023,Tổng vốn đăng ký (*) (Triệu đô la Mỹ),1437.81618741875
"Hoạt động chuyên môn, khoa học và công nghệ",2024,Số dự án,364
"Hoạt động chuyên môn, khoa học và công nghệ",2024,Tổng vốn đăng ký (*) (Triệu đô la Mỹ),1268.798003976264
Hoạt động hành chính và dịch vụ hỗ trợ,2015,Số dự án,25
Hoạt động hành chính và dịch vụ hỗ trợ,2015,Tổng vốn đăng ký (*) (Triệu đô la Mỹ),51.9
Hoạt động hành chính và dịch vụ hỗ trợ,2016,Số dự án,58
Hoạt động hành chính và dịch vụ hỗ trợ,2016,Tổng vốn đăng ký (*) (Triệu đô la Mỹ),188.6
Hoạt động hành chính và dịch vụ hỗ trợ,2017,Số dự án,67
Hoạt động hành chính và dịch vụ hỗ trợ,2017,Tổng vốn đăng ký (*) (Triệu đô la Mỹ),110.806038682
Hoạt động hành chính và dịch vụ hỗ trợ,2018,Số dự án,77
Hoạt động hành chính và dịch vụ hỗ trợ,2018,Tổng vốn đăng ký (*) (Triệu đô la Mỹ),193.7621967624444
Hoạt động hành chính và dịch vụ hỗ trợ,2019,Số dự án,67
Hoạt động hành chính và dịch vụ hỗ trợ,2019,Tổng vốn đăng ký (*) (Triệu đô la Mỹ),127.7196771792181
Hoạt động hành chính và dịch vụ hỗ trợ,2020,Số dự án,60
Hoạt động hành chính và dịch vụ hỗ trợ,2020,Tổng vốn đăng ký (*) (Triệu đô la Mỹ),42.9
Hoạt động hành chính và dịch vụ hỗ trợ,2021,Số dự án,39
Hoạt động hành chính và dịch vụ hỗ trợ,2021,Tổng vốn đăng ký (*) (Triệu đô la Mỹ),46.85789831
Hoạt động hành chính và dịch vụ hỗ trợ,2022,Số dự án,60
Hoạt động hành chính và dịch vụ hỗ trợ,2022,Tổng vốn đăng ký (*) (Triệu đô la Mỹ),66.29890305
Hoạt động hành chính và dịch vụ hỗ trợ,2023,Số dự án,64
Hoạt động hành chính và dịch vụ hỗ trợ,2023,Tổng vốn đăng ký (*) (Triệu đô la Mỹ),60.536426848125
Hoạt động hành chính và dịch vụ hỗ trợ,2024,Số dự án,69
Hoạt động hành chính và dịch vụ hỗ trợ,2024,Tổng vốn đăng ký (*) (Triệu đô la Mỹ),160.3661324530717
Giáo dục và đào tạo,2015,Số dự án,40
Giáo dục và đào tạo,2015,Tổng vốn đăng ký (*) (Triệu đô la Mỹ),29.2
Giáo dục và đào tạo,2016,Số dự án,72
Giáo dục và đào tạo,2016,Tổng vốn đăng ký (*) (Triệu đô la Mỹ),64.6
Giáo dục và đào tạo,2017,Số dự án,69
Giáo dục và đào tạo,2017,Tổng vốn đăng ký (*) (Triệu đô la Mỹ),122.3156882136445
Giáo dục và đào tạo,2018,Số dự án,73
Giáo dục và đào tạo,2018,Tổng vốn đăng ký (*) (Triệu đô la Mỹ),79.6913716220444
Giáo dục và đào tạo,2019,Số dự án,72
Giáo dục và đào tạo,2019,Tổng vốn đăng ký (*) (Triệu đô la Mỹ),67.3868159292977
Giáo dục và đào tạo,2020,Số dự án,57
Giáo dục và đào tạo,2020,Tổng vốn đăng ký (*) (Triệu đô la Mỹ),109.2
Giáo dục và đào tạo,2021,Số dự án,27
Giáo dục và đào tạo,2021,Tổng vốn đăng ký (*) (Triệu đô la Mỹ),51.57145423
Giáo dục và đào tạo,2022,Số dự án,41
Giáo dục và đào tạo,2022,Tổng vốn đăng ký (*) (Triệu đô la Mỹ),253.5568351554687
Giáo dục và đào tạo,2023,Số dự án,68
Giáo dục và đào tạo,2023,Tổng vốn đăng ký (*) (Triệu đô la Mỹ),47.58205237625
Giáo dục và đào tạo,2024,Số dự án,38
Giáo dục và đào tạo,2024,Tổng vốn đăng ký (*) (Triệu đô la Mỹ),39.59924641
Y tế và hoạt động trợ giúp xã hội,2015,Số dự án,10
Y tế và hoạt động trợ giúp xã hội,2015,Tổng vốn đăng ký (*) (Triệu đô la Mỹ),13.3
Y tế và hoạt động trợ giúp xã hội,2016,Số dự án,10
Y tế và hoạt động trợ giúp xã hội,2016,Tổng vốn đăng ký (*) (Triệu đô la Mỹ),52.5
Y tế và hoạt động trợ giúp xã hội,2017,Số dự án,16
Y tế và hoạt động trợ giúp xã hội,2017,Tổng vốn đăng ký (*) (Triệu đô la Mỹ),389.3681521182222
Y tế và hoạt động trợ giúp xã hội,2018,Số dự án,9
Y tế và hoạt động trợ giúp xã hội,2018,Tổng vốn đăng ký (*) (Triệu đô la Mỹ),154.0994003088889
Y tế và hoạt động trợ giúp xã hội,2019,Số dự án,7
Y tế và hoạt động trợ giúp xã hội,2019,Tổng vốn đăng ký (*) (Triệu đô la Mỹ),212.3310056966175
Y tế và hoạt động trợ giúp xã hội,2020,Số dự án,9
Y tế và hoạt động trợ giúp xã hội,2020,Tổng vốn đăng ký (*) (Triệu đô la Mỹ),32.6
Y tế và hoạt động trợ giúp xã hội,2021,Số dự án,1
Y tế và hoạt động trợ giúp xã hội,2021,Tổng vốn đăng ký (*) (Triệu đô la Mỹ),4.517988945
Y tế và hoạt động trợ giúp xã hội,2022,Số dự án,4
Y tế và hoạt động trợ giúp xã hội,2022,Tổng vốn đăng ký (*) (Triệu đô la Mỹ),23.07105573
Y tế và hoạt động trợ giúp xã hội,2023,Số dự án,5
Y tế và hoạt động trợ giúp xã hội,2023,Tổng vốn đăng ký (*) (Triệu đô la Mỹ),362.59343308
Y tế và hoạt động trợ giúp xã hội,2024,Số dự án,2
Y tế và hoạt động trợ giúp xã hội,2024,Tổng vốn đăng ký (*) (Triệu đô la Mỹ),95.37231744
"Nghệ thuật, vui chơi và giải trí",2015,Số dự án,1
"Nghệ thuật, vui chơi và giải trí",2015,Tổng vốn đăng ký (*) (Triệu đô la Mỹ),2.9
"Nghệ thuật, vui chơi và giải trí",2016,Số dự án,2
"Nghệ thuật, vui chơi và giải trí",2016,Tổng vốn đăng ký (*) (Triệu đô la Mỹ),330.2
"Nghệ thuật, vui chơi và giải trí",2017,Số dự án,8
"Nghệ thuật, vui chơi và giải trí",2017,Tổng vốn đăng ký (*) (Triệu đô la Mỹ),39.0943603333333
"Nghệ thuật, vui chơi và giải trí",2018,Số dự án,7
"Nghệ thuật, vui chơi và giải trí",2018,Tổng vốn đăng ký (*) (Triệu đô la Mỹ),1138.598799555556
"Nghệ thuật, vui chơi và giải trí",2019,Số dự án,6
"Nghệ thuật, vui chơi và giải trí",2019,Tổng vốn đăng ký (*) (Triệu đô la Mỹ),62.7488774733723
"Nghệ thuật, vui chơi và giải trí",2020,Số dự án,4
"Nghệ thuật, vui chơi và giải trí",2020,Tổng vốn đăng ký (*) (Triệu đô la Mỹ),4.7
"Nghệ thuật, vui chơi và giải trí",2021,Số dự án,1
"Nghệ thuật, vui chơi và giải trí",2021,Tổng vốn đăng ký (*) (Triệu đô la Mỹ),1.68155786
"Nghệ thuật, vui chơi và giải trí",2022,Số dự án,1
"Nghệ thuật, vui chơi và giải trí",2022,Tổng vốn đăng ký (*) (Triệu đô la Mỹ),3.84962623
"Nghệ thuật, vui chơi và giải trí",2023,Số dự án,5
"Nghệ thuật, vui chơi và giải trí",2023,Tổng vốn đăng ký (*) (Triệu đô la Mỹ),13.62249417
"Nghệ thuật, vui chơi và giải trí",2024,Số dự án,8
"Nghệ thuật, vui chơi và giải trí",2024,Tổng vốn đăng ký (*) (Triệu đô la Mỹ),14.28641836
Hoạt động dịch vụ khác,2015,Số dự án,16
Hoạt động dịch vụ khác,2015,Tổng vốn đăng ký (*) (Triệu đô la Mỹ),38.3
Hoạt động dịch vụ khác,2016,Số dự án,7
Hoạt động dịch vụ khác,2016,Tổng vốn đăng ký (*) (Triệu đô la Mỹ),72.9
Hoạt động dịch vụ khác,2017,Số dự án,9
Hoạt động dịch vụ khác,2017,Tổng vốn đăng ký (*) (Triệu đô la Mỹ),49.2360555171556
Hoạt động dịch vụ khác,2018,Số dự án,9
Hoạt động dịch vụ khác,2018,Tổng vốn đăng ký (*) (Triệu đô la Mỹ),22.4698672444445
Hoạt động dịch vụ khác,2019,Số dự án,12
Hoạt động dịch vụ khác,2019,Tổng vốn đăng ký (*) (Triệu đô la Mỹ),47.650283927217
Hoạt động dịch vụ khác,2020,Số dự án,5
Hoạt động dịch vụ khác,2020,Tổng vốn đăng ký (*) (Triệu đô la Mỹ),46.5
Hoạt động dịch vụ khác,2021,Số dự án,1
Hoạt động dịch vụ khác,2021,Tổng vốn đăng ký (*) (Triệu đô la Mỹ),3.73440367
Hoạt động dịch vụ khác,2022,Số dự án,3
Hoạt động dịch vụ khác,2022,Tổng vốn đăng ký (*) (Triệu đô la Mỹ),6.49052263
Hoạt động dịch vụ khác,2023,Số dự án,8
Hoạt động dịch vụ khác,2023,Tổng vốn đăng ký (*) (Triệu đô la Mỹ),45.58313937
Hoạt động dịch vụ khác,2024,Số dự án,9
Hoạt động dịch vụ khác,2024,Tổng vốn đăng ký (*) (Triệu đô la Mỹ),169.4977955199938
