Đối tác đầu tư,Số dự án và tổng vốn đăng ký,Giá trị
TỔNG SỐ,Số dự án,1825
TỔNG SỐ,Tổng vốn đăng ký (Triệu đô la Mỹ)(*),22648.99926011793
Lào,Số dự án,269
Lào,Tổng vốn đăng ký (Triệu đô la Mỹ)(*),5716.5036659
Cam-pu-chia,Số dự án,214
Cam-pu-chia,Tổng vốn đăng ký (Triệu đô la Mỹ)(*),2939.64849711
Vê-nê-xu-ê-la,Số dự án,2
Vê-nê-xu-ê-la,Tổng vốn đăng ký (Triệu đô la Mỹ)(*),1825.12
Liên bang Nga,Số dự án,16
Liên bang Nga,Tổng vốn đăng ký (Triệu đô la Mỹ)(*),1625.013985
My-an-ma,Số dự án,104
My-an-ma,Tổng vốn đăng ký (Triệu đô la Mỹ)(*),1468.015439
Hoa Kỳ,Số dự án,246
Hoa Kỳ,Tổng vốn đăng ký (Triệu đô la Mỹ)(*),1355.58310187
Pê-ru,Số dự án,5
Pê-ru,Tổng vốn đăng ký (Triệu đô la Mỹ)(*),1276.72983
An-giê-ri,Số dự án,1
An-giê-ri,Tổng vốn đăng ký (Triệu đô la Mỹ)(*),1261.5
Ma-lai-xi-a,Số dự án,27
Ma-lai-xi-a,Tổng vốn đăng ký (Triệu đô la Mỹ)(*),854.569912
Xin-ga-po,Số dự án,180
Xin-ga-po,Tổng vốn đăng ký (Triệu đô la Mỹ)(*),668.4323199204772
Ôx-trây-li-a,Số dự án,93
Ôx-trây-li-a,Tổng vốn đăng ký (Triệu đô la Mỹ)(*),550.4895266873993
Tan-đa-ni-a,Số dự án,4
Tan-đa-ni-a,Tổng vốn đăng ký (Triệu đô la Mỹ)(*),356.291828
Mô-dăm-bích,Số dự án,3
Mô-dăm-bích,Tổng vốn đăng ký (Triệu đô la Mỹ)(*),345.893
CHLB Đức,Số dự án,43
CHLB Đức,Tổng vốn đăng ký (Triệu đô la Mỹ)(*),257.7912639345454
Ca-na-đa,Số dự án,19
Ca-na-đa,Tổng vốn đăng ký (Triệu đô la Mỹ)(*),238.71702827
Ca-mơ-run,Số dự án,2
Ca-mơ-run,Tổng vốn đăng ký (Triệu đô la Mỹ)(*),230.687303
In-đô-nê-xi-a,Số dự án,26
In-đô-nê-xi-a,Tổng vốn đăng ký (Triệu đô la Mỹ)(*),197.96902181
Burundi,Số dự án,1
Burundi,Tổng vốn đăng ký (Triệu đô la Mỹ)(*),170
Quần đảo Virgin thuộc Anh,Số dự án,10
Quần đảo Virgin thuộc Anh,Tổng vốn đăng ký (Triệu đô la Mỹ)(*),134.022952
Ấn Độ,Số dự án,19
Ấn Độ,Tổng vốn đăng ký (Triệu đô la Mỹ)(*),104.05931639
Hà Lan,Số dự án,9
Hà Lan,Tổng vốn đăng ký (Triệu đô la Mỹ)(*),89.79955611
Cu-ba,Số dự án,6
Cu-ba,Tổng vốn đăng ký (Triệu đô la Mỹ)(*),84.51970069
I-ran,Số dự án,1
I-ran,Tổng vốn đăng ký (Triệu đô la Mỹ)(*),82.07
I-xra-ren,Số dự án,4
I-xra-ren,Tổng vốn đăng ký (Triệu đô la Mỹ)(*),78.25
Tây Ban Nha,Số dự án,3
Tây Ban Nha,Tổng vốn đăng ký (Triệu đô la Mỹ)(*),64.18465
Hai-i-ti,Số dự án,2
Hai-i-ti,Tổng vốn đăng ký (Triệu đô la Mỹ)(*),59.892455
Quốc đảo Marshall,Số dự án,1
Quốc đảo Marshall,Tổng vốn đăng ký (Triệu đô la Mỹ)(*),56.92622
Đặc khu hành chính Hồng Công (TQ),Số dự án,32
Đặc khu hành chính Hồng Công (TQ),Tổng vốn đăng ký (Triệu đô la Mỹ)(*),50.5859058
CHND Trung Hoa,Số dự án,44
CHND Trung Hoa,Tổng vốn đăng ký (Triệu đô la Mỹ)(*),45.0002835918182
Niu-di-lân,Số dự án,12
Niu-di-lân,Tổng vốn đăng ký (Triệu đô la Mỹ)(*),43.919313
Phi-li-pin,Số dự án,15
Phi-li-pin,Tổng vốn đăng ký (Triệu đô la Mỹ)(*),41.413426
Pháp,Số dự án,20
Pháp,Tổng vốn đăng ký (Triệu đô la Mỹ)(*),38.93741319
Vương quốc Anh,Số dự án,16
Vương quốc Anh,Tổng vốn đăng ký (Triệu đô la Mỹ)(*),37.6461735
Hàn Quốc,Số dự án,106
Hàn Quốc,Tổng vốn đăng ký (Triệu đô la Mỹ)(*),36.47047276
U-gan-đa,Số dự án,2
U-gan-đa,Tổng vốn đăng ký (Triệu đô la Mỹ)(*),35.5
Thái Lan,Số dự án,20
Thái Lan,Tổng vốn đăng ký (Triệu đô la Mỹ)(*),34.443487
Gibraltar (vùng lãnh thổ hại ngoại thuộc Vương quốc liên hiệp Anh và Bắc Ireland),Số dự án,1
Gibraltar (vùng lãnh thổ hại ngoại thuộc Vương quốc liên hiệp Anh và Bắc Ireland),Tổng vốn đăng ký (Triệu đô la Mỹ)(*),29.365261
Cộng hoà Công gô,Số dự án,1
Cộng hoà Công gô,Tổng vốn đăng ký (Triệu đô la Mỹ)(*),27.05
Nhật Bản,Số dự án,124
Nhật Bản,Tổng vốn đăng ký (Triệu đô la Mỹ)(*),20.4567986036814
Ai Cập,Số dự án,3
Ai Cập,Tổng vốn đăng ký (Triệu đô la Mỹ)(*),16.928664
Đông Timor - East Timor,Số dự án,1
Đông Timor - East Timor,Tổng vốn đăng ký (Triệu đô la Mỹ)(*),14.919294
Liên bang Bosna và Hercegovina - Bosnia and Herzegovina,Số dự án,1
Liên bang Bosna và Hercegovina - Bosnia and Herzegovina,Tổng vốn đăng ký (Triệu đô la Mỹ)(*),14.015118
Bỉ - Belgium,Số dự án,4
Bỉ - Belgium,Tổng vốn đăng ký (Triệu đô la Mỹ)(*),12.65628
Nam Phi,Số dự án,4
Nam Phi,Tổng vốn đăng ký (Triệu đô la Mỹ)(*),8.865
Đài Loan,Số dự án,27
Đài Loan,Tổng vốn đăng ký (Triệu đô la Mỹ)(*),7.07602665
Hung-ga-ry,Số dự án,2
Hung-ga-ry,Tổng vốn đăng ký (Triệu đô la Mỹ)(*),5.80878
U-dơ-bê-ki-xtan,Số dự án,5
U-dơ-bê-ki-xtan,Tổng vốn đăng ký (Triệu đô la Mỹ)(*),4.426348
Ba Lan,Số dự án,4
Ba Lan,Tổng vốn đăng ký (Triệu đô la Mỹ)(*),3.61527333
Ang-go-la,Số dự án,4
Ang-go-la,Tổng vốn đăng ký (Triệu đô la Mỹ)(*),2.98
Các Tiểu VQ Ả-rập Thống nhất,Số dự án,6
Các Tiểu VQ Ả-rập Thống nhất,Tổng vốn đăng ký (Triệu đô la Mỹ)(*),2.313741
Tát-gi-ki-xtan,Số dự án,2
Tát-gi-ki-xtan,Tổng vốn đăng ký (Triệu đô la Mỹ)(*),2.222
Cộng hòa U-crai-na,Số dự án,3
Cộng hòa U-crai-na,Tổng vốn đăng ký (Triệu đô la Mỹ)(*),1.906686
Cộng hòa Séc,Số dự án,4
Cộng hòa Séc,Tổng vốn đăng ký (Triệu đô la Mỹ)(*),1.5056
Ả Rập Xê Út,Số dự án,2
Ả Rập Xê Út,Tổng vốn đăng ký (Triệu đô la Mỹ)(*),1.439463
Cộng hòa Nhân dân Băng-la-dét,Số dự án,3
Cộng hòa Nhân dân Băng-la-dét,Tổng vốn đăng ký (Triệu đô la Mỹ)(*),1.4
Bru-nây,Số dự án,2
Bru-nây,Tổng vốn đăng ký (Triệu đô la Mỹ)(*),1.38897
Phần Lan,Số dự án,11
Phần Lan,Tổng vốn đăng ký (Triệu đô la Mỹ)(*),1.169716
Bờ Biển Ngà,Số dự án,1
Bờ Biển Ngà,Tổng vốn đăng ký (Triệu đô la Mỹ)(*),0.895
Bồ Đào Nha,Số dự án,1
Bồ Đào Nha,Tổng vốn đăng ký (Triệu đô la Mỹ)(*),0.856
Thổ Nhĩ Kỳ,Số dự án,1
Thổ Nhĩ Kỳ,Tổng vốn đăng ký (Triệu đô la Mỹ)(*),0.85
Cộng hòa Bê-la-rút,Số dự án,1
Cộng hòa Bê-la-rút,Tổng vốn đăng ký (Triệu đô la Mỹ)(*),0.816
Áo,Số dự án,2
Áo,Tổng vốn đăng ký (Triệu đô la Mỹ)(*),0.793399
Thụy Điển,Số dự án,3
Thụy Điển,Tổng vốn đăng ký (Triệu đô la Mỹ)(*),0.705623
