country,country_code,year,poverty_percent
Afghanistan,AFG,2019,47.1
Afghanistan,AFG,2016,54.5
Afghanistan,AFG,2011,38.3
Afghanistan,AFG,2007,33.7
Albania,ALB,2022,19.7
Albania,ALB,2021,20.6
Albania,ALB,2020,22.0
Albania,ALB,2019,21.8
Albania,ALB,2018,23.0
Albania,ALB,2017,23.4
Albania,ALB,2016,23.7
Albania,ALB,2012,14.3
Albania,ALB,2008,12.4
Albania,ALB,2005,18.5
Albania,ALB,2002,25.4
Algeria,DZA,2011,5.5
Algeria,DZA,1995,22.6
Algeria,DZA,1988,12.2
Angola,AGO,2018,32.3
Argentina,ARG,2024,38.1
Argentina,ARG,2023,41.7
Argentina,ARG,2022,39.2
Argentina,ARG,2021,37.3
Argentina,ARG,2020,42.0
Argentina,ARG,2019,35.5
Argentina,ARG,2018,32.0
Argentina,ARG,2017,25.7
Argentina,ARG,2016,30.3
Armenia,ARM,2024,21.7
Armenia,ARM,2021,26.5
Armenia,ARM,2020,27.0
Armenia,ARM,2019,26.4
Armenia,ARM,2018,23.5
Armenia,ARM,2017,25.7
Armenia,ARM,2016,29.4
Armenia,ARM,2015,29.8
Armenia,ARM,2014,30.0
Armenia,ARM,2013,32.0
Armenia,ARM,2012,32.4
Armenia,ARM,2011,35.0
Armenia,ARM,2010,35.8
Armenia,ARM,2009,34.1
Armenia,ARM,2008,27.6
Armenia,ARM,2007,26.4
Armenia,ARM,2006,30.2
Armenia,ARM,2005,40.1
Armenia,ARM,2004,53.5
Austria,AUT,2021,14.8
Austria,AUT,2020,14.7
Austria,AUT,2019,13.9
Austria,AUT,2018,13.3
Austria,AUT,2017,14.3
Austria,AUT,2016,14.4
Austria,AUT,2015,14.1
Austria,AUT,2014,13.9
Austria,AUT,2013,14.1
Austria,AUT,2012,14.4
Austria,AUT,2011,14.4
Austria,AUT,2010,14.5
Austria,AUT,2009,14.7
Austria,AUT,2008,14.5
Austria,AUT,2007,15.2
Austria,AUT,2006,12.0
Austria,AUT,2005,12.6
Austria,AUT,2004,12.6
Austria,AUT,2003,13.0
Austria,AUT,2002,13.2
Azerbaijan,AZE,2012,6.0
Azerbaijan,AZE,2011,7.6
Azerbaijan,AZE,2010,9.1
Azerbaijan,AZE,2009,10.9
Azerbaijan,AZE,2008,13.2
Azerbaijan,AZE,2007,15.8
Azerbaijan,AZE,2001,49.6
Bangladesh,BGD,2022,18.7
Barbados,BRB,2016,25.7
Belarus,BLR,2024,3.5
Belarus,BLR,2023,3.6
Belarus,BLR,2022,3.9
Belarus,BLR,2021,4.1
Belarus,BLR,2020,4.8
Belarus,BLR,2019,5.0
Belarus,BLR,2018,5.6
Belarus,BLR,2017,5.9
Belarus,BLR,2016,5.7
Belarus,BLR,2015,5.1
Belarus,BLR,2014,4.8
Belarus,BLR,2013,5.5
Belarus,BLR,2012,6.3
Belarus,BLR,2011,7.3
Belarus,BLR,2010,5.2
Belarus,BLR,2009,5.4
Belarus,BLR,2008,6.1
Belarus,BLR,2007,7.7
Belarus,BLR,2006,11.1
Belarus,BLR,2005,12.7
Belarus,BLR,2004,17.8
Belarus,BLR,2003,27.1
Belarus,BLR,2002,30.5
Belarus,BLR,2001,28.9
Belarus,BLR,2000,41.9
Belarus,BLR,1999,46.7
Belarus,BLR,1998,33.0
Belarus,BLR,1997,32.1
Belarus,BLR,1996,38.6
Belgium,BEL,2022,12.3
Belgium,BEL,2021,13.2
Belgium,BEL,2020,12.7
Belgium,BEL,2019,14.1
Belgium,BEL,2018,14.8
Belize,BLZ,2018,52.0
Belize,BLZ,2009,41.3
Belize,BLZ,2002,34.1
Benin,BEN,2021,36.2
Benin,BEN,2018,38.5
Bhutan,BTN,2022,12.4
Bolivia,BOL,2024,37.7
Bolivia,BOL,2023,36.5
Bolivia,BOL,2022,37.7
Bolivia,BOL,2021,36.4
Bolivia,BOL,2020,39.0
Bolivia,BOL,2019,37.2
Bolivia,BOL,2018,39.9
Bolivia,BOL,2017,42.2
Bolivia,BOL,2016,43.0
Bosnia and Herzegovina,BIH,2015,16.9
Bosnia and Herzegovina,BIH,2011,17.9
Bosnia and Herzegovina,BIH,2007,18.2
Bosnia and Herzegovina,BIH,2004,17.7
Botswana,BWA,2015,16.1
Botswana,BWA,2009,19.3
Botswana,BWA,2002,30.6
Botswana,BWA,1993,32.9
Botswana,BWA,1985,59.0
Bulgaria,BGR,2023,21.7
Bulgaria,BGR,2022,20.6
Bulgaria,BGR,2021,22.9
Bulgaria,BGR,2020,22.1
Bulgaria,BGR,2019,23.8
Bulgaria,BGR,2018,22.6
Bulgaria,BGR,2017,22.0
Bulgaria,BGR,2016,23.4
Bulgaria,BGR,2015,22.9
Burkina Faso,BFA,2021,43.2
Burkina Faso,BFA,2018,41.4
Burundi,BDI,2020,51.0
Cabo Verde,CPV,2023,24.8
Cabo Verde,CPV,2015,35.2
Cabo Verde,CPV,2007,45.4
Cabo Verde,CPV,2001,56.8
Cambodia,KHM,2012,17.7
Cambodia,KHM,2011,20.5
Cambodia,KHM,2010,22.1
Cambodia,KHM,2009,23.9
Cambodia,KHM,2008,34.0
Cambodia,KHM,2006,45.0
Cambodia,KHM,2003,50.2
Cambodia,KHM,1994,47.0
Cameroon,CMR,2021,37.7
Central African Republic,CAF,2021,68.8
Chad,TCD,2022,44.8
Chad,TCD,2018,42.3
Chile,CHL,2022,6.5
Chile,CHL,2020,10.7
Chile,CHL,2017,8.5
Chile,CHL,2015,11.2
Chile,CHL,2013,13.9
Chile,CHL,2011,21.7
Chile,CHL,2009,24.8
Chile,CHL,2006,28.7
Chile,CHL,2003,35.4
Chile,CHL,2000,36.0
Chile,CHL,1998,21.6
Chile,CHL,1996,23.2
Chile,CHL,1994,27.7
Chile,CHL,1992,32.8
Chile,CHL,1990,38.6
Chile,CHL,1987,45.1
China,CHN,2020,0.0
China,CHN,2019,0.6
China,CHN,2018,1.7
China,CHN,2017,3.1
China,CHN,2016,4.5
China,CHN,2015,5.7
China,CHN,2014,7.2
China,CHN,2013,8.5
China,CHN,2012,10.2
China,CHN,2011,12.7
China,CHN,2010,17.2
China,CHN,2005,30.2
China,CHN,2000,49.8
Colombia,COL,2024,31.8
Colombia,COL,2023,34.6
Colombia,COL,2022,36.6
Colombia,COL,2021,39.7
Colombia,COL,2020,43.1
Colombia,COL,2019,36.5
Colombia,COL,2018,35.5
Colombia,COL,2017,35.9
Colombia,COL,2016,36.8
Colombia,COL,2015,36.8
Colombia,COL,2014,37.0
Colombia,COL,2013,38.7
Colombia,COL,2012,41.0
"Congo, Dem. Rep.",COD,2020,56.2
"Congo, Rep.",COG,2011,40.9
"Congo, Rep.",COG,2005,50.7
Costa Rica,CRI,2025,17.1
Costa Rica,CRI,2024,20.3
Costa Rica,CRI,2023,24.4
Costa Rica,CRI,2022,25.5
Costa Rica,CRI,2021,26.2
Costa Rica,CRI,2020,30.0
Costa Rica,CRI,2019,23.9
Costa Rica,CRI,2018,22.9
Costa Rica,CRI,2017,22.1
Costa Rica,CRI,2016,22.9
Costa Rica,CRI,2015,23.6
Costa Rica,CRI,2014,24.6
Costa Rica,CRI,2013,23.3
Costa Rica,CRI,2012,23.5
Costa Rica,CRI,2011,24.8
Costa Rica,CRI,2010,24.2
Costa Rica,CRI,2009,18.5
Costa Rica,CRI,2008,17.7
Costa Rica,CRI,2007,16.7
Costa Rica,CRI,2006,20.2
Costa Rica,CRI,2005,21.2
Costa Rica,CRI,2004,21.7
Costa Rica,CRI,2003,18.5
Costa Rica,CRI,2002,20.6
Costa Rica,CRI,2001,20.3
Costa Rica,CRI,2000,20.6
Costa Rica,CRI,1999,20.6
Costa Rica,CRI,1998,19.7
Costa Rica,CRI,1997,20.7
Costa Rica,CRI,1996,21.5
Costa Rica,CRI,1995,20.4
Costa Rica,CRI,1994,20.0
Costa Rica,CRI,1993,23.2
Costa Rica,CRI,1992,29.4
Costa Rica,CRI,1991,31.9
Costa Rica,CRI,1990,27.1
Costa Rica,CRI,1989,28.3
Cote d'Ivoire,CIV,2021,37.5
Cote d'Ivoire,CIV,2018,39.5
Cote d'Ivoire,CIV,2015,44.4
Croatia,HRV,2024,20.3
Croatia,HRV,2023,20.3
Cyprus,CYP,2021,13.9
Cyprus,CYP,2020,13.8
Cyprus,CYP,2019,14.3
Cyprus,CYP,2018,14.7
Cyprus,CYP,2017,15.4
Cyprus,CYP,2016,15.7
Cyprus,CYP,2015,16.1
Cyprus,CYP,2014,16.2
Cyprus,CYP,2013,14.4
Cyprus,CYP,2012,15.3
Cyprus,CYP,2011,14.7
Cyprus,CYP,2010,14.8
Cyprus,CYP,2009,15.6
Cyprus,CYP,2008,15.8
Cyprus,CYP,2007,15.9
Cyprus,CYP,2006,15.5
Cyprus,CYP,2005,15.6
Cyprus,CYP,2004,16.1
Czechia,CZE,2021,10.2
Czechia,CZE,2020,8.6
Czechia,CZE,2019,9.5
Czechia,CZE,2018,10.1
Czechia,CZE,2017,9.6
Czechia,CZE,2016,9.1
Czechia,CZE,2015,9.7
Czechia,CZE,2014,9.7
Czechia,CZE,2013,9.7
Czechia,CZE,2012,8.6
Czechia,CZE,2011,9.6
Czechia,CZE,2010,9.8
Czechia,CZE,2009,9.0
Czechia,CZE,2008,8.6
Czechia,CZE,2007,9.0
Czechia,CZE,2006,9.6
Czechia,CZE,2005,9.9
Czechia,CZE,2004,10.4
Denmark,DNK,2021,12.4
Denmark,DNK,2020,12.3
Denmark,DNK,2019,12.1
Djibouti,DJI,2017,21.1
Dominican Republic,DOM,2025,17.3
Dominican Republic,DOM,2024,19.0
Dominican Republic,DOM,2023,23.0
Dominican Republic,DOM,2022,27.7
Dominican Republic,DOM,2021,30.7
Dominican Republic,DOM,2020,30.4
Dominican Republic,DOM,2019,25.8
Dominican Republic,DOM,2018,28.3
Dominican Republic,DOM,2017,31.2
Dominican Republic,DOM,2016,34.8
Ecuador,ECU,2025,21.4
Ecuador,ECU,2024,28.0
Ecuador,ECU,2023,26.0
Ecuador,ECU,2022,25.2
Ecuador,ECU,2021,27.7
Ecuador,ECU,2020,33.0
Ecuador,ECU,2019,25.0
Ecuador,ECU,2018,23.2
Ecuador,ECU,2017,21.5
Ecuador,ECU,2016,22.9
Ecuador,ECU,2015,23.3
Ecuador,ECU,2014,22.5
Ecuador,ECU,2013,25.6
Ecuador,ECU,2012,27.3
Ecuador,ECU,2011,28.6
Ecuador,ECU,2010,32.8
Ecuador,ECU,2009,36.0
Ecuador,ECU,2008,35.1
Ecuador,ECU,2007,36.7
Ecuador,ECU,2006,37.6
Ecuador,ECU,2005,42.2
Ecuador,ECU,2004,44.6
Ecuador,ECU,2003,49.9
Ecuador,ECU,2001,54.9
Ecuador,ECU,2000,64.4
"Egypt, Arab Rep.",EGY,2021,33.5
El Salvador,SLV,2023,27.2
El Salvador,SLV,2022,26.6
El Salvador,SLV,2021,24.6
El Salvador,SLV,2020,26.2
Equatorial Guinea,GNQ,2022,50.7
Estonia,EST,2022,22.5
Estonia,EST,2021,22.8
Estonia,EST,2020,20.6
Estonia,EST,2019,20.7
Estonia,EST,2018,21.7
Estonia,EST,2017,21.9
Estonia,EST,2016,21.0
Estonia,EST,2015,21.7
Estonia,EST,2014,21.6
Estonia,EST,2013,21.8
Estonia,EST,2012,18.6
Estonia,EST,2011,17.5
Estonia,EST,2010,17.5
Estonia,EST,2009,15.8
Estonia,EST,2008,19.7
Estonia,EST,2007,19.5
Estonia,EST,2006,19.4
Estonia,EST,2005,18.3
Estonia,EST,2004,18.3
Estonia,EST,2003,20.2
Eswatini,SWZ,2016,58.9
Eswatini,SWZ,2009,63.0
Eswatini,SWZ,2000,69.0
Ethiopia,ETH,2021,33.1
Ethiopia,ETH,2015,23.5
Ethiopia,ETH,2010,29.6
Ethiopia,ETH,2004,38.7
Ethiopia,ETH,1999,44.2
Ethiopia,ETH,1995,45.5
Fiji,FJI,2019,24.1
Finland,FIN,2022,12.2
Finland,FIN,2021,12.7
Finland,FIN,2020,10.8
Finland,FIN,2019,12.2
Finland,FIN,2018,11.6
Finland,FIN,2017,12.0
Finland,FIN,2016,11.5
Finland,FIN,2015,11.6
Finland,FIN,2014,12.4
Finland,FIN,2013,12.8
Finland,FIN,2012,11.8
Finland,FIN,2011,13.2
Finland,FIN,2010,13.7
Finland,FIN,2009,13.1
Finland,FIN,2008,13.8
Finland,FIN,2007,13.6
Finland,FIN,2006,13.0
Finland,FIN,2005,12.6
Finland,FIN,2004,11.7
Finland,FIN,2003,11.0
France,FRA,2021,15.6
Gabon,GAB,2017,33.4
"Gambia, The",GMB,2020,53.4
"Gambia, The",GMB,2015,48.6
"Gambia, The",GMB,2010,48.1
Georgia,GEO,2024,9.4
Georgia,GEO,2023,11.8
Georgia,GEO,2022,15.6
Georgia,GEO,2021,17.5
Georgia,GEO,2020,21.3
Georgia,GEO,2019,19.5
Georgia,GEO,2018,20.1
Georgia,GEO,2017,21.9
Georgia,GEO,2016,22.0
Georgia,GEO,2015,21.6
Georgia,GEO,2014,23.5
Georgia,GEO,2013,26.2
Georgia,GEO,2012,30.0
Georgia,GEO,2011,34.1
Georgia,GEO,2010,37.3
Georgia,GEO,2009,34.9
Georgia,GEO,2008,34.9
Georgia,GEO,2007,38.8
Georgia,GEO,2006,36.9
Georgia,GEO,2005,35.4
Georgia,GEO,2004,34.3
Germany,DEU,2021,14.8
Germany,DEU,2020,16.0
Germany,DEU,2019,16.1
Ghana,GHA,2016,23.4
Ghana,GHA,2012,24.2
Ghana,GHA,2005,31.9
Ghana,GHA,1998,39.5
Ghana,GHA,1991,51.7
Greece,GRC,2021,18.8
Greece,GRC,2020,19.6
Greece,GRC,2019,17.7
Greece,GRC,2018,17.9
Greece,GRC,2017,18.5
Greece,GRC,2016,20.2
Greece,GRC,2015,21.2
Greece,GRC,2014,21.4
Greece,GRC,2013,22.1
Greece,GRC,2012,23.1
Greece,GRC,2011,23.1
Greece,GRC,2010,21.4
Greece,GRC,2009,20.1
Greece,GRC,2008,19.7
Greece,GRC,2007,20.1
Greece,GRC,2006,20.3
Greece,GRC,2005,20.5
Greece,GRC,2004,19.6
Greece,GRC,2003,19.9
Greece,GRC,2002,20.7
Grenada,GRD,2018,25.0
Guatemala,GTM,2023,56.0
Guinea,GIN,2018,43.7
Guinea-Bissau,GNB,2021,50.5
Guinea-Bissau,GNB,2018,47.7
Guinea-Bissau,GNB,2010,48.7
Guinea-Bissau,GNB,2002,64.7
Guinea-Bissau,GNB,1993,58.5
Guinea-Bissau,GNB,1991,49.0
Haiti,HTI,2012,58.5
Haiti,HTI,2001,77.0
Haiti,HTI,2000,48.0
Haiti,HTI,1987,59.6
Honduras,HND,2025,60.1
Honduras,HND,2024,62.9
Honduras,HND,2023,64.1
Honduras,HND,2021,73.6
Hungary,HUN,2021,12.1
Hungary,HUN,2020,12.6
Hungary,HUN,2019,12.3
Hungary,HUN,2018,12.3
Hungary,HUN,2017,12.8
Hungary,HUN,2016,13.4
Hungary,HUN,2015,14.5
Hungary,HUN,2014,14.9
Hungary,HUN,2013,15.0
Hungary,HUN,2012,15.0
Hungary,HUN,2011,14.3
Hungary,HUN,2010,14.1
Hungary,HUN,2009,12.3
Hungary,HUN,2008,12.4
Hungary,HUN,2007,12.4
Hungary,HUN,2006,12.3
Hungary,HUN,2005,15.9
Hungary,HUN,2004,13.5
Iceland,ISL,2017,8.8
Iceland,ISL,2016,10.1
Iceland,ISL,2015,8.8
Iceland,ISL,2014,9.2
Iceland,ISL,2013,7.9
Iceland,ISL,2012,9.3
Iceland,ISL,2011,7.9
Iceland,ISL,2010,9.2
Iceland,ISL,2009,9.8
Iceland,ISL,2008,10.2
Iceland,ISL,2007,10.1
Iceland,ISL,2006,10.1
Iceland,ISL,2005,9.6
Iceland,ISL,2004,9.7
Iceland,ISL,2003,10.0
India,IND,2011,21.9
India,IND,2009,29.8
India,IND,2004,37.2
India,IND,1993,45.3
Indonesia,IDN,2024,9.0
Indonesia,IDN,2023,9.4
Indonesia,IDN,2022,9.5
Indonesia,IDN,2021,10.1
Indonesia,IDN,2020,9.8
Indonesia,IDN,2019,9.4
Indonesia,IDN,2018,9.8
Indonesia,IDN,2017,10.6
Indonesia,IDN,2016,10.9
Indonesia,IDN,2015,11.2
Indonesia,IDN,2014,11.3
Indonesia,IDN,2013,11.4
Indonesia,IDN,2012,12.0
Indonesia,IDN,2011,12.5
Indonesia,IDN,2010,13.3
Indonesia,IDN,2009,14.1
Indonesia,IDN,2008,15.4
Indonesia,IDN,2007,16.6
Indonesia,IDN,2006,17.8
Indonesia,IDN,2005,16.0
Indonesia,IDN,2004,16.7
Indonesia,IDN,2003,17.4
Indonesia,IDN,2002,18.2
Indonesia,IDN,2001,18.4
Indonesia,IDN,2000,19.1
Indonesia,IDN,1999,23.4
Indonesia,IDN,1996,17.5
Iraq,IRQ,2023,17.5
Ireland,IRL,2021,14.0
Ireland,IRL,2020,12.9
Ireland,IRL,2019,13.8
Italy,ITA,2021,20.1
Italy,ITA,2020,20.1
Italy,ITA,2019,20.0
Italy,ITA,2018,20.1
Italy,ITA,2017,20.3
Italy,ITA,2016,20.3
Italy,ITA,2015,20.6
Italy,ITA,2014,19.9
Italy,ITA,2013,19.4
Italy,ITA,2012,19.3
Italy,ITA,2011,19.5
Italy,ITA,2010,19.8
Italy,ITA,2009,18.7
Italy,ITA,2008,18.4
Italy,ITA,2007,18.9
Italy,ITA,2006,19.5
Italy,ITA,2005,19.3
Italy,ITA,2004,19.2
Italy,ITA,2003,18.9
Jamaica,JAM,2023,8.2
Jamaica,JAM,2021,16.7
Jamaica,JAM,2019,11.0
Jamaica,JAM,2018,12.6
Jamaica,JAM,2017,19.3
Jamaica,JAM,2016,17.1
Jamaica,JAM,2015,21.2
Jamaica,JAM,2014,20.0
Jamaica,JAM,2013,24.6
Jamaica,JAM,2012,19.9
Jordan,JOR,2018,15.7
Kazakhstan,KAZ,2024,5.0
Kazakhstan,KAZ,2023,5.2
Kazakhstan,KAZ,2022,5.2
Kazakhstan,KAZ,2021,5.2
Kazakhstan,KAZ,2020,5.3
Kazakhstan,KAZ,2019,4.3
Kazakhstan,KAZ,2018,4.3
Kenya,KEN,2022,39.8
Kenya,KEN,2021,38.6
Kenya,KEN,2020,42.9
Kenya,KEN,2015,36.1
Kenya,KEN,2005,46.8
Kenya,KEN,1997,52.3
Kenya,KEN,1994,40.3
Kenya,KEN,1992,57.2
Kiribati,KIR,2023,5.5
Kiribati,KIR,2019,21.9
Kosovo,XKX,2015,17.6
Kosovo,XKX,2014,21.1
Kosovo,XKX,2013,17.6
Kosovo,XKX,2012,22.9
Kyrgyz Republic,KGZ,2024,25.7
Kyrgyz Republic,KGZ,2023,29.8
Lao PDR,LAO,2024,15.0
Lao PDR,LAO,2018,18.3
Latvia,LVA,2022,22.5
Latvia,LVA,2021,22.5
Latvia,LVA,2020,23.4
Latvia,LVA,2019,21.6
Latvia,LVA,2018,22.9
Latvia,LVA,2017,23.3
Latvia,LVA,2016,22.1
Latvia,LVA,2015,21.8
Latvia,LVA,2014,22.5
Latvia,LVA,2013,21.2
Latvia,LVA,2012,19.4
Latvia,LVA,2011,19.2
Latvia,LVA,2010,19.0
Latvia,LVA,2009,20.9
Latvia,LVA,2008,26.4
Latvia,LVA,2007,25.9
Latvia,LVA,2006,21.2
Latvia,LVA,2005,23.5
Latvia,LVA,2004,19.4
Lebanon,LBN,2012,27.4
Lebanon,LBN,2011,27.4
Lebanon,LBN,2004,28.6
Lesotho,LSO,2017,49.7
Lesotho,LSO,2002,56.6
Lesotho,LSO,1994,66.6
Lesotho,LSO,1993,49.2
Lesotho,LSO,1986,46.8
Liberia,LBR,2016,50.9
Liberia,LBR,2014,54.1
Lithuania,LTU,2021,20.9
Lithuania,LTU,2020,20.0
Lithuania,LTU,2019,20.9
Lithuania,LTU,2018,20.6
Lithuania,LTU,2017,22.9
Lithuania,LTU,2016,22.9
Lithuania,LTU,2015,21.9
Lithuania,LTU,2014,22.2
Lithuania,LTU,2013,19.1
Lithuania,LTU,2012,20.6
Lithuania,LTU,2011,18.6
Lithuania,LTU,2010,19.2
Lithuania,LTU,2009,20.5
Lithuania,LTU,2008,20.3
Lithuania,LTU,2007,20.9
Lithuania,LTU,2006,19.1
Lithuania,LTU,2005,20.0
Lithuania,LTU,2004,20.5
Luxembourg,LUX,2021,17.3
Madagascar,MDG,2021,75.2
Malawi,MWI,2019,50.7
Malawi,MWI,2016,51.5
Malawi,MWI,2010,50.7
Malawi,MWI,2004,52.4
Malawi,MWI,1997,65.3
Malaysia,MYS,2023,5.1
Malaysia,MYS,2021,6.2
Malaysia,MYS,2019,8.4
Maldives,MDV,2019,5.4
Mali,MLI,2021,45.5
Mali,MLI,2018,42.1
Malta,MLT,2021,16.7
Malta,MLT,2020,16.9
Malta,MLT,2019,16.9
Malta,MLT,2018,17.1
Malta,MLT,2017,16.8
Malta,MLT,2016,16.7
Malta,MLT,2015,16.5
Malta,MLT,2014,16.6
Malta,MLT,2013,15.8
Malta,MLT,2012,15.8
Malta,MLT,2011,15.1
Malta,MLT,2010,15.6
Malta,MLT,2009,15.5
Malta,MLT,2008,14.9
Malta,MLT,2007,15.3
Malta,MLT,2006,15.1
Malta,MLT,2005,14.2
Malta,MLT,2004,14.3
Marshall Islands,MHL,2019,7.2
Mauritania,MRT,2019,31.8
Mauritania,MRT,2014,34.3
Mauritius,MUS,2023,8.4
Mauritius,MUS,2017,10.4
Mauritius,MUS,2012,7.9
Mexico,MEX,2024,29.6
Mexico,MEX,2022,36.3
Mexico,MEX,2020,43.9
Mexico,MEX,2018,41.9
Mexico,MEX,2016,43.2
"Micronesia, Fed. Sts.",FSM,2013,41.2
Moldova,MDA,2023,31.6
Moldova,MDA,2022,31.1
Moldova,MDA,2021,24.5
Moldova,MDA,2020,26.8
Moldova,MDA,2019,25.2
Mongolia,MNG,2022,27.1
Montenegro,MNE,2023,20.0
Montenegro,MNE,2022,20.1
Montenegro,MNE,2021,20.3
Montenegro,MNE,2020,21.2
Montenegro,MNE,2019,22.6
Montenegro,MNE,2018,24.5
Montenegro,MNE,2017,23.8
Montenegro,MNE,2016,23.6
Montenegro,MNE,2015,24.0
Montenegro,MNE,2014,24.4
Montenegro,MNE,2013,24.1
Montenegro,MNE,2012,25.2
Montenegro,MNE,2011,9.3
Montenegro,MNE,2010,6.6
Montenegro,MNE,2009,6.8
Montenegro,MNE,2008,4.9
Montenegro,MNE,2007,8.0
Montenegro,MNE,2006,11.3
Montenegro,MNE,2005,11.2
Morocco,MAR,2022,3.9
Morocco,MAR,2013,4.8
Morocco,MAR,2006,8.9
Morocco,MAR,2000,15.3
Morocco,MAR,1998,16.3
Mozambique,MOZ,2022,65.0
Mozambique,MOZ,2019,68.2
Mozambique,MOZ,2014,48.4
Mozambique,MOZ,2008,58.7
Mozambique,MOZ,2002,60.3
Mozambique,MOZ,1996,69.4
Myanmar,MMR,2017,24.8
Myanmar,MMR,2015,32.1
Myanmar,MMR,2010,42.2
Myanmar,MMR,2005,48.2
Namibia,NAM,2015,17.4
Namibia,NAM,2009,28.7
Namibia,NAM,2003,37.7
Namibia,NAM,1993,69.3
Nepal,NPL,2022,20.3
Netherlands,NLD,2021,14.5
Netherlands,NLD,2020,14.4
Netherlands,NLD,2019,13.4
Netherlands,NLD,2018,13.2
Netherlands,NLD,2017,13.3
Netherlands,NLD,2016,13.2
Netherlands,NLD,2015,12.7
Nicaragua,NIC,2016,24.9
Nicaragua,NIC,2014,29.6
Nicaragua,NIC,2009,42.5
Nicaragua,NIC,2005,48.3
Nicaragua,NIC,2001,45.8
Nicaragua,NIC,1998,47.9
Niger,NER,2021,41.2
Niger,NER,2018,40.8
Nigeria,NGA,2022,56.2
Nigeria,NGA,2018,40.1
North Macedonia,MKD,2023,21.9
North Macedonia,MKD,2022,22.2
North Macedonia,MKD,2021,22.9
North Macedonia,MKD,2020,23.0
North Macedonia,MKD,2019,21.8
North Macedonia,MKD,2018,21.6
North Macedonia,MKD,2017,21.9
North Macedonia,MKD,2016,22.2
North Macedonia,MKD,2015,21.9
North Macedonia,MKD,2014,21.5
North Macedonia,MKD,2013,22.1
North Macedonia,MKD,2012,24.2
North Macedonia,MKD,2011,26.2
North Macedonia,MKD,2010,26.8
North Macedonia,MKD,2009,27.0
North Macedonia,MKD,2006,19.0
North Macedonia,MKD,2005,20.4
North Macedonia,MKD,2004,18.5
North Macedonia,MKD,2003,19.2
North Macedonia,MKD,2002,19.1
Norway,NOR,2021,12.2
Norway,NOR,2020,12.6
Pakistan,PAK,2018,21.9
Pakistan,PAK,2015,24.3
Pakistan,PAK,2013,29.5
Pakistan,PAK,2011,36.3
Pakistan,PAK,2010,36.8
Pakistan,PAK,2007,44.1
Pakistan,PAK,2005,50.4
Pakistan,PAK,2004,51.7
Pakistan,PAK,2001,64.3
Palau,PLW,2006,24.9
Panama,PAN,2023,21.7
Panama,PAN,2022,22.2
Panama,PAN,2021,21.8
Panama,PAN,2019,21.5
Panama,PAN,2018,21.4
Panama,PAN,2017,20.7
Panama,PAN,2016,22.1
Panama,PAN,2015,23.0
Panama,PAN,2014,25.6
Panama,PAN,2013,25.8
Panama,PAN,2012,26.5
Panama,PAN,2011,27.6
Panama,PAN,2010,29.8
Panama,PAN,2009,33.4
Panama,PAN,2008,33.8
Panama,PAN,2007,36.5
Panama,PAN,2006,38.3
Panama,PAN,2005,36.6
Panama,PAN,2000,37.9
Papua New Guinea,PNG,2009,39.9
Papua New Guinea,PNG,1996,37.5
Paraguay,PRY,2024,20.1
Paraguay,PRY,2023,22.7
Paraguay,PRY,2022,25.5
Peru,PER,2024,27.6
Peru,PER,2023,29.0
Peru,PER,2022,27.5
Peru,PER,2021,25.9
Peru,PER,2020,30.1
Peru,PER,2019,20.2
Peru,PER,2018,20.5
Peru,PER,2017,21.7
Peru,PER,2016,20.7
Peru,PER,2015,21.8
Peru,PER,2014,22.7
Peru,PER,2013,23.9
Peru,PER,2012,25.8
Peru,PER,2011,27.8
Peru,PER,2010,30.8
Peru,PER,2009,33.5
Peru,PER,2008,37.3
Peru,PER,2007,42.4
Peru,PER,2006,49.2
Peru,PER,2005,55.6
Peru,PER,2004,58.7
Peru,PER,2003,52.3
Peru,PER,2002,54.3
Peru,PER,2001,54.8
Peru,PER,2000,48.4
Peru,PER,1999,47.5
Peru,PER,1998,42.4
Peru,PER,1997,42.7
Philippines,PHL,2023,15.5
Philippines,PHL,2021,18.1
Philippines,PHL,2018,16.7
Philippines,PHL,2015,23.5
Poland,POL,2024,13.3
Poland,POL,2023,12.2
Poland,POL,2022,11.7
Poland,POL,2021,12.1
Poland,POL,2020,11.8
Portugal,PRT,2021,16.4
Portugal,PRT,2020,18.4
Portugal,PRT,2019,16.2
Portugal,PRT,2018,17.2
Portugal,PRT,2017,17.3
Portugal,PRT,2016,18.3
Portugal,PRT,2015,19.0
Portugal,PRT,2014,19.5
Portugal,PRT,2013,19.5
Portugal,PRT,2012,18.7
Portugal,PRT,2011,17.9
Portugal,PRT,2010,18.0
Portugal,PRT,2009,17.9
Portugal,PRT,2008,17.9
Portugal,PRT,2007,18.5
Portugal,PRT,2006,18.1
Portugal,PRT,2005,18.5
Portugal,PRT,2004,19.4
Portugal,PRT,2003,20.4
Romania,ROU,2023,19.0
Romania,ROU,2022,21.1
Romania,ROU,2021,21.2
Romania,ROU,2020,22.5
Romania,ROU,2019,23.4
Romania,ROU,2018,23.8
Romania,ROU,2017,23.5
Romania,ROU,2016,23.6
Romania,ROU,2015,25.3
Romania,ROU,2014,25.4
Romania,ROU,2013,25.1
Romania,ROU,2012,23.0
Romania,ROU,2011,22.9
Romania,ROU,2010,22.3
Romania,ROU,2009,21.6
Romania,ROU,2008,22.1
Romania,ROU,2007,23.6
Romania,ROU,2006,24.6
Russian Federation,RUS,2024,7.2
Russian Federation,RUS,2023,8.3
Russian Federation,RUS,2022,9.0
Russian Federation,RUS,2021,11.1
Russian Federation,RUS,2020,12.2
Russian Federation,RUS,2019,12.4
Russian Federation,RUS,2018,12.7
Russian Federation,RUS,2017,13.0
Russian Federation,RUS,2016,13.3
Russian Federation,RUS,2015,13.5
Russian Federation,RUS,2014,11.3
Russian Federation,RUS,2013,10.8
Russian Federation,RUS,2012,10.8
Russian Federation,RUS,2011,12.7
Russian Federation,RUS,2010,12.5
Russian Federation,RUS,2009,13.0
Russian Federation,RUS,2008,13.4
Russian Federation,RUS,2007,13.3
Russian Federation,RUS,2006,15.2
Russian Federation,RUS,2005,17.8
Russian Federation,RUS,2004,17.6
Russian Federation,RUS,2003,20.3
Russian Federation,RUS,2002,24.6
Russian Federation,RUS,2001,27.5
Russian Federation,RUS,2000,29.0
Rwanda,RWA,2023,27.4
Samoa,WSM,2018,21.9
Samoa,WSM,2013,18.8
Samoa,WSM,2008,26.9
Samoa,WSM,2002,22.9
Sao Tome and Principe,STP,2017,55.5
Senegal,SEN,2021,37.5
Senegal,SEN,2018,37.8
Serbia,SRB,2023,19.7
Serbia,SRB,2022,19.9
Serbia,SRB,2021,20.2
Serbia,SRB,2020,21.4
Serbia,SRB,2019,22.4
Serbia,SRB,2018,23.0
Serbia,SRB,2017,24.3
Serbia,SRB,2016,25.7
Serbia,SRB,2015,25.9
Serbia,SRB,2014,26.7
Serbia,SRB,2013,25.0
Serbia,SRB,2012,24.5
Serbia,SRB,2010,9.2
Serbia,SRB,2009,6.9
Serbia,SRB,2008,6.1
Serbia,SRB,2007,6.6
Serbia,SRB,2006,9.0
Serbia,SRB,2004,14.6
Serbia,SRB,2002,14.0
Seychelles,SYC,2018,25.3
Seychelles,SYC,2013,39.3
Sierra Leone,SLE,2018,56.8
Sierra Leone,SLE,2011,62.4
Slovak Republic,SVK,2021,13.7
Slovak Republic,SVK,2020,12.3
Slovak Republic,SVK,2019,11.4
Slovak Republic,SVK,2018,11.9
Slovak Republic,SVK,2017,12.2
Slovak Republic,SVK,2016,12.4
Slovak Republic,SVK,2015,12.7
Slovak Republic,SVK,2014,12.3
Slovak Republic,SVK,2013,12.6
Slovak Republic,SVK,2012,12.8
Slovak Republic,SVK,2011,13.2
Slovak Republic,SVK,2010,13.0
Slovak Republic,SVK,2009,12.0
Slovak Republic,SVK,2008,11.0
Slovak Republic,SVK,2007,10.9
Slovak Republic,SVK,2006,10.6
Slovak Republic,SVK,2005,11.6
Slovak Republic,SVK,2004,13.3
Slovenia,SVN,2022,12.7
Slovenia,SVN,2021,12.1
Slovenia,SVN,2020,11.7
Slovenia,SVN,2019,12.4
Slovenia,SVN,2018,12.0
Slovenia,SVN,2017,13.3
Slovenia,SVN,2016,13.3
Slovenia,SVN,2015,13.9
Slovenia,SVN,2014,14.3
Slovenia,SVN,2013,14.5
Slovenia,SVN,2012,14.5
Slovenia,SVN,2011,13.5
Slovenia,SVN,2010,13.6
Slovenia,SVN,2009,12.7
Slovenia,SVN,2008,11.3
Slovenia,SVN,2007,12.3
Slovenia,SVN,2006,11.5
Slovenia,SVN,2005,11.6
Slovenia,SVN,2004,12.2
Solomon Islands,SLB,2012,12.7
"Somalia, Fed. Rep.",SOM,2022,55.4
South Africa,ZAF,2022,37.9
South Africa,ZAF,2014,46.7
South Africa,ZAF,2010,45.8
South Africa,ZAF,2008,55.7
South Africa,ZAF,2005,57.5
South Sudan,SSD,2016,82.3
Spain,ESP,2022,20.2
Spain,ESP,2021,20.4
Spain,ESP,2020,21.7
Spain,ESP,2019,21.0
Spain,ESP,2018,20.7
Spain,ESP,2017,21.5
Spain,ESP,2016,21.6
Spain,ESP,2015,22.3
Spain,ESP,2014,22.1
Spain,ESP,2013,22.2
Spain,ESP,2012,20.4
Spain,ESP,2011,20.8
Spain,ESP,2010,20.6
Spain,ESP,2009,20.7
Spain,ESP,2008,20.4
Spain,ESP,2007,19.8
Spain,ESP,2006,19.7
Spain,ESP,2005,20.3
Spain,ESP,2004,20.1
Spain,ESP,2003,20.1
Sri Lanka,LKA,2019,14.3
Sri Lanka,LKA,2016,16.0
Sri Lanka,LKA,2012,22.5
Sri Lanka,LKA,2009,28.4
Sri Lanka,LKA,2006,34.1
Sri Lanka,LKA,2002,46.8
Sri Lanka,LKA,1995,28.8
Sri Lanka,LKA,1990,26.1
St. Lucia,LCA,2015,25.0
Sudan,SDN,2009,46.5
Suriname,SUR,2022,17.6
Sweden,SWE,2022,16.1
Sweden,SWE,2021,16.0
Sweden,SWE,2020,15.7
Sweden,SWE,2019,16.1
Sweden,SWE,2018,17.1
Sweden,SWE,2017,16.4
Sweden,SWE,2016,15.8
Sweden,SWE,2015,16.2
Sweden,SWE,2014,16.3
Sweden,SWE,2013,15.6
Sweden,SWE,2012,16.0
Sweden,SWE,2011,15.2
Sweden,SWE,2010,15.4
Sweden,SWE,2009,14.8
Sweden,SWE,2008,14.4
Sweden,SWE,2007,13.5
Switzerland,CHE,2021,15.8
Switzerland,CHE,2020,14.7
Switzerland,CHE,2019,15.5
Switzerland,CHE,2018,16.0
Switzerland,CHE,2017,14.6
Switzerland,CHE,2016,15.5
Switzerland,CHE,2015,14.7
Switzerland,CHE,2014,15.6
Switzerland,CHE,2013,13.8
Switzerland,CHE,2012,14.5
Switzerland,CHE,2011,15.9
Switzerland,CHE,2010,15.0
Switzerland,CHE,2009,15.0
Switzerland,CHE,2008,15.6
Switzerland,CHE,2007,15.7
Switzerland,CHE,2006,15.0
Syrian Arab Republic,SYR,2006,35.2
Syrian Arab Republic,SYR,2003,30.1
Tajikistan,TJK,2024,19.8
Tajikistan,TJK,2023,20.4
Tajikistan,TJK,2022,21.7
Tajikistan,TJK,2021,25.6
Tanzania,TZA,2018,26.4
Tanzania,TZA,2011,28.2
Tanzania,TZA,2007,34.4
Tanzania,TZA,2000,35.6
Tanzania,TZA,1991,38.6
Thailand,THA,2022,5.4
Thailand,THA,2021,6.3
Thailand,THA,2020,6.8
Thailand,THA,2019,6.2
Thailand,THA,2018,9.9
Thailand,THA,2017,7.9
Thailand,THA,2016,8.6
Thailand,THA,2015,7.2
Thailand,THA,2014,10.5
Thailand,THA,2013,10.9
Thailand,THA,2012,12.6
Thailand,THA,2011,13.2
Thailand,THA,2010,16.4
Thailand,THA,2009,17.9
Thailand,THA,2008,20.4
Thailand,THA,2007,20.0
Thailand,THA,2006,21.9
Thailand,THA,2004,26.8
Thailand,THA,2002,32.4
Thailand,THA,2000,42.3
Thailand,THA,1998,38.6
Thailand,THA,1996,35.4
Thailand,THA,1994,42.5
Thailand,THA,1992,50.0
Thailand,THA,1990,58.0
Thailand,THA,1988,65.2
Timor-Leste,TLS,2014,41.8
Timor-Leste,TLS,2007,50.4
Timor-Leste,TLS,2001,36.3
Togo,TGO,2021,43.8
Togo,TGO,2018,45.5
Tonga,TON,2021,20.6
Tunisia,TUN,2021,16.6
Tunisia,TUN,2015,15.2
Tunisia,TUN,2010,20.5
Tunisia,TUN,2005,23.1
Tunisia,TUN,2000,25.4
Turkiye,TUR,2024,13.0
Turkiye,TUR,2023,13.6
Turkiye,TUR,2022,13.5
Turkiye,TUR,2021,14.4
Turkiye,TUR,2020,14.4
Turkiye,TUR,2019,15.0
Turkiye,TUR,2018,14.4
Turkiye,TUR,2017,13.9
Turkiye,TUR,2016,13.5
Turkiye,TUR,2015,14.3
Turkiye,TUR,2014,14.7
Turkiye,TUR,2013,15.0
Turkiye,TUR,2012,15.0
Turkiye,TUR,2011,16.3
Turkiye,TUR,2010,16.1
Turkiye,TUR,2009,16.9
Turkiye,TUR,2008,17.1
Turkiye,TUR,2007,16.7
Turkiye,TUR,2006,16.3
Turkiye,TUR,2005,18.5
Tuvalu,TUV,2010,26.3
Uganda,UGA,2023,16.1
Uganda,UGA,2019,20.3
Uganda,UGA,2016,21.4
Uganda,UGA,2012,19.7
Uganda,UGA,2009,24.5
Uganda,UGA,2005,31.1
Uganda,UGA,2002,38.8
Uganda,UGA,1999,33.8
Uganda,UGA,1996,44.4
Uganda,UGA,1992,56.4
Ukraine,UKR,2020,23.2
Ukraine,UKR,2019,23.1
Ukraine,UKR,2018,27.6
Ukraine,UKR,2017,34.9
Ukraine,UKR,2016,51.1
Ukraine,UKR,2015,51.9
United Kingdom,GBR,2017,18.6
United Kingdom,GBR,2016,17.0
Uruguay,URY,2024,17.3
Uruguay,URY,2023,19.7
Uruguay,URY,2022,9.9
Uzbekistan,UZB,2025,5.8
Uzbekistan,UZB,2024,8.9
Uzbekistan,UZB,2023,11.0
Uzbekistan,UZB,2022,14.1
Uzbekistan,UZB,2021,17.0
Uzbekistan,UZB,2013,14.1
Uzbekistan,UZB,2012,15.0
Uzbekistan,UZB,2011,16.0
Uzbekistan,UZB,2010,17.7
Uzbekistan,UZB,2005,25.8
Uzbekistan,UZB,2004,26.1
Uzbekistan,UZB,2003,27.2
Uzbekistan,UZB,2002,26.5
Uzbekistan,UZB,2001,27.5
Vanuatu,VUT,2019,15.9
"Venezuela, RB",VEN,2015,33.1
"Venezuela, RB",VEN,2014,29.5
"Venezuela, RB",VEN,2013,29.4
"Venezuela, RB",VEN,2012,27.2
"Venezuela, RB",VEN,2011,27.4
"Venezuela, RB",VEN,2010,26.8
"Venezuela, RB",VEN,2009,26.4
"Venezuela, RB",VEN,2008,27.7
"Venezuela, RB",VEN,2007,27.5
"Venezuela, RB",VEN,2006,33.1
"Venezuela, RB",VEN,2005,42.4
"Venezuela, RB",VEN,2004,53.1
"Venezuela, RB",VEN,2003,54.0
"Venezuela, RB",VEN,2002,41.1
"Venezuela, RB",VEN,2001,31.1
"Venezuela, RB",VEN,2000,41.6
"Venezuela, RB",VEN,1999,42.8
"Venezuela, RB",VEN,1998,49.0
"Venezuela, RB",VEN,1997,55.6
Viet Nam,VNM,2022,4.2
Viet Nam,VNM,2021,4.4
Viet Nam,VNM,2020,4.8
Viet Nam,VNM,2019,5.7
Viet Nam,VNM,2018,6.8
Viet Nam,VNM,2017,7.9
Viet Nam,VNM,2016,9.2
Viet Nam,VNM,2014,13.5
Viet Nam,VNM,2012,17.2
Viet Nam,VNM,2010,20.7
Viet Nam,VNM,2008,14.5
Viet Nam,VNM,2006,16.0
Viet Nam,VNM,2004,19.5
Viet Nam,VNM,2002,28.9
Viet Nam,VNM,1997,37.4
Viet Nam,VNM,1992,58.1
West Bank and Gaza,PSE,2023,32.8
West Bank and Gaza,PSE,2016,29.2
West Bank and Gaza,PSE,2011,25.8
West Bank and Gaza,PSE,2010,25.7
"Yemen, Rep.",YEM,2014,48.6
Zambia,ZMB,2022,60.0
Zambia,ZMB,2015,54.4
Zambia,ZMB,2010,57.0
Zimbabwe,ZWE,2019,38.3
Zimbabwe,ZWE,2017,30.4
Zimbabwe,ZWE,2011,22.5
Zimbabwe,ZWE,2001,32.2
